study,metadata_variant,endpoint,scope,method,sw1,logical_seconds,prediction_seconds,total_seconds,observed_pareto,lowest_observed_error
controlled,none,T2,six_main,M0,0.325006562,0.0293827726,0.00434414689,0.0337269195,True,False
controlled,none,T2,six_main,M1,0.193962401,0.0393450207,0.0111855563,0.050530577,True,False
controlled,none,T2,six_main,M2,0.272248443,846.448848,0.124111051,846.572959,False,False
controlled,none,T2,six_main,M3,0.10616809,177.68606,0.122413093,177.808474,True,True
controlled,none,T2,six_main,M4,0.117547921,177.660549,0.122349408,177.782898,True,False
controlled,none,T2,six_main,M5,0.13018013,174.965602,0.247153329,175.212756,True,False
controlled,none,T2,all_reported,M0,0.325006562,0.0293827726,0.00434414689,0.0337269195,True,False
controlled,none,T2,all_reported,M1,0.193962401,0.0393450207,0.0111855563,0.050530577,True,False
controlled,none,T2,all_reported,M2,0.272248443,846.448848,0.124111051,846.572959,False,False
controlled,none,T2,all_reported,M3,0.10616809,177.68606,0.122413093,177.808474,False,True
controlled,none,T2,all_reported,M4,0.117547921,177.660549,0.122349408,177.782898,False,False
controlled,none,T2,all_reported,M5,0.13018013,174.965602,0.247153329,175.212756,False,False
controlled,none,T2,all_reported,fixed,0.181820746,53.9207725,0.123031791,54.0438043,True,False
controlled,none,T2,all_reported,random,0.142133657,161.011603,0.123214973,161.134818,True,False
controlled,none,T2,all_reported,rho0,0.10616809,177.686019,0.122413093,177.808432,True,True
controlled,none,T2,all_reported,tau0,0.111262639,174.931494,0.22384523,175.155339,True,False
controlled,none,T2,all_reported,uniform,0.122221612,175.0527,0.375914833,175.428615,False,False
real,anonymous,T2,six_main,M0,2.71087337,0.00395377167,0.00359145924,0.00754523091,True,False
real,anonymous,T2,six_main,M1,0.0855734125,22.5431471,0.0129481032,22.5560952,True,True
real,anonymous,T2,six_main,M2,0.172341704,702.602064,0.1546959,702.75676,False,False
real,anonymous,T2,six_main,M3,0.134851247,231.175065,0.146869123,231.321934,False,False
real,anonymous,T2,six_main,M4,0.134851247,231.175047,0.146869123,231.321916,False,False
real,anonymous,T2,six_main,M5,0.145990953,228.938278,0.29659613,229.234874,False,False
real,anonymous,T2,all_reported,M0,2.71087337,0.00395377167,0.00359145924,0.00754523091,True,False
real,anonymous,T2,all_reported,M1,0.0855734125,22.5431471,0.0129481032,22.5560952,True,True
real,anonymous,T2,all_reported,M2,0.172341704,702.602064,0.1546959,702.75676,False,False
real,anonymous,T2,all_reported,M3,0.134851247,231.175065,0.146869123,231.321934,False,False
real,anonymous,T2,all_reported,M4,0.134851247,231.175047,0.146869123,231.321916,False,False
real,anonymous,T2,all_reported,M5,0.145990953,228.938278,0.29659613,229.234874,False,False
real,anonymous,T2,all_reported,fixed,0.146088257,102.481953,0.146798015,102.628751,False,False
real,anonymous,T2,all_reported,llm_edit,0.219696581,184.97333,0.149909595,185.12324,False,False
real,anonymous,T2,all_reported,random,0.134851247,220.081118,0.146869123,220.227987,False,False
real,anonymous,T2,all_reported,rho0,0.134851247,231.17505,0.146869123,231.321919,False,False
real,anonymous,T2,all_reported,tau0,0.138716072,228.925431,0.300978608,229.22641,False,False
real,anonymous,T2,all_reported,uniform,0.128826752,228.987891,0.448385613,229.436277,False,False
real,anonymous,T2_exploratory,six_main,M0,1.27834638,0.00395377167,0.00359145924,0.00754523091,True,False
real,anonymous,T2_exploratory,six_main,M1,0.130826776,22.5431471,0.0129481032,22.5560952,True,False
real,anonymous,T2_exploratory,six_main,M2,0.11432004,702.602064,0.1546959,702.75676,False,False
real,anonymous,T2_exploratory,six_main,M3,0.115376299,231.175065,0.146869123,231.321934,False,False
real,anonymous,T2_exploratory,six_main,M4,0.115376299,231.175047,0.146869123,231.321916,False,False
real,anonymous,T2_exploratory,six_main,M5,0.113104152,228.938278,0.29659613,229.234874,True,True
real,anonymous,T2_exploratory,all_reported,M0,1.27834638,0.00395377167,0.00359145924,0.00754523091,True,False
real,anonymous,T2_exploratory,all_reported,M1,0.130826776,22.5431471,0.0129481032,22.5560952,True,False
real,anonymous,T2_exploratory,all_reported,M2,0.11432004,702.602064,0.1546959,702.75676,False,False
real,anonymous,T2_exploratory,all_reported,M3,0.115376299,231.175065,0.146869123,231.321934,False,False
real,anonymous,T2_exploratory,all_reported,M4,0.115376299,231.175047,0.146869123,231.321916,False,False
real,anonymous,T2_exploratory,all_reported,M5,0.113104152,228.938278,0.29659613,229.234874,False,False
real,anonymous,T2_exploratory,all_reported,fixed,0.113103891,102.481953,0.146798015,102.628751,True,True
real,anonymous,T2_exploratory,all_reported,llm_edit,0.114318793,184.97333,0.149909595,185.12324,False,False
real,anonymous,T2_exploratory,all_reported,random,0.115376299,220.081118,0.146869123,220.227987,False,False
real,anonymous,T2_exploratory,all_reported,rho0,0.115376299,231.17505,0.146869123,231.321919,False,False
real,anonymous,T2_exploratory,all_reported,tau0,0.114248753,228.925431,0.300978608,229.22641,False,False
real,anonymous,T2_exploratory,all_reported,uniform,0.113932664,228.987891,0.448385613,229.436277,False,False
real,coherent,T2,six_main,M0,2.71087337,0.00395377167,0.00359145924,0.00754523091,True,False
real,coherent,T2,six_main,M1,0.0855734125,21.611362,0.0136641823,21.6250262,True,True
real,coherent,T2,six_main,M2,0.172341704,702.602064,0.1546959,702.75676,False,False
real,coherent,T2,six_main,M3,0.134851247,230.210845,0.146869123,230.357714,False,False
real,coherent,T2,six_main,M4,0.134851247,230.210818,0.146869123,230.357687,False,False
real,coherent,T2,six_main,M5,0.145990953,227.992419,0.29659613,228.289015,False,False
real,coherent,T2,all_reported,M0,2.71087337,0.00395377167,0.00359145924,0.00754523091,True,False
real,coherent,T2,all_reported,M1,0.0855734125,21.611362,0.0136641823,21.6250262,True,True
real,coherent,T2,all_reported,M2,0.172341704,702.602064,0.1546959,702.75676,False,False
real,coherent,T2,all_reported,M3,0.134851247,230.210845,0.146869123,230.357714,False,False
real,coherent,T2,all_reported,M4,0.134851247,230.210818,0.146869123,230.357687,False,False
real,coherent,T2,all_reported,M5,0.145990953,227.992419,0.29659613,228.289015,False,False
real,coherent,T2,all_reported,fixed,0.146088257,101.543926,0.146798015,101.690724,False,False
real,coherent,T2,all_reported,llm_edit,0.219696581,184.424749,0.149909595,184.574659,False,False
real,coherent,T2,all_reported,random,0.134851247,219.383259,0.146869123,219.530128,False,False
real,coherent,T2,all_reported,rho0,0.134851247,230.210824,0.146869123,230.357693,False,False
real,coherent,T2,all_reported,tau0,0.138716072,227.998644,0.300978608,228.299623,False,False
real,coherent,T2,all_reported,uniform,0.128826752,228.056253,0.448385613,228.504639,False,False
real,coherent,T2_exploratory,six_main,M0,1.27834638,0.00395377167,0.00359145924,0.00754523091,True,False
real,coherent,T2_exploratory,six_main,M1,0.130826776,21.611362,0.0136641823,21.6250262,True,False
real,coherent,T2_exploratory,six_main,M2,0.11432004,702.602064,0.1546959,702.75676,False,False
real,coherent,T2_exploratory,six_main,M3,0.115376299,230.210845,0.146869123,230.357714,False,False
real,coherent,T2_exploratory,six_main,M4,0.115376299,230.210818,0.146869123,230.357687,False,False
real,coherent,T2_exploratory,six_main,M5,0.113104152,227.992419,0.29659613,228.289015,True,True
real,coherent,T2_exploratory,all_reported,M0,1.27834638,0.00395377167,0.00359145924,0.00754523091,True,False
real,coherent,T2_exploratory,all_reported,M1,0.130826776,21.611362,0.0136641823,21.6250262,True,False
real,coherent,T2_exploratory,all_reported,M2,0.11432004,702.602064,0.1546959,702.75676,False,False
real,coherent,T2_exploratory,all_reported,M3,0.115376299,230.210845,0.146869123,230.357714,False,False
real,coherent,T2_exploratory,all_reported,M4,0.115376299,230.210818,0.146869123,230.357687,False,False
real,coherent,T2_exploratory,all_reported,M5,0.113104152,227.992419,0.29659613,228.289015,False,False
real,coherent,T2_exploratory,all_reported,fixed,0.113103891,101.543926,0.146798015,101.690724,True,True
real,coherent,T2_exploratory,all_reported,llm_edit,0.114318793,184.424749,0.149909595,184.574659,False,False
real,coherent,T2_exploratory,all_reported,random,0.115376299,219.383259,0.146869123,219.530128,False,False
real,coherent,T2_exploratory,all_reported,rho0,0.115376299,230.210824,0.146869123,230.357693,False,False
real,coherent,T2_exploratory,all_reported,tau0,0.114248753,227.998644,0.300978608,228.299623,False,False
real,coherent,T2_exploratory,all_reported,uniform,0.113932664,228.056253,0.448385613,228.504639,False,False
real,shuffled,T2,six_main,M0,2.71087337,0.00395377167,0.00359145924,0.00754523091,True,False
real,shuffled,T2,six_main,M1,0.0855734125,38.0451129,0.0129140168,38.0580269,True,True
real,shuffled,T2,six_main,M2,0.172341704,702.602064,0.1546959,702.75676,False,False
real,shuffled,T2,six_main,M3,0.134851247,246.972693,0.146869123,247.119562,False,False
real,shuffled,T2,six_main,M4,0.134851247,246.972663,0.146869123,247.119532,False,False
real,shuffled,T2,six_main,M5,0.145990953,244.499515,0.29659613,244.796111,False,False
real,shuffled,T2,all_reported,M0,2.71087337,0.00395377167,0.00359145924,0.00754523091,True,False
real,shuffled,T2,all_reported,M1,0.0855734125,38.0451129,0.0129140168,38.0580269,True,True
real,shuffled,T2,all_reported,M2,0.172341704,702.602064,0.1546959,702.75676,False,False
real,shuffled,T2,all_reported,M3,0.134851247,246.972693,0.146869123,247.119562,False,False
real,shuffled,T2,all_reported,M4,0.134851247,246.972663,0.146869123,247.119532,False,False
real,shuffled,T2,all_reported,M5,0.145990953,244.499515,0.29659613,244.796111,False,False
real,shuffled,T2,all_reported,fixed,0.146088257,117.983339,0.146798015,118.130137,False,False
real,shuffled,T2,all_reported,llm_edit,0.219696581,200.657247,0.149909595,200.807157,False,False
real,shuffled,T2,all_reported,random,0.134851247,235.578456,0.146869123,235.725325,False,False
real,shuffled,T2,all_reported,rho0,0.134851247,246.972661,0.146869123,247.11953,False,False
real,shuffled,T2,all_reported,tau0,0.138716072,244.486185,0.300978608,244.787164,False,False
real,shuffled,T2,all_reported,uniform,0.128826752,244.54869,0.448385613,244.997076,False,False
real,shuffled,T2_exploratory,six_main,M0,1.27834638,0.00395377167,0.00359145924,0.00754523091,True,False
real,shuffled,T2_exploratory,six_main,M1,0.130826776,38.0451129,0.0129140168,38.0580269,True,False
real,shuffled,T2_exploratory,six_main,M2,0.11432004,702.602064,0.1546959,702.75676,False,False
real,shuffled,T2_exploratory,six_main,M3,0.115376299,246.972693,0.146869123,247.119562,False,False
real,shuffled,T2_exploratory,six_main,M4,0.115376299,246.972663,0.146869123,247.119532,False,False
real,shuffled,T2_exploratory,six_main,M5,0.113104152,244.499515,0.29659613,244.796111,True,True
real,shuffled,T2_exploratory,all_reported,M0,1.27834638,0.00395377167,0.00359145924,0.00754523091,True,False
real,shuffled,T2_exploratory,all_reported,M1,0.130826776,38.0451129,0.0129140168,38.0580269,True,False
real,shuffled,T2_exploratory,all_reported,M2,0.11432004,702.602064,0.1546959,702.75676,False,False
real,shuffled,T2_exploratory,all_reported,M3,0.115376299,246.972693,0.146869123,247.119562,False,False
real,shuffled,T2_exploratory,all_reported,M4,0.115376299,246.972663,0.146869123,247.119532,False,False
real,shuffled,T2_exploratory,all_reported,M5,0.113104152,244.499515,0.29659613,244.796111,False,False
real,shuffled,T2_exploratory,all_reported,fixed,0.113103891,117.983339,0.146798015,118.130137,True,True
real,shuffled,T2_exploratory,all_reported,llm_edit,0.114318793,200.657247,0.149909595,200.807157,False,False
real,shuffled,T2_exploratory,all_reported,random,0.115376299,235.578456,0.146869123,235.725325,False,False
real,shuffled,T2_exploratory,all_reported,rho0,0.115376299,246.972661,0.146869123,247.11953,False,False
real,shuffled,T2_exploratory,all_reported,tau0,0.114248753,244.486185,0.300978608,244.787164,False,False
real,shuffled,T2_exploratory,all_reported,uniform,0.113932664,244.54869,0.448385613,244.997076,False,False
semantic,anonymous,T2,six_main,M0,0.110261224,0.0102154043,0.00275818184,0.0129735861,True,False
semantic,anonymous,T2,six_main,M1,0.100549895,19.3668336,0.00975661352,19.3765902,True,False
semantic,anonymous,T2,six_main,M2,0.0947348355,738.090643,0.118303182,738.208947,False,False
semantic,anonymous,T2,six_main,M3,0.119106993,118.284877,0.117362977,118.40224,False,False
semantic,anonymous,T2,six_main,M4,0.119106993,118.285001,0.117362977,118.402364,False,False
semantic,anonymous,T2,six_main,M5,0.0906154995,116.719282,0.214951576,116.934233,True,True
semantic,anonymous,T2,all_reported,M0,0.110261224,0.0102154043,0.00275818184,0.0129735861,True,False
semantic,anonymous,T2,all_reported,M1,0.100549895,19.3668336,0.00975661352,19.3765902,True,False
semantic,anonymous,T2,all_reported,M2,0.0947348355,738.090643,0.118303182,738.208947,False,False
semantic,anonymous,T2,all_reported,M3,0.119106993,118.284877,0.117362977,118.40224,False,False
semantic,anonymous,T2,all_reported,M4,0.119106993,118.285001,0.117362977,118.402364,False,False
semantic,anonymous,T2,all_reported,M5,0.0906154995,116.719282,0.214951576,116.934233,True,True
semantic,anonymous,T2,all_reported,fixed,0.0999056951,53.0294917,0.1188711,53.1483628,True,False
semantic,anonymous,T2,all_reported,llm_edit,0.110777605,153.064773,0.117748134,153.182521,False,False
semantic,anonymous,T2,all_reported,random,0.1155726,115.923478,0.117487644,116.040966,False,False
semantic,anonymous,T2,all_reported,rho0,0.119106993,118.284847,0.117362977,118.40221,False,False
semantic,anonymous,T2,all_reported,tau0,0.102069754,116.705394,0.14282241,116.848217,False,False
semantic,anonymous,T2,all_reported,uniform,0.093525309,116.761927,0.356013425,117.11794,False,False
semantic,coherent,T2,six_main,M0,0.110261224,0.0102154043,0.00275818184,0.0129735861,True,False
semantic,coherent,T2,six_main,M1,0.10155354,24.4226186,0.00972578675,24.4323444,True,False
semantic,coherent,T2,six_main,M2,0.0947348355,738.090643,0.118303182,738.208947,False,False
semantic,coherent,T2,six_main,M3,0.111664542,119.481603,0.117552454,119.599156,False,False
semantic,coherent,T2,six_main,M4,0.104708896,119.461571,0.117783708,119.579355,False,False
semantic,coherent,T2,six_main,M5,0.0925045991,117.920498,0.239578968,118.160077,True,True
semantic,coherent,T2,all_reported,M0,0.110261224,0.0102154043,0.00275818184,0.0129735861,True,False
semantic,coherent,T2,all_reported,M1,0.10155354,24.4226186,0.00972578675,24.4323444,True,False
semantic,coherent,T2,all_reported,M2,0.0947348355,738.090643,0.118303182,738.208947,False,False
semantic,coherent,T2,all_reported,M3,0.111664542,119.481603,0.117552454,119.599156,False,False
semantic,coherent,T2,all_reported,M4,0.104708896,119.461571,0.117783708,119.579355,False,False
semantic,coherent,T2,all_reported,M5,0.0925045991,117.920498,0.239578968,118.160077,True,True
semantic,coherent,T2,all_reported,fixed,0.0963893518,54.8703122,0.119231944,54.9895442,True,False
semantic,coherent,T2,all_reported,llm_edit,0.118084678,139.769639,0.119364023,139.889003,False,False
semantic,coherent,T2,all_reported,random,0.107419002,117.889485,0.117765117,118.00725,False,False
semantic,coherent,T2,all_reported,rho0,0.111664542,119.48157,0.117552454,119.599122,False,False
semantic,coherent,T2,all_reported,tau0,0.107686728,117.863621,0.143688401,118.007309,False,False
semantic,coherent,T2,all_reported,uniform,0.0929075842,117.95556,0.35482624,118.310386,False,False
semantic,shuffled,T2,six_main,M0,0.110261224,0.0102154043,0.00275818184,0.0129735861,True,False
semantic,shuffled,T2,six_main,M1,0.0947545885,47.0830196,0.00969196893,47.0927116,True,False
semantic,shuffled,T2,six_main,M2,0.0947348355,738.090643,0.118303182,738.208947,False,False
semantic,shuffled,T2,six_main,M3,0.125184248,149.027188,0.117320512,149.144509,False,False
semantic,shuffled,T2,six_main,M4,0.125184248,149.027446,0.117320512,149.144766,False,False
semantic,shuffled,T2,six_main,M5,0.0829578007,147.475705,0.216233458,147.691939,True,True
semantic,shuffled,T2,all_reported,M0,0.110261224,0.0102154043,0.00275818184,0.0129735861,True,False
semantic,shuffled,T2,all_reported,M1,0.0947545885,47.0830196,0.00969196893,47.0927116,True,False
semantic,shuffled,T2,all_reported,M2,0.0947348355,738.090643,0.118303182,738.208947,False,False
semantic,shuffled,T2,all_reported,M3,0.125184248,149.027188,0.117320512,149.144509,False,False
semantic,shuffled,T2,all_reported,M4,0.125184248,149.027446,0.117320512,149.144766,False,False
semantic,shuffled,T2,all_reported,M5,0.0829578007,147.475705,0.216233458,147.691939,True,True
semantic,shuffled,T2,all_reported,fixed,0.0980007852,81.1397146,0.119156205,81.2588708,False,False
semantic,shuffled,T2,all_reported,llm_edit,0.110440125,158.768739,0.118124245,158.886863,False,False
semantic,shuffled,T2,all_reported,random,0.117121168,136.768718,0.117553688,136.886271,False,False
semantic,shuffled,T2,all_reported,rho0,0.125184248,149.027161,0.117320512,149.144481,False,False
semantic,shuffled,T2,all_reported,tau0,0.0934817626,147.449413,0.142797625,147.592211,True,False
semantic,shuffled,T2,all_reported,uniform,0.0851948832,147.512982,0.359685108,147.872667,False,False
