axis,limit,policy,conditions,mean,low,high,independent_scms,achieved_updates,achieved_fit_seconds
fit_seconds,60.0,diagnostic,43,0.1606384021261905,0.12848338195994052,0.19460693016133926,14,2141.860465116279,51.45333758372092
fit_seconds,60.0,random,43,0.1678274166797619,0.13551632215181553,0.19987553182226178,14,2244.186046511628,53.73096203255814
fit_seconds,120.0,diagnostic,60,0.1430033079766667,0.12314664888579169,0.16481626341262498,15,4589.166666666667,111.35106081166667
fit_seconds,120.0,random,60,0.15773418305166667,0.1281456643447917,0.18685057727866666,15,4582.5,111.38781223499998
fit_seconds,180.0,diagnostic,60,0.10844602554833332,0.09454399605424998,0.12333278758591669,15,6407.5,156.44137347666668
fit_seconds,180.0,random,60,0.14499154898500002,0.11342849433595835,0.17565469016712493,15,6070.0,148.2965512016667
fit_seconds,240.0,diagnostic,60,0.10752939744333333,0.093161764907625,0.123125824455625,15,6880.833333333333,168.37143051
fit_seconds,240.0,random,60,0.14336695216166667,0.11187107153191665,0.17439349556358327,15,6235.0,152.3933458016667
fit_seconds,360.0,diagnostic,60,0.10616808982333334,0.09194987302579168,0.12212746725591662,15,6926.666666666667,169.50070087666666
fit_seconds,360.0,random,60,0.14213365699,0.11057073990679167,0.17341380833358336,15,6290.0,153.767260985
fitting_updates,4000.0,diagnostic,60,0.1556189412133334,0.12812323116899998,0.18323621247883332,15,3629.1666666666665,88.0859951
fitting_updates,4000.0,random,60,0.16542629718166674,0.13529265020291667,0.19511156743933336,15,3707.5,90.030013685
fitting_updates,6000.0,diagnostic,60,0.11912818425166664,0.10390483761441666,0.13565834117491662,15,5574.166666666667,136.01523995999997
fitting_updates,6000.0,random,60,0.15288908883333333,0.12533791261458332,0.1806720933557083,15,5382.5,131.418607735
fitting_updates,8000.0,diagnostic,60,0.10746576225166667,0.09305971865295831,0.12312423357583335,15,6647.5,162.5198672766667
fitting_updates,8000.0,random,60,0.14336695216166667,0.11187107153191665,0.17439349556358327,15,6174.166666666667,150.9432733516667
fitting_updates,10000.0,diagnostic,60,0.10752939744333333,0.093161764907625,0.123125824455625,15,6893.333333333333,168.65541347666667
fitting_updates,10000.0,random,60,0.14236016091166667,0.11079942696925,0.17360724983091663,15,6261.666666666667,153.043671635
fitting_updates,12000.0,diagnostic,60,0.10616808982333334,0.09194987302579168,0.12212746725591662,15,6926.666666666667,169.50070087666666
fitting_updates,12000.0,random,60,0.14213365699,0.11057073990679167,0.17341380833358336,15,6290.0,153.767260985
