data_id,study,family,d,seed,budget,converged,optimization_steps,h_normalized,h_raw,projected_edges,discovery_seconds,peak_vram_bytes,method
p2-main-linear-d5-s211001-B100,controlled,linear,5,211001,100,True,41700,9.53305989e-09,4.86850202e-07,0,915.163922,82562048,DCDI-DSF + common flows
p2-main-linear-d5-s211001-B400,controlled,linear,5,211001,400,True,35600,9.90525824e-09,5.05858248e-07,0,748.125914,82432000,DCDI-DSF + common flows
p2-main-linear-d5-s211002-B100,controlled,linear,5,211002,100,True,48200,9.7698194e-09,4.98941431e-07,0,958.068369,82871296,DCDI-DSF + common flows
p2-main-linear-d5-s211002-B400,controlled,linear,5,211002,400,True,47000,9.98810069e-09,5.10088984e-07,0,854.694712,82122752,DCDI-DSF + common flows
p2-main-linear-d5-s211003-B100,controlled,linear,5,211003,100,True,52300,9.10040911e-09,4.6475487e-07,0,910.788943,81943552,DCDI-DSF + common flows
p2-main-linear-d5-s211003-B400,controlled,linear,5,211003,400,True,42600,9.56164257e-09,4.8830991e-07,1,735.070469,82277376,DCDI-DSF + common flows
p2-main-linear-d5-s211004-B100,controlled,linear,5,211004,100,True,38900,9.78322683e-09,4.99626144e-07,0,639.079498,82098176,DCDI-DSF + common flows
p2-main-linear-d5-s211004-B400,controlled,linear,5,211004,400,True,41800,9.94739918e-09,5.08010372e-07,0,676.244269,82277376,DCDI-DSF + common flows
p2-main-linear-d5-s211005-B100,controlled,linear,5,211005,100,True,51000,9.90349787e-09,5.05768346e-07,0,869.903785,82098176,DCDI-DSF + common flows
p2-main-linear-d5-s211005-B400,controlled,linear,5,211005,400,True,46700,9.69753126e-09,4.952497e-07,0,844.044409,81968128,DCDI-DSF + common flows
p2-main-nonlinear-d5-s212001-B100,controlled,nonlinear,5,212001,100,True,49500,8.74310809e-09,4.46507626e-07,0,910.279916,82252800,DCDI-DSF + common flows
p2-main-nonlinear-d5-s212001-B400,controlled,nonlinear,5,212001,400,True,38400,9.73197406e-09,4.97008682e-07,0,621.939332,82432000,DCDI-DSF + common flows
p2-main-nonlinear-d5-s212002-B100,controlled,nonlinear,5,212002,100,False,60000,2.20127339e-08,1.12418301e-06,1,1025.79648,82098176,DCDI-DSF + common flows
p2-main-nonlinear-d5-s212002-B400,controlled,nonlinear,5,212002,400,True,47900,9.17657912e-09,4.68644847e-07,0,866.551804,82277376,DCDI-DSF + common flows
p2-main-nonlinear-d5-s212003-B100,controlled,nonlinear,5,212003,100,True,46900,9.80132984e-09,5.00550659e-07,0,818.763261,82252800,DCDI-DSF + common flows
p2-main-nonlinear-d5-s212003-B400,controlled,nonlinear,5,212003,400,True,37500,9.32983161e-09,4.76471401e-07,0,604.311917,81658880,DCDI-DSF + common flows
p2-main-nonlinear-d5-s212004-B100,controlled,nonlinear,5,212004,100,True,44600,9.95165933e-09,5.08227936e-07,0,732.214149,82252800,DCDI-DSF + common flows
p2-main-nonlinear-d5-s212004-B400,controlled,nonlinear,5,212004,400,True,37800,9.72981534e-09,4.96898437e-07,1,632.219371,81813504,DCDI-DSF + common flows
p2-main-nonlinear-d5-s212005-B100,controlled,nonlinear,5,212005,100,True,37900,9.99572019e-09,5.1047811e-07,0,749.782447,82252800,DCDI-DSF + common flows
p2-main-nonlinear-d5-s212005-B400,controlled,nonlinear,5,212005,400,True,44300,9.51896964e-09,4.86130618e-07,0,856.700844,82277376,DCDI-DSF + common flows
p2-main-heteroscedastic-d5-s213001-B100,controlled,heteroscedastic,5,213001,100,True,55800,9.92395122e-09,5.06812892e-07,0,988.685527,82098176,DCDI-DSF + common flows
p2-main-heteroscedastic-d5-s213001-B400,controlled,heteroscedastic,5,213001,400,True,43300,9.84721395e-09,5.02893945e-07,0,751.984442,82277376,DCDI-DSF + common flows
p2-main-heteroscedastic-d5-s213002-B100,controlled,heteroscedastic,5,213002,100,True,55300,9.52676499e-09,4.86528723e-07,0,1040.88991,82407424,DCDI-DSF + common flows
p2-main-heteroscedastic-d5-s213002-B400,controlled,heteroscedastic,5,213002,400,True,41500,9.56640645e-09,4.885532e-07,0,820.733773,82277376,DCDI-DSF + common flows
p2-main-heteroscedastic-d5-s213003-B100,controlled,heteroscedastic,5,213003,100,True,52500,9.91509738e-09,5.06360729e-07,0,873.199964,81943552,DCDI-DSF + common flows
p2-main-heteroscedastic-d5-s213003-B400,controlled,heteroscedastic,5,213003,400,True,41800,9.76233265e-09,4.98559086e-07,1,699.369497,82586624,DCDI-DSF + common flows
p2-main-heteroscedastic-d5-s213004-B100,controlled,heteroscedastic,5,213004,100,True,40000,9.94329378e-09,5.0780071e-07,0,675.822779,82098176,DCDI-DSF + common flows
p2-main-heteroscedastic-d5-s213004-B400,controlled,heteroscedastic,5,213004,400,True,35400,9.98101701e-09,5.09727223e-07,0,580.876796,82741248,DCDI-DSF + common flows
p2-main-heteroscedastic-d5-s213005-B100,controlled,heteroscedastic,5,213005,100,True,41700,9.76745372e-09,4.98820617e-07,0,684.762402,81788928,DCDI-DSF + common flows
p2-main-heteroscedastic-d5-s213005-B400,controlled,heteroscedastic,5,213005,400,True,40200,9.71848585e-09,4.96319844e-07,1,695.486664,82895872,DCDI-DSF + common flows
p2-main-heteroscedastic-d5-s241001-B100-semantic,semantic,heteroscedastic,5,241001,100,True,44100,9.94563395e-09,1.08025624e-08,0,888.317245,81943552,DCDI-DSF + common flows
p2-main-heteroscedastic-d5-s241002-B100-semantic,semantic,heteroscedastic,5,241002,100,True,41900,8.7861101e-09,9.54313251e-09,0,723.384164,82098176,DCDI-DSF + common flows
p2-main-heteroscedastic-d5-s241003-B100-semantic,semantic,heteroscedastic,5,241003,100,True,41700,9.24082755e-09,1.0037029e-08,0,668.357253,82252800,DCDI-DSF + common flows
p2-main-heteroscedastic-d5-s241004-B100-semantic,semantic,heteroscedastic,5,241004,100,True,37200,9.96146179e-09,1.0819754e-08,0,551.122462,82252800,DCDI-DSF + common flows
p2-main-heteroscedastic-d5-s241005-B100-semantic,semantic,heteroscedastic,5,241005,100,True,41400,9.90367989e-09,1.07569935e-08,0,705.825127,82252800,DCDI-DSF + common flows
p2-chambers-B400,real,real,6,244001,400,True,34700,9.78542741e-09,1.06285523e-08,1,623.870001,89644544,DCDI-DSF + common flows
