budget,corruption,method,mean,low,high,independent_scms
100,0.2,M0,0.325006562,0.290464489,0.358741721,15
100,0.5,M0,0.325006562,0.290464489,0.358741721,15
100,0.2,M1,0.152119119,0.114348601,0.185681664,15
100,0.5,M1,0.240828588,0.20299435,0.28065226,15
100,0.2,M2,0.281139131,0.240125983,0.329598544,15
100,0.5,M2,0.281139131,0.240125983,0.329598544,15
100,0.2,M3,0.123823809,0.0956457212,0.157334347,15
100,0.5,M3,0.144315435,0.108726275,0.186662828,15
100,0.2,M4,0.124906729,0.0966867635,0.158106112,15
100,0.5,M4,0.184204687,0.142595671,0.233091533,15
100,0.2,M5,0.115756426,0.0905026159,0.141700629,15
100,0.5,M5,0.180574178,0.147043933,0.217949601,15
400,0.2,M0,0.325006562,0.290464489,0.358741721,15
400,0.5,M0,0.325006562,0.290464489,0.358741721,15
400,0.2,M1,0.143222327,0.107652968,0.175467769,15
400,0.5,M1,0.23967957,0.197656009,0.282914368,15
400,0.2,M2,0.263357755,0.197187865,0.340978736,15
400,0.5,M2,0.263357755,0.197187865,0.340978736,15
400,0.2,M3,0.0737369584,0.0678016198,0.0793680331,15
400,0.5,M3,0.0827961563,0.0730050619,0.0935737803,15
400,0.2,M4,0.0723243187,0.0667830267,0.0774484025,15
400,0.5,M4,0.088755948,0.0765755799,0.102221271,15
400,0.2,M5,0.0901145995,0.0718054359,0.10992707,15
400,0.5,M5,0.134275317,0.116013987,0.155273333,15
