task_id,study,seed,metadata_variant,candidate_count,accepted_changes,cycles,duplicate_graphs,invalid_nodes,malformed_output,score_rejections,valid_new_edits,valid_no_change,raw_queries_verified,evaluated_new_candidates,validated_unique_proposals_within_round,repeated_valid_proposals_across_retry,valid_unique_proposals_not_evaluated
p2-main-heteroscedastic-d5-s241001-B100-semantic-c-1-coherent,semantic,241001,coherent,6,0,0,0,0,0,4,4,0,2,4,4,0,0
p2-main-heteroscedastic-d5-s241001-B100-semantic-c-1-anonymous,semantic,241001,anonymous,10,2,0,0,0,0,6,8,0,4,8,8,0,0
p2-main-heteroscedastic-d5-s241001-B100-semantic-c-1-shuffled,semantic,241001,shuffled,9,2,0,0,0,0,6,8,0,4,8,8,0,0
p2-main-heteroscedastic-d5-s241002-B100-semantic-c-1-coherent,semantic,241002,coherent,11,2,0,0,0,0,6,8,0,4,8,8,0,0
p2-main-heteroscedastic-d5-s241002-B100-semantic-c-1-anonymous,semantic,241002,anonymous,10,1,0,0,0,0,7,8,0,4,8,8,0,0
p2-main-heteroscedastic-d5-s241002-B100-semantic-c-1-shuffled,semantic,241002,shuffled,9,2,0,0,0,0,6,8,0,4,8,8,0,0
p2-main-heteroscedastic-d5-s241003-B100-semantic-c-1-coherent,semantic,241003,coherent,7,0,0,0,0,0,4,4,0,2,4,4,0,0
p2-main-heteroscedastic-d5-s241003-B100-semantic-c-1-anonymous,semantic,241003,anonymous,10,2,0,0,0,0,6,8,0,4,8,8,0,0
p2-main-heteroscedastic-d5-s241003-B100-semantic-c-1-shuffled,semantic,241003,shuffled,5,0,0,0,0,0,4,4,0,2,4,4,0,0
p2-main-heteroscedastic-d5-s241004-B100-semantic-c-1-coherent,semantic,241004,coherent,11,2,0,0,0,0,6,8,0,4,8,8,0,0
p2-main-heteroscedastic-d5-s241004-B100-semantic-c-1-anonymous,semantic,241004,anonymous,10,2,0,0,0,0,6,8,0,4,8,8,0,0
p2-main-heteroscedastic-d5-s241004-B100-semantic-c-1-shuffled,semantic,241004,shuffled,5,0,0,0,0,0,4,4,0,2,4,4,0,0
p2-main-heteroscedastic-d5-s241005-B100-semantic-c-1-coherent,semantic,241005,coherent,11,2,0,0,0,0,6,8,0,4,8,8,0,0
p2-main-heteroscedastic-d5-s241005-B100-semantic-c-1-anonymous,semantic,241005,anonymous,10,3,0,0,0,0,5,8,0,4,8,8,0,0
p2-main-heteroscedastic-d5-s241005-B100-semantic-c-1-shuffled,semantic,241005,shuffled,9,2,0,0,0,0,6,8,0,4,8,8,0,0
p2-chambers-B400-c-1-coherent,real,244001,coherent,7,1,0,0,0,0,5,6,0,3,6,6,0,0
p2-chambers-B400-c-1-anonymous,real,244001,anonymous,7,1,0,0,0,0,5,6,0,3,6,6,0,0
p2-chambers-B400-c-1-shuffled,real,244001,shuffled,7,1,0,0,0,0,5,6,0,3,6,6,0,0
