data_id,study,family,d,seed,budget,partition,reference_rows,targeted_rows,counted_intervention_rows,partition_sha256
p2-main-linear-d5-s211001-B100,controlled,linear,5,211001,100,audit,512,30,30,da7742cefbaee66b3579c33d3f605905a1f056b1db97c9e20c14772a469f5685
p2-main-linear-d5-s211001-B100,controlled,linear,5,211001,100,calibration,512,30,30,d3a3d8540a2bc90a0d905d8e02a5ff6998fc3ae4b3c3df8e9a242f3ec01790dd
p2-main-linear-d5-s211001-B100,controlled,linear,5,211001,100,early,1024,30,30,8c57cd1b81a1bc2fe37176352d38e74f28b786b5fae52d865efcdd7873dc99a6
p2-main-linear-d5-s211001-B100,controlled,linear,5,211001,100,fit,4096,150,150,32b33d021c1a1eb8af4e12d3fcbf2d87ab40f772866f8181dc6fbff196908cc7
p2-main-linear-d5-s211001-B100,controlled,linear,5,211001,100,search,1024,60,60,f160198c929e0ae43de0c9ee61ed81bf3ca9f38991797a5a70226e60768a876f
p2-main-linear-d5-s211001-B400,controlled,linear,5,211001,400,audit,512,120,120,2ec03793409096df502cfb271914ec69eb28739191113471ab39270e466496dc
p2-main-linear-d5-s211001-B400,controlled,linear,5,211001,400,calibration,512,120,120,3ddd2e8d4c3e00e483071dcdd0755f09504a961c55e1ac634099746511e30802
p2-main-linear-d5-s211001-B400,controlled,linear,5,211001,400,early,1024,120,120,7738fa20018b75354bd481ebd4458c1bcde34953cfa0f05bc1f16b5b16c8a43a
p2-main-linear-d5-s211001-B400,controlled,linear,5,211001,400,fit,4096,600,600,14249ff4400a54cab362aeb84883ba7da89eeb0fb34b82c9f441e30fb6e9ea84
p2-main-linear-d5-s211001-B400,controlled,linear,5,211001,400,search,1024,240,240,3d3d5871b038f494a2629f838761b3a52da24f20307161707a9a49c6be79bed1
p2-main-linear-d5-s211002-B100,controlled,linear,5,211002,100,audit,512,30,30,c15e982d74b6d3f66222d8d3e456c92dbf9849dd4a81a19a5cc0eaf519257f98
p2-main-linear-d5-s211002-B100,controlled,linear,5,211002,100,calibration,512,30,30,0d36d4e7386f5e08c4aef205003024b37e906b7d42d862cf591fd542d5b099dc
p2-main-linear-d5-s211002-B100,controlled,linear,5,211002,100,early,1024,30,30,8ab2083cfc1ea4ba6977938a1f8984fb3f57b127c9209fab056bbc01643432bb
p2-main-linear-d5-s211002-B100,controlled,linear,5,211002,100,fit,4096,150,150,dd4f01b6563c15837e0cc97c1100dcc6ef0c3999e1ba1680bf7aa2bb2a38b152
p2-main-linear-d5-s211002-B100,controlled,linear,5,211002,100,search,1024,60,60,ad6a25b3b2c1ce91a834c788898ea6ec5ad0baa016357ea1521b77553c6d59ff
p2-main-linear-d5-s211002-B400,controlled,linear,5,211002,400,audit,512,120,120,2733e4baa920bfea621ee72205580802cf2f9653ad1a59922394fb419124e997
p2-main-linear-d5-s211002-B400,controlled,linear,5,211002,400,calibration,512,120,120,9d912346d2941c609f0fdf22472ae21f82f1e2d0b029d0e5ebf682dfc9c39554
p2-main-linear-d5-s211002-B400,controlled,linear,5,211002,400,early,1024,120,120,b753c239780d3e28be2d77115a7ab4780cb842d5ee1f1858f7eecd0bfc564265
p2-main-linear-d5-s211002-B400,controlled,linear,5,211002,400,fit,4096,600,600,2cf63d1d08a8ca7f4f661dbb9c69acccc699e2c3cd592af505bb72e235856716
p2-main-linear-d5-s211002-B400,controlled,linear,5,211002,400,search,1024,240,240,05b7b46e59ee5868536ca940bb8731e2c76c16251d7c1379a4ace60fa4dadff4
p2-main-linear-d5-s211003-B100,controlled,linear,5,211003,100,audit,512,30,30,b95c63f803b585190d863efe9ca42f777b9e2bc54c77dfff4a6312eb43ca83d5
p2-main-linear-d5-s211003-B100,controlled,linear,5,211003,100,calibration,512,30,30,64fffc120559914ccdb049e9f8059fe03b892b36f05ca01eb4f6f236465b2f8c
p2-main-linear-d5-s211003-B100,controlled,linear,5,211003,100,early,1024,30,30,2cc46918e96d910fb6ae176d59b989f1b2949c19925bbfc069c179e71bcbf357
p2-main-linear-d5-s211003-B100,controlled,linear,5,211003,100,fit,4096,150,150,132ffe1951591b0a64e64aaa571a2d5735fa1d25d23e5282215f8b846d9ac9fe
p2-main-linear-d5-s211003-B100,controlled,linear,5,211003,100,search,1024,60,60,ea9dbbfb75197a860b118a8c05ba6aa8277f87dda2b9032bc0488d91460a04b9
p2-main-linear-d5-s211003-B400,controlled,linear,5,211003,400,audit,512,120,120,f058696a25a9dfc7d31f0f4650f383e1b30f38ad653196fc38ff788667a9a2e4
p2-main-linear-d5-s211003-B400,controlled,linear,5,211003,400,calibration,512,120,120,f82efcb20ba7ad880e68ec96038926f3f17da7370a68043d098ea67cd4d9b294
p2-main-linear-d5-s211003-B400,controlled,linear,5,211003,400,early,1024,120,120,84dab1aa2d54cf1996c7d5cb2dbc497a80f435486eb42843fe67475540425e7a
p2-main-linear-d5-s211003-B400,controlled,linear,5,211003,400,fit,4096,600,600,49e42b67d5d04e1e4ec9c21935b4616710913cbedfe94caad12429bbaa84ffc1
p2-main-linear-d5-s211003-B400,controlled,linear,5,211003,400,search,1024,240,240,73af556bfb807ef0e916827ef09399b0ead6df487f3436f9c685ba79cf066db6
p2-main-linear-d5-s211004-B100,controlled,linear,5,211004,100,audit,512,30,30,cf2ba01d8472b5ff98c2b4d2432f8240651185845b795c26639ab50db35eb11d
p2-main-linear-d5-s211004-B100,controlled,linear,5,211004,100,calibration,512,30,30,98dee5b701c539756598e09de23e7570fa7b1bcebd37ce8beaa027534b5dda94
p2-main-linear-d5-s211004-B100,controlled,linear,5,211004,100,early,1024,30,30,4fe074747e1415abf4b550d21ad5d452ae4e4fbd6eb31de652d9078b9c7140c8
p2-main-linear-d5-s211004-B100,controlled,linear,5,211004,100,fit,4096,150,150,1513f9a9b28fbd2731e46fc3bc298fba68ffd5d3200b33f337815fab4139e488
p2-main-linear-d5-s211004-B100,controlled,linear,5,211004,100,search,1024,60,60,81b4bba7bda33f2590b5e8529a1bec9b32d0626831076228519c9692bbffa402
p2-main-linear-d5-s211004-B400,controlled,linear,5,211004,400,audit,512,120,120,067352bf56b0bf43417e5a3d9ba88c587df88ee3ce17655263fd3a7441628d68
p2-main-linear-d5-s211004-B400,controlled,linear,5,211004,400,calibration,512,120,120,237066d6161a0df7bef13459d0ddb62f9c43c41d72621702aa68da622f3c2335
p2-main-linear-d5-s211004-B400,controlled,linear,5,211004,400,early,1024,120,120,b0609ddfe13500c9314aa9ddafcf1f7003aeee2af535feeeaf634435ef716d3b
p2-main-linear-d5-s211004-B400,controlled,linear,5,211004,400,fit,4096,600,600,ca2b24f5d49f8329222819ed4c2b3dd619436d02a3fa76fca51691c6faeafb64
p2-main-linear-d5-s211004-B400,controlled,linear,5,211004,400,search,1024,240,240,bc29761cce93d8ccb2d89b1cc9d23a8b051081724c472f5ad0758e9bbd751430
p2-main-linear-d5-s211005-B100,controlled,linear,5,211005,100,audit,512,30,30,69f13d3a9e7a9f0c867365759b3d5ab8693b8883f4e50ed90151a56646062032
p2-main-linear-d5-s211005-B100,controlled,linear,5,211005,100,calibration,512,30,30,f410a8ac4de824650d5cabd7c5d0e22b946ee5b4ba7b221a56b8c0b09935ab47
p2-main-linear-d5-s211005-B100,controlled,linear,5,211005,100,early,1024,30,30,d4f2e58647660142ecee6d9c290137ac5453bf495f57fe4732806f2c5d3bce77
p2-main-linear-d5-s211005-B100,controlled,linear,5,211005,100,fit,4096,150,150,8f41523f8d647f9e6906c0f67a6a59762ad9ea0c45c640397537da3e7a92ea7b
p2-main-linear-d5-s211005-B100,controlled,linear,5,211005,100,search,1024,60,60,19c61b380462e57396c361916e1615cda6b76b6a9459185b8522c5be4737a548
p2-main-linear-d5-s211005-B400,controlled,linear,5,211005,400,audit,512,120,120,42b439ff76af21e5912bf085bec2335b7f49002764c8476f0e243922a6797e99
p2-main-linear-d5-s211005-B400,controlled,linear,5,211005,400,calibration,512,120,120,69f3c82395cc9245889d686d1286ee6a22e7c88fa62497740a228c8429509f41
p2-main-linear-d5-s211005-B400,controlled,linear,5,211005,400,early,1024,120,120,1ce1810c1011b8b6443d701f81aab34ede35a75ef2e97971a2180ab803f1f6b6
p2-main-linear-d5-s211005-B400,controlled,linear,5,211005,400,fit,4096,600,600,fe7b7554d76482fe43a47c8a3264e67acb4019e1797485043fe23f854ce12733
p2-main-linear-d5-s211005-B400,controlled,linear,5,211005,400,search,1024,240,240,a92707ea03006686de3f70fcfb7c178d2e29728aa918977a2d8f216b140f0a67
p2-main-nonlinear-d5-s212001-B100,controlled,nonlinear,5,212001,100,audit,512,30,30,60dba20ac49a8ad663936120d7d211ef6885043655784345415f23e67ce33939
p2-main-nonlinear-d5-s212001-B100,controlled,nonlinear,5,212001,100,calibration,512,30,30,5ce74ecc189c63fc8c6a0db5b605df3fb41ff118aed867ed2808d48ade375c7c
p2-main-nonlinear-d5-s212001-B100,controlled,nonlinear,5,212001,100,early,1024,30,30,c2d5dd7a72b0994f6c18527abd3260359fd7a4ed29eebf343c34f430bc546624
p2-main-nonlinear-d5-s212001-B100,controlled,nonlinear,5,212001,100,fit,4096,150,150,c94379ed983c41a0e9fc93bb07b69900014d49b3fe67a63d9b7e38f50becdcb0
p2-main-nonlinear-d5-s212001-B100,controlled,nonlinear,5,212001,100,search,1024,60,60,e5e9bba17253ecfc9b5146a9a3c8e6eddac937cfaf7d19fcf4debb9a48dfa9a3
p2-main-nonlinear-d5-s212001-B400,controlled,nonlinear,5,212001,400,audit,512,120,120,43c4a35e0f02aae604d3686e17e8fbc7f77cbab80fe837bd5219b0030f813db6
p2-main-nonlinear-d5-s212001-B400,controlled,nonlinear,5,212001,400,calibration,512,120,120,89c0ee18910fb5b4f0c985185443cc2be2312bf685063be8bdbbecdef4a0f06f
p2-main-nonlinear-d5-s212001-B400,controlled,nonlinear,5,212001,400,early,1024,120,120,a9bf1eebe0d9b29bcb04cdea0a1639752ce102bd547c268a24a83f4233a588b4
p2-main-nonlinear-d5-s212001-B400,controlled,nonlinear,5,212001,400,fit,4096,600,600,7b7a8e153934c39a17af0dc32b0e50d9441fff702bf7106b5c4f53d77a02947d
p2-main-nonlinear-d5-s212001-B400,controlled,nonlinear,5,212001,400,search,1024,240,240,ab7bab4a463174c655e8340f7df1976b82dc73e0206262bc1acbb040b1ae72d4
p2-main-nonlinear-d5-s212002-B100,controlled,nonlinear,5,212002,100,audit,512,30,30,1f549c742ebd3434ef37975ff677b8a27c6ebb3ab3d2f3321ab8be696d4e85a2
p2-main-nonlinear-d5-s212002-B100,controlled,nonlinear,5,212002,100,calibration,512,30,30,94e272119895f36ac1a5bde8ae0ba1a6f70152a122f60ab5dbe66dc52aa28e91
p2-main-nonlinear-d5-s212002-B100,controlled,nonlinear,5,212002,100,early,1024,30,30,6f8783d3193972a9c00dc226bc4b7daded465d6c2c0d0149318d9df571338574
p2-main-nonlinear-d5-s212002-B100,controlled,nonlinear,5,212002,100,fit,4096,150,150,3119b47a92d8ad496e9a98ed6c60f1c8206a94e4c67c9bda80a139b586c43e46
p2-main-nonlinear-d5-s212002-B100,controlled,nonlinear,5,212002,100,search,1024,60,60,42512d629a6dfaf3dbe00440f392d73bc0a344a4ed1f2b25d540212b720a9fec
p2-main-nonlinear-d5-s212002-B400,controlled,nonlinear,5,212002,400,audit,512,120,120,897be14a439ec1b327de6f712adc20a3a929da318501504824e102f6888bd221
p2-main-nonlinear-d5-s212002-B400,controlled,nonlinear,5,212002,400,calibration,512,120,120,37ccf6f27264eeb064fa250aa4c99d6ef71a6bb789afc4a879270b76fc69c9a6
p2-main-nonlinear-d5-s212002-B400,controlled,nonlinear,5,212002,400,early,1024,120,120,98f69d2306caa8541b4fca81f964075b883e0a436047ec0e5349508ec3a0baec
p2-main-nonlinear-d5-s212002-B400,controlled,nonlinear,5,212002,400,fit,4096,600,600,70a5ee707bfbf44ec52769e54dd809773237af3a53d9b3dc2613e0196abdbef6
p2-main-nonlinear-d5-s212002-B400,controlled,nonlinear,5,212002,400,search,1024,240,240,3c180f7c214a0fe7fe019c843cf9c60310b0a044d1ef640c4773e1706bb93ebe
p2-main-nonlinear-d5-s212003-B100,controlled,nonlinear,5,212003,100,audit,512,30,30,dff2bbd8b8550553f19301ca150614d36613c30642bde6c06d6726133966e327
p2-main-nonlinear-d5-s212003-B100,controlled,nonlinear,5,212003,100,calibration,512,30,30,4c923575d24f71ad1ee990281b5e1951df0be2601c7525c633d4a199e3e2af97
p2-main-nonlinear-d5-s212003-B100,controlled,nonlinear,5,212003,100,early,1024,30,30,0b5919f01f7edc20007e759828d83b6b9db43aedc302af3036b617d82978fdfd
p2-main-nonlinear-d5-s212003-B100,controlled,nonlinear,5,212003,100,fit,4096,150,150,c0bfeada73c7f3b556e8292241ed7f0a2ba434787a0cc01c316d116b5c70cde7
p2-main-nonlinear-d5-s212003-B100,controlled,nonlinear,5,212003,100,search,1024,60,60,a7fb86fb8a84370c4c0571bdfa7209e458f8a0b703b4bbcdf4dbe40cb493c617
p2-main-nonlinear-d5-s212003-B400,controlled,nonlinear,5,212003,400,audit,512,120,120,157de2add6b1dd38282e1626032a67dd7a1b18864ab71222d37753ff42d5c172
p2-main-nonlinear-d5-s212003-B400,controlled,nonlinear,5,212003,400,calibration,512,120,120,2b0a8ee182ab167f0c2cac5492c0c8c885fc991511171f32ab49d09397d95d41
p2-main-nonlinear-d5-s212003-B400,controlled,nonlinear,5,212003,400,early,1024,120,120,d7d6832396cf70d1bb7b88fa205f5466e3bfcc0c64a01325e53fb905741c72c7
p2-main-nonlinear-d5-s212003-B400,controlled,nonlinear,5,212003,400,fit,4096,600,600,951d366d6aa4809971d066fba5bcf17f9fb5e7454ed91a72c12a5f9f0ad88a85
p2-main-nonlinear-d5-s212003-B400,controlled,nonlinear,5,212003,400,search,1024,240,240,104fe68eef6f26c94b1b84cc3007311c6f2edf44d5024e010797ab35a3252d56
p2-main-nonlinear-d5-s212004-B100,controlled,nonlinear,5,212004,100,audit,512,30,30,0b7f75c30feac9633cd83a09a868602d7f49877efb1017905d4850be72432ccf
p2-main-nonlinear-d5-s212004-B100,controlled,nonlinear,5,212004,100,calibration,512,30,30,8f847db6c5c3408e48371db72cced919132cb51aa40debd76bc1bff1549c5b5a
p2-main-nonlinear-d5-s212004-B100,controlled,nonlinear,5,212004,100,early,1024,30,30,46536a40d7d333edc04700547e5eea27555cf9b09b73281f3bd42a7779dde0fb
p2-main-nonlinear-d5-s212004-B100,controlled,nonlinear,5,212004,100,fit,4096,150,150,9bfbcd5599ac8a12e4c69c2fb9fe9dfee3821c7ff506489ff4f409f24bd6d735
p2-main-nonlinear-d5-s212004-B100,controlled,nonlinear,5,212004,100,search,1024,60,60,6e24f5a31e2b7da6bb8bfdca1a6ae34496f25517bb57cf8ced37923e651b8367
p2-main-nonlinear-d5-s212004-B400,controlled,nonlinear,5,212004,400,audit,512,120,120,ca66a0ab874dfbe92e4b1e1ea8738676b16347d685a54320b3a8e3f182ff5644
p2-main-nonlinear-d5-s212004-B400,controlled,nonlinear,5,212004,400,calibration,512,120,120,4b253b2d19af1c2ea4f25f7afe552053bfd1bd5943c27c53a40c919da554709c
p2-main-nonlinear-d5-s212004-B400,controlled,nonlinear,5,212004,400,early,1024,120,120,209c72f7ec4eeb6da6c36b616e7d9322ebeb24aa4676cc828b9664392328ed5f
p2-main-nonlinear-d5-s212004-B400,controlled,nonlinear,5,212004,400,fit,4096,600,600,cd29a0bf0e220b0c11185096878929d034a06911addee640c94692df9134a26d
p2-main-nonlinear-d5-s212004-B400,controlled,nonlinear,5,212004,400,search,1024,240,240,2a2e2495538f134c7f3cf5c5adad6248df2aff9544ec192916fbe1e9ea7843c3
p2-main-nonlinear-d5-s212005-B100,controlled,nonlinear,5,212005,100,audit,512,30,30,af2798a3bdd2e05d3680b75365624c37fc4d12dc1198df23a3f1715d941b3752
p2-main-nonlinear-d5-s212005-B100,controlled,nonlinear,5,212005,100,calibration,512,30,30,85253a326b395109de130fc5610886b2e6d2da1767057420cb060121c22c14d6
p2-main-nonlinear-d5-s212005-B100,controlled,nonlinear,5,212005,100,early,1024,30,30,ade1eeb3b20187e5e6455b3a77377dcf2c32e03e0dd89311ae1ce8d36161fa0b
p2-main-nonlinear-d5-s212005-B100,controlled,nonlinear,5,212005,100,fit,4096,150,150,7193a9b24a1690f8bcf583732c89fc43c42b2d68af5d6c3f511c4dd0b55baa19
p2-main-nonlinear-d5-s212005-B100,controlled,nonlinear,5,212005,100,search,1024,60,60,b03281093a2aedf86d9c826ea821f4b7725210c6be553491d6a02cac9f4540c1
p2-main-nonlinear-d5-s212005-B400,controlled,nonlinear,5,212005,400,audit,512,120,120,240794a34f2b331791e9bee3d1feab648975f012853ad256c9a2cb9f9ac4b8e5
p2-main-nonlinear-d5-s212005-B400,controlled,nonlinear,5,212005,400,calibration,512,120,120,5de62c42f49e88f904f97841b438c8a91de952c691715a842fd31528c9241e49
p2-main-nonlinear-d5-s212005-B400,controlled,nonlinear,5,212005,400,early,1024,120,120,87bb36ae9ae9d1edd03bfddc4f14c06627f6b72407198330d1a693de0857bc8f
p2-main-nonlinear-d5-s212005-B400,controlled,nonlinear,5,212005,400,fit,4096,600,600,123a04b4bf66a33585227084b501f8b503c97c9543f9bc70155cceb553ec9d7a
p2-main-nonlinear-d5-s212005-B400,controlled,nonlinear,5,212005,400,search,1024,240,240,91128767cfc94d5480447aa3a3681891b01e42c614c9d835228e1181e065fcbd
p2-main-heteroscedastic-d5-s213001-B100,controlled,heteroscedastic,5,213001,100,audit,512,30,30,268e4bce220ffd9ed79833747e98271a1491e026fbd8df599b3281ba443f7174
p2-main-heteroscedastic-d5-s213001-B100,controlled,heteroscedastic,5,213001,100,calibration,512,30,30,c11c111c1003edb3497775ec9c63895c5376b1716434e41152c1971c63b48ed0
p2-main-heteroscedastic-d5-s213001-B100,controlled,heteroscedastic,5,213001,100,early,1024,30,30,d818e072a02355b8cc34bfbbb227fce59cc314ffe870cff0f4818b405e422f62
p2-main-heteroscedastic-d5-s213001-B100,controlled,heteroscedastic,5,213001,100,fit,4096,150,150,f97f7078c69ee54b3479b5c69f1eedb2342172a7087407c13333912e540833a8
p2-main-heteroscedastic-d5-s213001-B100,controlled,heteroscedastic,5,213001,100,search,1024,60,60,34e3c4bb85fba9100dd54fa91075aaed7c54badaa967dd7e6e59e42794a005eb
p2-main-heteroscedastic-d5-s213001-B400,controlled,heteroscedastic,5,213001,400,audit,512,120,120,688ca3bb5295663576a2d6150c49927db8f60ff555b1a2b558044dfda9547fac
p2-main-heteroscedastic-d5-s213001-B400,controlled,heteroscedastic,5,213001,400,calibration,512,120,120,254eb00730bc18d4672f7ca03e8d3ffef1beaf5c3bc6581f6fef9fbaad322f6e
p2-main-heteroscedastic-d5-s213001-B400,controlled,heteroscedastic,5,213001,400,early,1024,120,120,7800894beef0f92d4859512557c2ae56486ec64a3c247677ffa728bc9802294f
p2-main-heteroscedastic-d5-s213001-B400,controlled,heteroscedastic,5,213001,400,fit,4096,600,600,44fedfca31234e3c8b994c01bcbe982f742984ba068d0c6003538ce4aa1f3403
p2-main-heteroscedastic-d5-s213001-B400,controlled,heteroscedastic,5,213001,400,search,1024,240,240,b5acadbb77cc2311495d65fddeb98e4da59e9b35fc9cd83253566f41e32a4431
p2-main-heteroscedastic-d5-s213002-B100,controlled,heteroscedastic,5,213002,100,audit,512,30,30,a46f20fda63885b175408650a8ee0e76ea80dd1581d1d8f9bd3b3112a6876876
p2-main-heteroscedastic-d5-s213002-B100,controlled,heteroscedastic,5,213002,100,calibration,512,30,30,26f155f6c944eb6f6f3b54b21885eb3003b7d3979bd71a7d42fd93da5ec1f634
p2-main-heteroscedastic-d5-s213002-B100,controlled,heteroscedastic,5,213002,100,early,1024,30,30,6c28d23e63cbc93b464f907339f9c47978872301fe42cfe3b383dc3600b51795
p2-main-heteroscedastic-d5-s213002-B100,controlled,heteroscedastic,5,213002,100,fit,4096,150,150,b175a6e4c7e55b4ff7a304921a5352229320c946c3c26868cd45b7b277444fbc
p2-main-heteroscedastic-d5-s213002-B100,controlled,heteroscedastic,5,213002,100,search,1024,60,60,561521f7d7185366d400b02e451deb8f306e3f6e6224e407f4ed7e018cd6fc6d
p2-main-heteroscedastic-d5-s213002-B400,controlled,heteroscedastic,5,213002,400,audit,512,120,120,b077802d5a13ecbb0479e2b3f43702997c32cc2aa2375e994c7840710056fefc
p2-main-heteroscedastic-d5-s213002-B400,controlled,heteroscedastic,5,213002,400,calibration,512,120,120,4391dfea6de1ce3abc16d5b96d969f8f535d9021cc5b58cac2c92926564e4e15
p2-main-heteroscedastic-d5-s213002-B400,controlled,heteroscedastic,5,213002,400,early,1024,120,120,50a3b2c61b536ed8b8aee4fa1a0413688748542876b7100d1a1b1d7131bae7d4
p2-main-heteroscedastic-d5-s213002-B400,controlled,heteroscedastic,5,213002,400,fit,4096,600,600,69d7ccadc1bc0129ea25d8e352eb70963f402a8deeca9191e0ec3e19d195eaeb
p2-main-heteroscedastic-d5-s213002-B400,controlled,heteroscedastic,5,213002,400,search,1024,240,240,de56a1a231be9228c5d21965c7648e3d1c2afe69e554be41756134076129ab10
p2-main-heteroscedastic-d5-s213003-B100,controlled,heteroscedastic,5,213003,100,audit,512,30,30,21f7421a8370841bb1dbefd9ce369f6c56437fe0b44d384ea01b0d0eefdaa149
p2-main-heteroscedastic-d5-s213003-B100,controlled,heteroscedastic,5,213003,100,calibration,512,30,30,77a8cf4c5ff7f9c131d82931c4267e5a82520ec6313d107200491f976fc48291
p2-main-heteroscedastic-d5-s213003-B100,controlled,heteroscedastic,5,213003,100,early,1024,30,30,fec5739e3f7f636159bcb1a5eceed7e7d4b626ddcc7b302a21cb75be53305e6e
p2-main-heteroscedastic-d5-s213003-B100,controlled,heteroscedastic,5,213003,100,fit,4096,150,150,c8287bb3580fe53267c2cf555aeb497199099549b7c76cd41322d5f1e4486e1e
p2-main-heteroscedastic-d5-s213003-B100,controlled,heteroscedastic,5,213003,100,search,1024,60,60,8aba1c482d528234c93843cc772f18ff3857e4c0a0e70cb98e669b572b48122b
p2-main-heteroscedastic-d5-s213003-B400,controlled,heteroscedastic,5,213003,400,audit,512,120,120,b46fc5a3fd307e2404d27c66be55096c240d2e58275ad5273c5a3370dc2e056d
p2-main-heteroscedastic-d5-s213003-B400,controlled,heteroscedastic,5,213003,400,calibration,512,120,120,3094e777d8304910d9706fd07da0ae9ed70807293855d5f7aa7c9481dd687f80
p2-main-heteroscedastic-d5-s213003-B400,controlled,heteroscedastic,5,213003,400,early,1024,120,120,0c7eb48d95ce51b5bd4131a77f5fac020e74edb849eccb73d97e9ab97b5fc85e
p2-main-heteroscedastic-d5-s213003-B400,controlled,heteroscedastic,5,213003,400,fit,4096,600,600,2a7f6acec7b63598a818371b0159fa6411473177db1c2ffaac9f5d91434084b0
p2-main-heteroscedastic-d5-s213003-B400,controlled,heteroscedastic,5,213003,400,search,1024,240,240,93abcee12102d61a5f999b7c67138a14bbb136a00827719ee5747bbee041f65c
p2-main-heteroscedastic-d5-s213004-B100,controlled,heteroscedastic,5,213004,100,audit,512,30,30,44f999da666b67609e71bb8ea3ec23d74ad54609319cbc545c0cf52c4d840769
p2-main-heteroscedastic-d5-s213004-B100,controlled,heteroscedastic,5,213004,100,calibration,512,30,30,5b7684d6040c1451268f364b5c9c6ec5dd900ddc8a7ab34448a39238af95aec3
p2-main-heteroscedastic-d5-s213004-B100,controlled,heteroscedastic,5,213004,100,early,1024,30,30,7c6ad5d0d3061c7e543d598295275f7c87b5824fc254ef95e4a2886b07866c21
p2-main-heteroscedastic-d5-s213004-B100,controlled,heteroscedastic,5,213004,100,fit,4096,150,150,1381962964fafd4629a9699a958f223dbbce4a787f9a0c0f71aface0cf30f5eb
p2-main-heteroscedastic-d5-s213004-B100,controlled,heteroscedastic,5,213004,100,search,1024,60,60,9937c7bc481ccba441cd9a11a403b6bd91e300a3c12ba4e4b1cdbb928da05733
p2-main-heteroscedastic-d5-s213004-B400,controlled,heteroscedastic,5,213004,400,audit,512,120,120,1b8de0e50b2947cac3fd8058fddc7656f2e4003588fdce9369e3d159327efb88
p2-main-heteroscedastic-d5-s213004-B400,controlled,heteroscedastic,5,213004,400,calibration,512,120,120,b65a7b48021a62e0d61fd33223214451153653709598f86bb1e2dd0e9677031f
p2-main-heteroscedastic-d5-s213004-B400,controlled,heteroscedastic,5,213004,400,early,1024,120,120,a2cedcccd3c9a2105f02ccc1fe74b93aa2935d27140b170572b667c442912b4f
p2-main-heteroscedastic-d5-s213004-B400,controlled,heteroscedastic,5,213004,400,fit,4096,600,600,0398786df0451429918ad66c0e90b0f0f79c21c4cbfb810598c4c56b61e6d800
p2-main-heteroscedastic-d5-s213004-B400,controlled,heteroscedastic,5,213004,400,search,1024,240,240,ddf16285ecab83c5ce7b1cffbfebba4f70f7045aeb1d75a96c67ca1d8371bcc7
p2-main-heteroscedastic-d5-s213005-B100,controlled,heteroscedastic,5,213005,100,audit,512,30,30,cb192d68574299058e079d99156e7731a7294501236023e553cc0f5e8c32f21f
p2-main-heteroscedastic-d5-s213005-B100,controlled,heteroscedastic,5,213005,100,calibration,512,30,30,aff50959535716567211bda99e15835e56ce41f7a43744b275a4b34bc4ded5d0
p2-main-heteroscedastic-d5-s213005-B100,controlled,heteroscedastic,5,213005,100,early,1024,30,30,c72da497db56af2b15445f5151dd9c2168b62a6d060dfcff9a95694990be50f3
p2-main-heteroscedastic-d5-s213005-B100,controlled,heteroscedastic,5,213005,100,fit,4096,150,150,b54c2156cb9ad066b71322b9e8cd4835660f5d1a4c106608700553e852e56225
p2-main-heteroscedastic-d5-s213005-B100,controlled,heteroscedastic,5,213005,100,search,1024,60,60,6d834de946acfa9ad1496f61dc86ccb487c60de2a190fb6aa9d60f031760aba6
p2-main-heteroscedastic-d5-s213005-B400,controlled,heteroscedastic,5,213005,400,audit,512,120,120,1c9835be657e82245e260d53e8c6f9bf48e397b0afd84c29f77ddd0e5b14c2e4
p2-main-heteroscedastic-d5-s213005-B400,controlled,heteroscedastic,5,213005,400,calibration,512,120,120,fb4c7bd4ce3af34353006f197b25b781cbcb88f230a6be26380bcf7190ae1520
p2-main-heteroscedastic-d5-s213005-B400,controlled,heteroscedastic,5,213005,400,early,1024,120,120,f59a4d1f3c3962cdad07a60da08d4711f3f524fed3a25c1defaec5329da4de83
p2-main-heteroscedastic-d5-s213005-B400,controlled,heteroscedastic,5,213005,400,fit,4096,600,600,a411bf5468c955d928c6be70b036b004cf3850ce890b4a55f61667a98b8165e5
p2-main-heteroscedastic-d5-s213005-B400,controlled,heteroscedastic,5,213005,400,search,1024,240,240,a532b1f09710ae6190f511f445d5081c2102277a147ab3c3d30731a459d91a8b
p2-main-heteroscedastic-d5-s241001-B100-semantic,semantic,heteroscedastic,5,241001,100,audit,512,30,30,aef4e8ff687d56fb5c14deb72eea1a6872f99c4e7a90d538e279a8b357b77b53
p2-main-heteroscedastic-d5-s241001-B100-semantic,semantic,heteroscedastic,5,241001,100,calibration,512,30,30,0a9ef8ec2cae6683348365d438d6d127f8000533af29711ec911615313b88b40
p2-main-heteroscedastic-d5-s241001-B100-semantic,semantic,heteroscedastic,5,241001,100,early,1024,30,30,a6218fa43d776a7cf76f1b148905f5ef7491b18a3422b97510cef2c0f4779c6e
p2-main-heteroscedastic-d5-s241001-B100-semantic,semantic,heteroscedastic,5,241001,100,fit,4096,150,150,3f2f98b7b9e115bfa32b41ae0cb941131a6ee0ec575509c8a408c9e181ec1152
p2-main-heteroscedastic-d5-s241001-B100-semantic,semantic,heteroscedastic,5,241001,100,search,1024,60,60,9277c7c0c1f780093263bf23370bca15fdbde0f8364b2a338615d895bfd32563
p2-main-heteroscedastic-d5-s241002-B100-semantic,semantic,heteroscedastic,5,241002,100,audit,512,30,30,065873d785ee166b70b618c1760d1b6dfa14f06678fdbd9764d592b179d6a4df
p2-main-heteroscedastic-d5-s241002-B100-semantic,semantic,heteroscedastic,5,241002,100,calibration,512,30,30,e63c416f7921b8fefefa7b22bd182ecf3bc7c62e0bf4abc11e777500fe8d8e16
p2-main-heteroscedastic-d5-s241002-B100-semantic,semantic,heteroscedastic,5,241002,100,early,1024,30,30,2bb748a3e41db1db3cc053b1c729f21cbdb219658e04e3626ebe285822eb3e78
p2-main-heteroscedastic-d5-s241002-B100-semantic,semantic,heteroscedastic,5,241002,100,fit,4096,150,150,56b25ef6025c6e12abd0769498e1cb2d9a233091f7183995f46eec3ec8728d2a
p2-main-heteroscedastic-d5-s241002-B100-semantic,semantic,heteroscedastic,5,241002,100,search,1024,60,60,dcc08b21332debe1e8530d5d791f4ba322db4fa9f4ed9532f1e49b3219c3b38e
p2-main-heteroscedastic-d5-s241003-B100-semantic,semantic,heteroscedastic,5,241003,100,audit,512,30,30,80fa81f6b65219930b4aa3df79abece5433e79e0f1e51af5d36d0b018aca4e9f
p2-main-heteroscedastic-d5-s241003-B100-semantic,semantic,heteroscedastic,5,241003,100,calibration,512,30,30,d1b63b2c1a831d5a51a9d023e36182d7b760df4cc6318c905ef24f88ab9adb50
p2-main-heteroscedastic-d5-s241003-B100-semantic,semantic,heteroscedastic,5,241003,100,early,1024,30,30,b3c5ac899ccc359186772faa19e72407717b65b340ba9ce6f51ab50eab52dd3b
p2-main-heteroscedastic-d5-s241003-B100-semantic,semantic,heteroscedastic,5,241003,100,fit,4096,150,150,8e6352262b603fc3ff43b7f368cfc4a9424cd1ae840cab5700ec99362e960307
p2-main-heteroscedastic-d5-s241003-B100-semantic,semantic,heteroscedastic,5,241003,100,search,1024,60,60,00033d5e1482c97415a21ad316cfa7ebe8c596d11961623de4a1401de3e9ec90
p2-main-heteroscedastic-d5-s241004-B100-semantic,semantic,heteroscedastic,5,241004,100,audit,512,30,30,c77e78fefd35cbea07bebcf46e7c334f55b3da0bb7faab1a8d96e0b46298426b
p2-main-heteroscedastic-d5-s241004-B100-semantic,semantic,heteroscedastic,5,241004,100,calibration,512,30,30,4f29a16a0fed47c69ce9c652f6240c0d13ecd7fb232fd14f71c0d531b17fc891
p2-main-heteroscedastic-d5-s241004-B100-semantic,semantic,heteroscedastic,5,241004,100,early,1024,30,30,728445b81b862689ca5293fb8406961dc1e5b17ac63613c150b7b7c700d8cfa5
p2-main-heteroscedastic-d5-s241004-B100-semantic,semantic,heteroscedastic,5,241004,100,fit,4096,150,150,bbbb7359a275160a5308cb192a8f7e91e7209a2216f5051d1947dddb3317a3ce
p2-main-heteroscedastic-d5-s241004-B100-semantic,semantic,heteroscedastic,5,241004,100,search,1024,60,60,813813a00e4ece0eeffabe6136ead8a0ebe768c0b88eb794a1e5b14043af687a
p2-main-heteroscedastic-d5-s241005-B100-semantic,semantic,heteroscedastic,5,241005,100,audit,512,30,30,ac5df2cafc78148f22a3bff21f288bafdea10e6ea69027a20fe54afe8373e13f
p2-main-heteroscedastic-d5-s241005-B100-semantic,semantic,heteroscedastic,5,241005,100,calibration,512,30,30,297fc3b80a3b42583d278fd31b4653229a441663a11e598133f7d51672a4b0a6
p2-main-heteroscedastic-d5-s241005-B100-semantic,semantic,heteroscedastic,5,241005,100,early,1024,30,30,cf4cc32b469b66f6fdd9788e7ea22189dd0525693d87cfc1edd60dac22827a19
p2-main-heteroscedastic-d5-s241005-B100-semantic,semantic,heteroscedastic,5,241005,100,fit,4096,150,150,c73ff4ee56e082b0a77ffc20e14a1715675dbb37326316400d8d0e04e1f18c5e
p2-main-heteroscedastic-d5-s241005-B100-semantic,semantic,heteroscedastic,5,241005,100,search,1024,60,60,77bf0043f4894d4e0311bb72802805abb7a6b56b14ba910817adf6cde72f69e3
p2-chambers-B400,real,real,6,244001,400,audit,512,160,672,f6b48cbb085ceff5297536d4fef2ea328babde93d066ae3100bcb41740e596ed
p2-chambers-B400,real,real,6,244001,400,calibration,512,160,672,2bf6b95144598946d4a4afd7094069eca535557d5ba353cb5236b098cdebbe4d
p2-chambers-B400,real,real,6,244001,400,early,1024,160,1184,988ff2bd785c014d2ba44a2491adcdfed08aedc86420c902d4b8aadba78533c6
p2-chambers-B400,real,real,6,244001,400,fit,3400,800,4200,ed55cc02f7d3d0fcc85a524a6b188f765e225726e7525c9260f26cd0e5136c35
p2-chambers-B400,real,real,6,244001,400,search,1024,320,1344,3a5d28dadc04b62277d21663c334ecbd6e28c5361ca8ca987a6eb60f41098f61
