comparison,a,b,mean,low,high,independent_scms,paired_conditions,p_sign_randomization,p_holm
M0 - M1,M0,M1,0.13104416096333335,0.10252037723945835,0.15715310861895834,15,60,6.103515625e-05,0.00091552734375
M0 - M2,M0,M2,0.05275811872333334,0.008984055196749998,0.09993387655166668,15,60,0.04656982421875,0.0931396484375
M0 - M3,M0,M3,0.21883847204333334,0.18719498095624998,0.25330199857254165,15,60,6.103515625e-05,0.00091552734375
M0 - M4,M0,M4,0.2074586411866667,0.17341114489499995,0.2447817074353333,15,60,6.103515625e-05,0.00091552734375
M0 - M5,M0,M5,0.194826431535,0.15916868695949998,0.2356547355045,15,60,6.103515625e-05,0.00091552734375
M1 - M2,M1,M2,-0.07828604224,-0.1244860646945,-0.03050188597929168,15,60,0.0250244140625,0.0750732421875
M1 - M3,M1,M3,0.08779431107999998,0.062083658170458335,0.11515842206920832,15,60,6.103515625e-05,0.00091552734375
M1 - M4,M1,M4,0.07641448022333333,0.05010633882825,0.10271421830841668,15,60,6.103515625e-05,0.00091552734375
M1 - M5,M1,M5,0.06378227057166666,0.039272285926208336,0.09227238580899999,15,60,6.103515625e-05,0.00091552734375
M2 - M3,M2,M3,0.16608035332,0.13087971835566664,0.20620361480275,15,60,6.103515625e-05,0.00091552734375
M2 - M4,M2,M4,0.15470052246333338,0.11379231888658334,0.20007651604308327,15,60,6.103515625e-05,0.00091552734375
M2 - M5,M2,M5,0.14206831281166668,0.10024018930091663,0.1888153782569583,15,60,6.103515625e-05,0.00091552734375
M3 - M4,M3,M4,-0.011379830856666667,-0.022041034215208328,-0.0027430600823333427,15,60,0.01171875,0.046875
M3 - M5,M3,M5,-0.024012040508333336,-0.037866345751833334,-0.011633049049250001,15,60,0.00164794921875,0.00823974609375
M4 - M5,M4,M5,-0.012632209651666669,-0.024959353121625,-0.0018749411946666753,15,60,0.046875,0.0931396484375
