comparison,conditional_high,conditional_low,delta,endpoint,metadata_variant
M3 - fixed,-0.0097763516,-0.0113017671,-0.01123701,T2,coherent
M3 - M1,0.0622380357,0.0305509465,0.0492778345,T2,coherent
M3 - M2,-0.0344102018,-0.037494814,-0.037490457,T2,coherent
M4 - fixed,-0.0097763516,-0.0113017671,-0.01123701,T2,coherent
M4 - M1,0.0622380357,0.0305509465,0.0492778345,T2,coherent
M4 - M2,-0.0344102018,-0.037494814,-0.037490457,T2,coherent
M5 - fixed,-8.706972e-05,-9.8387152e-05,-9.7304e-05,T2,coherent
M5 - M1,0.0731803073,0.0405256858,0.0604175405,T2,coherent
M5 - M2,-0.0246550154,-0.0262928504,-0.026350751,T2,coherent
llm_edit - fixed,0.073547969,0.069501641,0.073608324,T2,coherent
llm_edit - M1,0.146120844,0.110432605,0.134123169,T2,coherent
llm_edit - M2,0.0474270076,0.0447417829,0.047354877,T2,coherent
M3 - fixed,-0.0097763516,-0.0113017671,-0.01123701,T2,anonymous
M3 - M1,0.0622380357,0.0305509465,0.0492778345,T2,anonymous
M3 - M2,-0.0344102018,-0.037494814,-0.037490457,T2,anonymous
M4 - fixed,-0.0097763516,-0.0113017671,-0.01123701,T2,anonymous
M4 - M1,0.0622380357,0.0305509465,0.0492778345,T2,anonymous
M4 - M2,-0.0344102018,-0.037494814,-0.037490457,T2,anonymous
M5 - fixed,-8.706972e-05,-9.8387152e-05,-9.7304e-05,T2,anonymous
M5 - M1,0.0731803073,0.0405256858,0.0604175405,T2,anonymous
M5 - M2,-0.0246550154,-0.0262928504,-0.026350751,T2,anonymous
llm_edit - fixed,0.073547969,0.069501641,0.073608324,T2,anonymous
llm_edit - M1,0.146120844,0.110432605,0.134123169,T2,anonymous
llm_edit - M2,0.0474270076,0.0447417829,0.047354877,T2,anonymous
M3 - fixed,-0.0097763516,-0.0113017671,-0.01123701,T2,shuffled
M3 - M1,0.0622380357,0.0305509465,0.0492778345,T2,shuffled
M3 - M2,-0.0344102018,-0.037494814,-0.037490457,T2,shuffled
M4 - fixed,-0.0097763516,-0.0113017671,-0.01123701,T2,shuffled
M4 - M1,0.0622380357,0.0305509465,0.0492778345,T2,shuffled
M4 - M2,-0.0344102018,-0.037494814,-0.037490457,T2,shuffled
M5 - fixed,-8.706972e-05,-9.8387152e-05,-9.7304e-05,T2,shuffled
M5 - M1,0.0731803073,0.0405256858,0.0604175405,T2,shuffled
M5 - M2,-0.0246550154,-0.0262928504,-0.026350751,T2,shuffled
llm_edit - fixed,0.073547969,0.069501641,0.073608324,T2,shuffled
llm_edit - M1,0.146120844,0.110432605,0.134123169,T2,shuffled
llm_edit - M2,0.0474270076,0.0447417829,0.047354877,T2,shuffled
M3 - fixed,0.00372532904,6.73903152e-05,0.002272408,T2_exploratory,coherent
M3 - M1,-0.00194912534,-0.0260622784,-0.015450477,T2_exploratory,coherent
M3 - M2,0.00320866741,-0.00112971142,0.001056259,T2_exploratory,coherent
M4 - fixed,0.00372532904,6.73903152e-05,0.002272408,T2_exploratory,coherent
M4 - M1,-0.00194912534,-0.0260622784,-0.015450477,T2_exploratory,coherent
M4 - M2,0.00320866741,-0.00112971142,0.001056259,T2_exploratory,coherent
M5 - fixed,2.2573024e-05,-2.2589229e-05,2.61e-07,T2_exploratory,coherent
M5 - M1,-0.00501452032,-0.0283729939,-0.017722624,T2_exploratory,coherent
M5 - M2,0.000333808362,-0.00249091014,-0.001215888,T2_exploratory,coherent
llm_edit - fixed,0.00263263267,-0.000537751056,0.001214902,T2_exploratory,coherent
llm_edit - M1,-0.00300139673,-0.0265761431,-0.016507983,T2_exploratory,coherent
llm_edit - M2,0.000488774665,-0.000473875925,-1.247e-06,T2_exploratory,coherent
M3 - fixed,0.00372532904,6.73903152e-05,0.002272408,T2_exploratory,anonymous
M3 - M1,-0.00194912534,-0.0260622784,-0.015450477,T2_exploratory,anonymous
M3 - M2,0.00320866741,-0.00112971142,0.001056259,T2_exploratory,anonymous
M4 - fixed,0.00372532904,6.73903152e-05,0.002272408,T2_exploratory,anonymous
M4 - M1,-0.00194912534,-0.0260622784,-0.015450477,T2_exploratory,anonymous
M4 - M2,0.00320866741,-0.00112971142,0.001056259,T2_exploratory,anonymous
M5 - fixed,2.2573024e-05,-2.2589229e-05,2.61e-07,T2_exploratory,anonymous
M5 - M1,-0.00501452032,-0.0283729939,-0.017722624,T2_exploratory,anonymous
M5 - M2,0.000333808362,-0.00249091014,-0.001215888,T2_exploratory,anonymous
llm_edit - fixed,0.00263263267,-0.000537751056,0.001214902,T2_exploratory,anonymous
llm_edit - M1,-0.00300139673,-0.0265761431,-0.016507983,T2_exploratory,anonymous
llm_edit - M2,0.000488774665,-0.000473875925,-1.247e-06,T2_exploratory,anonymous
M3 - fixed,0.00372532904,6.73903152e-05,0.002272408,T2_exploratory,shuffled
M3 - M1,-0.00194912534,-0.0260622784,-0.015450477,T2_exploratory,shuffled
M3 - M2,0.00320866741,-0.00112971142,0.001056259,T2_exploratory,shuffled
M4 - fixed,0.00372532904,6.73903152e-05,0.002272408,T2_exploratory,shuffled
M4 - M1,-0.00194912534,-0.0260622784,-0.015450477,T2_exploratory,shuffled
M4 - M2,0.00320866741,-0.00112971142,0.001056259,T2_exploratory,shuffled
M5 - fixed,2.2573024e-05,-2.2589229e-05,2.61e-07,T2_exploratory,shuffled
M5 - M1,-0.00501452032,-0.0283729939,-0.017722624,T2_exploratory,shuffled
M5 - M2,0.000333808362,-0.00249091014,-0.001215888,T2_exploratory,shuffled
llm_edit - fixed,0.00263263267,-0.000537751056,0.001214902,T2_exploratory,shuffled
llm_edit - M1,-0.00300139673,-0.0265761431,-0.016507983,T2_exploratory,shuffled
llm_edit - M2,0.000488774665,-0.000473875925,-1.247e-06,T2_exploratory,shuffled
