case,task_id,method,target,outcome,assignment_standardized,mean,q05,median,q95,samples,seed,model_hash
representative,p2-main-nonlinear-d5-s212005-B400-c0.5-none,truth,0,1,-2,-1.30559087,-2.33432746,-1.31165349,-0.267707169,2048,1043024,reference-SCM
representative,p2-main-nonlinear-d5-s212005-B400-c0.5-none,truth,0,1,-1.75,-1.22205997,-2.26776147,-1.22978425,-0.16168572,2048,1043024,reference-SCM
representative,p2-main-nonlinear-d5-s212005-B400-c0.5-none,truth,0,1,-1.5,-1.11953092,-2.18390632,-1.13347447,-0.0356135108,2048,1043024,reference-SCM
representative,p2-main-nonlinear-d5-s212005-B400-c0.5-none,truth,0,1,-1.25,-0.994957685,-2.06960034,-1.01350284,0.116216764,2048,1043024,reference-SCM
representative,p2-main-nonlinear-d5-s212005-B400-c0.5-none,truth,0,1,-1,-0.845724702,-1.94227219,-0.862275243,0.287450254,2048,1043024,reference-SCM
representative,p2-main-nonlinear-d5-s212005-B400-c0.5-none,truth,0,1,-0.75,-0.670469999,-1.78624356,-0.68938446,0.471101075,2048,1043024,reference-SCM
representative,p2-main-nonlinear-d5-s212005-B400-c0.5-none,truth,0,1,-0.5,-0.470175475,-1.6057862,-0.484318972,0.688870966,2048,1043024,reference-SCM
representative,p2-main-nonlinear-d5-s212005-B400-c0.5-none,truth,0,1,-0.25,-0.249104142,-1.43432558,-0.268295109,0.91249007,2048,1043024,reference-SCM
representative,p2-main-nonlinear-d5-s212005-B400-c0.5-none,truth,0,1,0,-0.01494647,-1.22181094,-0.0257338956,1.14671397,2048,1043024,reference-SCM
representative,p2-main-nonlinear-d5-s212005-B400-c0.5-none,truth,0,1,0.25,0.222238317,-1.00004017,0.230146319,1.37138581,2048,1043024,reference-SCM
representative,p2-main-nonlinear-d5-s212005-B400-c0.5-none,truth,0,1,0.5,0.451987863,-0.770311832,0.470442533,1.57065737,2048,1043024,reference-SCM
representative,p2-main-nonlinear-d5-s212005-B400-c0.5-none,truth,0,1,0.75,0.665435553,-0.552653611,0.694368601,1.75234246,2048,1043024,reference-SCM
representative,p2-main-nonlinear-d5-s212005-B400-c0.5-none,truth,0,1,1,0.856553435,-0.345499158,0.884126604,1.90634,2048,1043024,reference-SCM
representative,p2-main-nonlinear-d5-s212005-B400-c0.5-none,truth,0,1,1.25,1.022416,-0.15887247,1.05130351,2.06517887,2048,1043024,reference-SCM
representative,p2-main-nonlinear-d5-s212005-B400-c0.5-none,truth,0,1,1.5,1.16274297,-0.000688945816,1.1923027,2.18119502,2048,1043024,reference-SCM
representative,p2-main-nonlinear-d5-s212005-B400-c0.5-none,truth,0,1,1.75,1.27911162,0.12946637,1.31084514,2.28861499,2048,1043024,reference-SCM
representative,p2-main-nonlinear-d5-s212005-B400-c0.5-none,truth,0,1,2,1.3741523,0.244236276,1.41071463,2.36531663,2048,1043024,reference-SCM
representative,p2-main-nonlinear-d5-s212005-B400-c0.5-none,fixed,0,1,-2,-0.699459076,-1.9118408,-0.687669992,0.292941153,2048,1043024,959315df3e4ec1ce6cfc5eae29baf21a25c268071fed0636fdefd68219754fb9
representative,p2-main-nonlinear-d5-s212005-B400-c0.5-none,fixed,0,1,-1.75,-0.638641119,-1.85693502,-0.615646839,0.346892864,2048,1043024,959315df3e4ec1ce6cfc5eae29baf21a25c268071fed0636fdefd68219754fb9
representative,p2-main-nonlinear-d5-s212005-B400-c0.5-none,fixed,0,1,-1.5,-0.569945395,-1.78206623,-0.537829876,0.417058051,2048,1043024,959315df3e4ec1ce6cfc5eae29baf21a25c268071fed0636fdefd68219754fb9
representative,p2-main-nonlinear-d5-s212005-B400-c0.5-none,fixed,0,1,-1.25,-0.493598908,-1.6968106,-0.448888034,0.504786074,2048,1043024,959315df3e4ec1ce6cfc5eae29baf21a25c268071fed0636fdefd68219754fb9
representative,p2-main-nonlinear-d5-s212005-B400-c0.5-none,fixed,0,1,-1,-0.409931779,-1.61403525,-0.359090507,0.610834241,2048,1043024,959315df3e4ec1ce6cfc5eae29baf21a25c268071fed0636fdefd68219754fb9
representative,p2-main-nonlinear-d5-s212005-B400-c0.5-none,fixed,0,1,-0.75,-0.319344103,-1.53311086,-0.269530624,0.740615606,2048,1043024,959315df3e4ec1ce6cfc5eae29baf21a25c268071fed0636fdefd68219754fb9
representative,p2-main-nonlinear-d5-s212005-B400-c0.5-none,fixed,0,1,-0.5,-0.222438157,-1.43518114,-0.172302961,0.87780869,2048,1043024,959315df3e4ec1ce6cfc5eae29baf21a25c268071fed0636fdefd68219754fb9
representative,p2-main-nonlinear-d5-s212005-B400-c0.5-none,fixed,0,1,-0.25,-0.120132044,-1.35456848,-0.0779342204,1.03636563,2048,1043024,959315df3e4ec1ce6cfc5eae29baf21a25c268071fed0636fdefd68219754fb9
representative,p2-main-nonlinear-d5-s212005-B400-c0.5-none,fixed,0,1,0,-0.0134169441,-1.26834273,0.0184175186,1.17803097,2048,1043024,959315df3e4ec1ce6cfc5eae29baf21a25c268071fed0636fdefd68219754fb9
representative,p2-main-nonlinear-d5-s212005-B400-c0.5-none,fixed,0,1,0.25,0.0966125727,-1.16630936,0.113958046,1.3037734,2048,1043024,959315df3e4ec1ce6cfc5eae29baf21a25c268071fed0636fdefd68219754fb9
representative,p2-main-nonlinear-d5-s212005-B400-c0.5-none,fixed,0,1,0.5,0.208498225,-1.07104492,0.213513032,1.43112111,2048,1043024,959315df3e4ec1ce6cfc5eae29baf21a25c268071fed0636fdefd68219754fb9
representative,p2-main-nonlinear-d5-s212005-B400-c0.5-none,fixed,0,1,0.75,0.320644706,-0.977509558,0.316447109,1.55026579,2048,1043024,959315df3e4ec1ce6cfc5eae29baf21a25c268071fed0636fdefd68219754fb9
representative,p2-main-nonlinear-d5-s212005-B400-c0.5-none,fixed,0,1,1,0.431489766,-0.883494675,0.425773442,1.66654897,2048,1043024,959315df3e4ec1ce6cfc5eae29baf21a25c268071fed0636fdefd68219754fb9
representative,p2-main-nonlinear-d5-s212005-B400-c0.5-none,fixed,0,1,1.25,0.539432168,-0.797930896,0.536521435,1.7738061,2048,1043024,959315df3e4ec1ce6cfc5eae29baf21a25c268071fed0636fdefd68219754fb9
representative,p2-main-nonlinear-d5-s212005-B400-c0.5-none,fixed,0,1,1.5,0.642986536,-0.711793482,0.653976202,1.87523568,2048,1043024,959315df3e4ec1ce6cfc5eae29baf21a25c268071fed0636fdefd68219754fb9
representative,p2-main-nonlinear-d5-s212005-B400-c0.5-none,fixed,0,1,1.75,0.740842938,-0.617319465,0.762766242,1.96825135,2048,1043024,959315df3e4ec1ce6cfc5eae29baf21a25c268071fed0636fdefd68219754fb9
representative,p2-main-nonlinear-d5-s212005-B400-c0.5-none,fixed,0,1,2,0.831714869,-0.529643416,0.863872051,2.05026412,2048,1043024,959315df3e4ec1ce6cfc5eae29baf21a25c268071fed0636fdefd68219754fb9
representative,p2-main-nonlinear-d5-s212005-B400-c0.5-none,M0,0,1,-2,-0.0166137964,-1.66358829,-0.0283737127,1.55727029,2048,1043024,dd48f3eb8552472760925d18cc1e9ebab4293e84863d4babfcfd8712e844e279
representative,p2-main-nonlinear-d5-s212005-B400-c0.5-none,M0,0,1,-1.75,-0.0166137964,-1.66358829,-0.0283737127,1.55727029,2048,1043024,dd48f3eb8552472760925d18cc1e9ebab4293e84863d4babfcfd8712e844e279
representative,p2-main-nonlinear-d5-s212005-B400-c0.5-none,M0,0,1,-1.5,-0.0166137964,-1.66358829,-0.0283737127,1.55727029,2048,1043024,dd48f3eb8552472760925d18cc1e9ebab4293e84863d4babfcfd8712e844e279
representative,p2-main-nonlinear-d5-s212005-B400-c0.5-none,M0,0,1,-1.25,-0.0166137964,-1.66358829,-0.0283737127,1.55727029,2048,1043024,dd48f3eb8552472760925d18cc1e9ebab4293e84863d4babfcfd8712e844e279
representative,p2-main-nonlinear-d5-s212005-B400-c0.5-none,M0,0,1,-1,-0.0166137964,-1.66358829,-0.0283737127,1.55727029,2048,1043024,dd48f3eb8552472760925d18cc1e9ebab4293e84863d4babfcfd8712e844e279
representative,p2-main-nonlinear-d5-s212005-B400-c0.5-none,M0,0,1,-0.75,-0.0166137964,-1.66358829,-0.0283737127,1.55727029,2048,1043024,dd48f3eb8552472760925d18cc1e9ebab4293e84863d4babfcfd8712e844e279
representative,p2-main-nonlinear-d5-s212005-B400-c0.5-none,M0,0,1,-0.5,-0.0166137964,-1.66358829,-0.0283737127,1.55727029,2048,1043024,dd48f3eb8552472760925d18cc1e9ebab4293e84863d4babfcfd8712e844e279
representative,p2-main-nonlinear-d5-s212005-B400-c0.5-none,M0,0,1,-0.25,-0.0166137964,-1.66358829,-0.0283737127,1.55727029,2048,1043024,dd48f3eb8552472760925d18cc1e9ebab4293e84863d4babfcfd8712e844e279
representative,p2-main-nonlinear-d5-s212005-B400-c0.5-none,M0,0,1,0,-0.0166137964,-1.66358829,-0.0283737127,1.55727029,2048,1043024,dd48f3eb8552472760925d18cc1e9ebab4293e84863d4babfcfd8712e844e279
representative,p2-main-nonlinear-d5-s212005-B400-c0.5-none,M0,0,1,0.25,-0.0166137964,-1.66358829,-0.0283737127,1.55727029,2048,1043024,dd48f3eb8552472760925d18cc1e9ebab4293e84863d4babfcfd8712e844e279
representative,p2-main-nonlinear-d5-s212005-B400-c0.5-none,M0,0,1,0.5,-0.0166137964,-1.66358829,-0.0283737127,1.55727029,2048,1043024,dd48f3eb8552472760925d18cc1e9ebab4293e84863d4babfcfd8712e844e279
representative,p2-main-nonlinear-d5-s212005-B400-c0.5-none,M0,0,1,0.75,-0.0166137964,-1.66358829,-0.0283737127,1.55727029,2048,1043024,dd48f3eb8552472760925d18cc1e9ebab4293e84863d4babfcfd8712e844e279
representative,p2-main-nonlinear-d5-s212005-B400-c0.5-none,M0,0,1,1,-0.0166137964,-1.66358829,-0.0283737127,1.55727029,2048,1043024,dd48f3eb8552472760925d18cc1e9ebab4293e84863d4babfcfd8712e844e279
representative,p2-main-nonlinear-d5-s212005-B400-c0.5-none,M0,0,1,1.25,-0.0166137964,-1.66358829,-0.0283737127,1.55727029,2048,1043024,dd48f3eb8552472760925d18cc1e9ebab4293e84863d4babfcfd8712e844e279
representative,p2-main-nonlinear-d5-s212005-B400-c0.5-none,M0,0,1,1.5,-0.0166137964,-1.66358829,-0.0283737127,1.55727029,2048,1043024,dd48f3eb8552472760925d18cc1e9ebab4293e84863d4babfcfd8712e844e279
representative,p2-main-nonlinear-d5-s212005-B400-c0.5-none,M0,0,1,1.75,-0.0166137964,-1.66358829,-0.0283737127,1.55727029,2048,1043024,dd48f3eb8552472760925d18cc1e9ebab4293e84863d4babfcfd8712e844e279
representative,p2-main-nonlinear-d5-s212005-B400-c0.5-none,M0,0,1,2,-0.0166137964,-1.66358829,-0.0283737127,1.55727029,2048,1043024,dd48f3eb8552472760925d18cc1e9ebab4293e84863d4babfcfd8712e844e279
representative,p2-main-nonlinear-d5-s212005-B400-c0.5-none,M1,0,1,-2,-0.682608724,-1.96594238,-0.690576315,0.553236008,2048,1043024,976957b7df6ceeaec59175ea70e3003b4be1ae25ded5d1bf2b2035fa9ff38e73
representative,p2-main-nonlinear-d5-s212005-B400-c0.5-none,M1,0,1,-1.75,-0.591055036,-1.87438893,-0.599022627,0.644789636,2048,1043024,976957b7df6ceeaec59175ea70e3003b4be1ae25ded5d1bf2b2035fa9ff38e73
representative,p2-main-nonlinear-d5-s212005-B400-c0.5-none,M1,0,1,-1.5,-0.499501437,-1.78283525,-0.507468939,0.736343265,2048,1043024,976957b7df6ceeaec59175ea70e3003b4be1ae25ded5d1bf2b2035fa9ff38e73
representative,p2-main-nonlinear-d5-s212005-B400-c0.5-none,M1,0,1,-1.25,-0.407947868,-1.69128156,-0.4159154,0.827896833,2048,1043024,976957b7df6ceeaec59175ea70e3003b4be1ae25ded5d1bf2b2035fa9ff38e73
representative,p2-main-nonlinear-d5-s212005-B400-c0.5-none,M1,0,1,-1,-0.31639424,-1.59972799,-0.324361771,0.919450402,2048,1043024,976957b7df6ceeaec59175ea70e3003b4be1ae25ded5d1bf2b2035fa9ff38e73
representative,p2-main-nonlinear-d5-s212005-B400-c0.5-none,M1,0,1,-0.75,-0.224840611,-1.5081743,-0.232808143,1.01100409,2048,1043024,976957b7df6ceeaec59175ea70e3003b4be1ae25ded5d1bf2b2035fa9ff38e73
representative,p2-main-nonlinear-d5-s212005-B400-c0.5-none,M1,0,1,-0.5,-0.133287027,-1.41662073,-0.141254529,1.10255766,2048,1043024,976957b7df6ceeaec59175ea70e3003b4be1ae25ded5d1bf2b2035fa9ff38e73
representative,p2-main-nonlinear-d5-s212005-B400-c0.5-none,M1,0,1,-0.25,-0.0417334177,-1.32506704,-0.0497009456,1.19411135,2048,1043024,976957b7df6ceeaec59175ea70e3003b4be1ae25ded5d1bf2b2035fa9ff38e73
representative,p2-main-nonlinear-d5-s212005-B400-c0.5-none,M1,0,1,0,0.0498201959,-1.23351347,0.0418526828,1.28566492,2048,1043024,976957b7df6ceeaec59175ea70e3003b4be1ae25ded5d1bf2b2035fa9ff38e73
representative,p2-main-nonlinear-d5-s212005-B400-c0.5-none,M1,0,1,0.25,0.141373813,-1.14195991,0.133406296,1.37721848,2048,1043024,976957b7df6ceeaec59175ea70e3003b4be1ae25ded5d1bf2b2035fa9ff38e73
representative,p2-main-nonlinear-d5-s212005-B400-c0.5-none,M1,0,1,0.5,0.232927412,-1.05040634,0.224959895,1.46877217,2048,1043024,976957b7df6ceeaec59175ea70e3003b4be1ae25ded5d1bf2b2035fa9ff38e73
representative,p2-main-nonlinear-d5-s212005-B400-c0.5-none,M1,0,1,0.75,0.32448101,-0.958852708,0.316513479,1.56032574,2048,1043024,976957b7df6ceeaec59175ea70e3003b4be1ae25ded5d1bf2b2035fa9ff38e73
representative,p2-main-nonlinear-d5-s212005-B400-c0.5-none,M1,0,1,1,0.416034639,-0.86729908,0.408067107,1.65187931,2048,1043024,976957b7df6ceeaec59175ea70e3003b4be1ae25ded5d1bf2b2035fa9ff38e73
representative,p2-main-nonlinear-d5-s212005-B400-c0.5-none,M1,0,1,1.25,0.507588267,-0.775745451,0.499620736,1.743433,2048,1043024,976957b7df6ceeaec59175ea70e3003b4be1ae25ded5d1bf2b2035fa9ff38e73
representative,p2-main-nonlinear-d5-s212005-B400-c0.5-none,M1,0,1,1.5,0.599141836,-0.684191883,0.591174245,1.83498657,2048,1043024,976957b7df6ceeaec59175ea70e3003b4be1ae25ded5d1bf2b2035fa9ff38e73
representative,p2-main-nonlinear-d5-s212005-B400-c0.5-none,M1,0,1,1.75,0.690695465,-0.592638254,0.682727873,1.92654014,2048,1043024,976957b7df6ceeaec59175ea70e3003b4be1ae25ded5d1bf2b2035fa9ff38e73
representative,p2-main-nonlinear-d5-s212005-B400-c0.5-none,M1,0,1,2,0.782249093,-0.501084626,0.774281502,2.01809359,2048,1043024,976957b7df6ceeaec59175ea70e3003b4be1ae25ded5d1bf2b2035fa9ff38e73
representative,p2-main-nonlinear-d5-s212005-B400-c0.5-none,M2,0,1,-2,-0.519166589,-1.86099005,-0.486950397,0.63960886,2048,1043024,0a21a662588ebd2f710052ffd0cf69500d570e09a6071e5835ce64eb9e8c0462
representative,p2-main-nonlinear-d5-s212005-B400-c0.5-none,M2,0,1,-1.75,-0.460958779,-1.79629314,-0.42382127,0.70630157,2048,1043024,0a21a662588ebd2f710052ffd0cf69500d570e09a6071e5835ce64eb9e8c0462
representative,p2-main-nonlinear-d5-s212005-B400-c0.5-none,M2,0,1,-1.5,-0.398283333,-1.73221767,-0.352421165,0.777218044,2048,1043024,0a21a662588ebd2f710052ffd0cf69500d570e09a6071e5835ce64eb9e8c0462
representative,p2-main-nonlinear-d5-s212005-B400-c0.5-none,M2,0,1,-1.25,-0.330964863,-1.66121566,-0.27406612,0.86307323,2048,1043024,0a21a662588ebd2f710052ffd0cf69500d570e09a6071e5835ce64eb9e8c0462
representative,p2-main-nonlinear-d5-s212005-B400-c0.5-none,M2,0,1,-1,-0.258891553,-1.59826875,-0.20250468,0.962168515,2048,1043024,0a21a662588ebd2f710052ffd0cf69500d570e09a6071e5835ce64eb9e8c0462
representative,p2-main-nonlinear-d5-s212005-B400-c0.5-none,M2,0,1,-0.75,-0.182043657,-1.50667,-0.118967749,1.05337858,2048,1043024,0a21a662588ebd2f710052ffd0cf69500d570e09a6071e5835ce64eb9e8c0462
representative,p2-main-nonlinear-d5-s212005-B400-c0.5-none,M2,0,1,-0.5,-0.100481682,-1.4427315,-0.0404282659,1.1641624,2048,1043024,0a21a662588ebd2f710052ffd0cf69500d570e09a6071e5835ce64eb9e8c0462
representative,p2-main-nonlinear-d5-s212005-B400-c0.5-none,M2,0,1,-0.25,-0.0143715218,-1.35403371,0.0449765138,1.27699709,2048,1043024,0a21a662588ebd2f710052ffd0cf69500d570e09a6071e5835ce64eb9e8c0462
representative,p2-main-nonlinear-d5-s212005-B400-c0.5-none,M2,0,1,0,0.0760249943,-1.2720381,0.130653769,1.38278544,2048,1043024,0a21a662588ebd2f710052ffd0cf69500d570e09a6071e5835ce64eb9e8c0462
representative,p2-main-nonlinear-d5-s212005-B400-c0.5-none,M2,0,1,0.25,0.170285806,-1.18492746,0.214716002,1.48262703,2048,1043024,0a21a662588ebd2f710052ffd0cf69500d570e09a6071e5835ce64eb9e8c0462
representative,p2-main-nonlinear-d5-s212005-B400-c0.5-none,M2,0,1,0.5,0.267859876,-1.0852195,0.307875037,1.58307147,2048,1043024,0a21a662588ebd2f710052ffd0cf69500d570e09a6071e5835ce64eb9e8c0462
representative,p2-main-nonlinear-d5-s212005-B400-c0.5-none,M2,0,1,0.75,0.367976338,-0.992230773,0.398075104,1.68142247,2048,1043024,0a21a662588ebd2f710052ffd0cf69500d570e09a6071e5835ce64eb9e8c0462
representative,p2-main-nonlinear-d5-s212005-B400-c0.5-none,M2,0,1,1,0.469750315,-0.89269042,0.491693795,1.78350616,2048,1043024,0a21a662588ebd2f710052ffd0cf69500d570e09a6071e5835ce64eb9e8c0462
representative,p2-main-nonlinear-d5-s212005-B400-c0.5-none,M2,0,1,1.25,0.572102964,-0.781424046,0.587536931,1.87450969,2048,1043024,0a21a662588ebd2f710052ffd0cf69500d570e09a6071e5835ce64eb9e8c0462
representative,p2-main-nonlinear-d5-s212005-B400-c0.5-none,M2,0,1,1.5,0.673835874,-0.680623531,0.685372829,1.95727885,2048,1043024,0a21a662588ebd2f710052ffd0cf69500d570e09a6071e5835ce64eb9e8c0462
representative,p2-main-nonlinear-d5-s212005-B400-c0.5-none,M2,0,1,1.75,0.773789525,-0.583685219,0.787256598,2.02775359,2048,1043024,0a21a662588ebd2f710052ffd0cf69500d570e09a6071e5835ce64eb9e8c0462
representative,p2-main-nonlinear-d5-s212005-B400-c0.5-none,M2,0,1,2,0.870926082,-0.483505428,0.885712504,2.09975576,2048,1043024,0a21a662588ebd2f710052ffd0cf69500d570e09a6071e5835ce64eb9e8c0462
representative,p2-main-nonlinear-d5-s212005-B400-c0.5-none,M3,0,1,-2,-1.19549549,-2.16235113,-1.28419232,-0.0287017878,2048,1043024,0bcce3a34a97ee82b0696cc7ef2147cc119e7ce1ace4edd161e5b9e8554eea79
representative,p2-main-nonlinear-d5-s212005-B400-c0.5-none,M3,0,1,-1.75,-1.13451195,-2.10627508,-1.22816968,0.0187465809,2048,1043024,0bcce3a34a97ee82b0696cc7ef2147cc119e7ce1ace4edd161e5b9e8554eea79
representative,p2-main-nonlinear-d5-s212005-B400-c0.5-none,M3,0,1,-1.5,-1.05606079,-2.0369184,-1.14904189,0.0827085897,2048,1043024,0bcce3a34a97ee82b0696cc7ef2147cc119e7ce1ace4edd161e5b9e8554eea79
representative,p2-main-nonlinear-d5-s212005-B400-c0.5-none,M3,0,1,-1.25,-0.957850337,-1.95495605,-1.04658115,0.163015366,2048,1043024,0bcce3a34a97ee82b0696cc7ef2147cc119e7ce1ace4edd161e5b9e8554eea79
representative,p2-main-nonlinear-d5-s212005-B400-c0.5-none,M3,0,1,-1,-0.838131905,-1.85576057,-0.913774848,0.260062784,2048,1043024,0bcce3a34a97ee82b0696cc7ef2147cc119e7ce1ace4edd161e5b9e8554eea79
representative,p2-main-nonlinear-d5-s212005-B400-c0.5-none,M3,0,1,-0.75,-0.695790052,-1.7337625,-0.758354068,0.396587253,2048,1043024,0bcce3a34a97ee82b0696cc7ef2147cc119e7ce1ace4edd161e5b9e8554eea79
representative,p2-main-nonlinear-d5-s212005-B400-c0.5-none,M3,0,1,-0.5,-0.530870616,-1.58482301,-0.57372582,0.564160824,2048,1043024,0bcce3a34a97ee82b0696cc7ef2147cc119e7ce1ace4edd161e5b9e8554eea79
representative,p2-main-nonlinear-d5-s212005-B400-c0.5-none,M3,0,1,-0.25,-0.34491694,-1.42746282,-0.366092145,0.76689142,2048,1043024,0bcce3a34a97ee82b0696cc7ef2147cc119e7ce1ace4edd161e5b9e8554eea79
representative,p2-main-nonlinear-d5-s212005-B400-c0.5-none,M3,0,1,0,-0.140510604,-1.2615881,-0.1400837,0.992159903,2048,1043024,0bcce3a34a97ee82b0696cc7ef2147cc119e7ce1ace4edd161e5b9e8554eea79
representative,p2-main-nonlinear-d5-s212005-B400-c0.5-none,M3,0,1,0.25,0.0780758262,-1.0747987,0.0796961933,1.22694588,2048,1043024,0bcce3a34a97ee82b0696cc7ef2147cc119e7ce1ace4edd161e5b9e8554eea79
representative,p2-main-nonlinear-d5-s212005-B400-c0.5-none,M3,0,1,0.5,0.305040359,-0.89144969,0.297448516,1.47055173,2048,1043024,0bcce3a34a97ee82b0696cc7ef2147cc119e7ce1ace4edd161e5b9e8554eea79
representative,p2-main-nonlinear-d5-s212005-B400-c0.5-none,M3,0,1,0.75,0.533650994,-0.682376921,0.524270296,1.69766498,2048,1043024,0bcce3a34a97ee82b0696cc7ef2147cc119e7ce1ace4edd161e5b9e8554eea79
representative,p2-main-nonlinear-d5-s212005-B400-c0.5-none,M3,0,1,1,0.756178856,-0.472134471,0.753067732,1.91178608,2048,1043024,0bcce3a34a97ee82b0696cc7ef2147cc119e7ce1ace4edd161e5b9e8554eea79
representative,p2-main-nonlinear-d5-s212005-B400-c0.5-none,M3,0,1,1.25,0.96522212,-0.273030013,0.991511822,2.10381579,2048,1043024,0bcce3a34a97ee82b0696cc7ef2147cc119e7ce1ace4edd161e5b9e8554eea79
representative,p2-main-nonlinear-d5-s212005-B400-c0.5-none,M3,0,1,1.5,1.1542623,-0.085178636,1.20527792,2.26498747,2048,1043024,0bcce3a34a97ee82b0696cc7ef2147cc119e7ce1ace4edd161e5b9e8554eea79
representative,p2-main-nonlinear-d5-s212005-B400-c0.5-none,M3,0,1,1.75,1.31805897,0.0764755234,1.38700151,2.39903283,2048,1043024,0bcce3a34a97ee82b0696cc7ef2147cc119e7ce1ace4edd161e5b9e8554eea79
representative,p2-main-nonlinear-d5-s212005-B400-c0.5-none,M3,0,1,2,1.45338273,0.210564107,1.52977586,2.50402427,2048,1043024,0bcce3a34a97ee82b0696cc7ef2147cc119e7ce1ace4edd161e5b9e8554eea79
representative,p2-main-nonlinear-d5-s212005-B400-c0.5-none,M4,0,1,-2,-1.19549549,-2.16235113,-1.28419232,-0.0287017878,2048,1043024,0bcce3a34a97ee82b0696cc7ef2147cc119e7ce1ace4edd161e5b9e8554eea79
representative,p2-main-nonlinear-d5-s212005-B400-c0.5-none,M4,0,1,-1.75,-1.13451195,-2.10627508,-1.22816968,0.0187465809,2048,1043024,0bcce3a34a97ee82b0696cc7ef2147cc119e7ce1ace4edd161e5b9e8554eea79
representative,p2-main-nonlinear-d5-s212005-B400-c0.5-none,M4,0,1,-1.5,-1.05606079,-2.0369184,-1.14904189,0.0827085897,2048,1043024,0bcce3a34a97ee82b0696cc7ef2147cc119e7ce1ace4edd161e5b9e8554eea79
representative,p2-main-nonlinear-d5-s212005-B400-c0.5-none,M4,0,1,-1.25,-0.957850337,-1.95495605,-1.04658115,0.163015366,2048,1043024,0bcce3a34a97ee82b0696cc7ef2147cc119e7ce1ace4edd161e5b9e8554eea79
representative,p2-main-nonlinear-d5-s212005-B400-c0.5-none,M4,0,1,-1,-0.838131905,-1.85576057,-0.913774848,0.260062784,2048,1043024,0bcce3a34a97ee82b0696cc7ef2147cc119e7ce1ace4edd161e5b9e8554eea79
representative,p2-main-nonlinear-d5-s212005-B400-c0.5-none,M4,0,1,-0.75,-0.695790052,-1.7337625,-0.758354068,0.396587253,2048,1043024,0bcce3a34a97ee82b0696cc7ef2147cc119e7ce1ace4edd161e5b9e8554eea79
representative,p2-main-nonlinear-d5-s212005-B400-c0.5-none,M4,0,1,-0.5,-0.530870616,-1.58482301,-0.57372582,0.564160824,2048,1043024,0bcce3a34a97ee82b0696cc7ef2147cc119e7ce1ace4edd161e5b9e8554eea79
representative,p2-main-nonlinear-d5-s212005-B400-c0.5-none,M4,0,1,-0.25,-0.34491694,-1.42746282,-0.366092145,0.76689142,2048,1043024,0bcce3a34a97ee82b0696cc7ef2147cc119e7ce1ace4edd161e5b9e8554eea79
representative,p2-main-nonlinear-d5-s212005-B400-c0.5-none,M4,0,1,0,-0.140510604,-1.2615881,-0.1400837,0.992159903,2048,1043024,0bcce3a34a97ee82b0696cc7ef2147cc119e7ce1ace4edd161e5b9e8554eea79
representative,p2-main-nonlinear-d5-s212005-B400-c0.5-none,M4,0,1,0.25,0.0780758262,-1.0747987,0.0796961933,1.22694588,2048,1043024,0bcce3a34a97ee82b0696cc7ef2147cc119e7ce1ace4edd161e5b9e8554eea79
representative,p2-main-nonlinear-d5-s212005-B400-c0.5-none,M4,0,1,0.5,0.305040359,-0.89144969,0.297448516,1.47055173,2048,1043024,0bcce3a34a97ee82b0696cc7ef2147cc119e7ce1ace4edd161e5b9e8554eea79
representative,p2-main-nonlinear-d5-s212005-B400-c0.5-none,M4,0,1,0.75,0.533650994,-0.682376921,0.524270296,1.69766498,2048,1043024,0bcce3a34a97ee82b0696cc7ef2147cc119e7ce1ace4edd161e5b9e8554eea79
representative,p2-main-nonlinear-d5-s212005-B400-c0.5-none,M4,0,1,1,0.756178856,-0.472134471,0.753067732,1.91178608,2048,1043024,0bcce3a34a97ee82b0696cc7ef2147cc119e7ce1ace4edd161e5b9e8554eea79
representative,p2-main-nonlinear-d5-s212005-B400-c0.5-none,M4,0,1,1.25,0.96522212,-0.273030013,0.991511822,2.10381579,2048,1043024,0bcce3a34a97ee82b0696cc7ef2147cc119e7ce1ace4edd161e5b9e8554eea79
representative,p2-main-nonlinear-d5-s212005-B400-c0.5-none,M4,0,1,1.5,1.1542623,-0.085178636,1.20527792,2.26498747,2048,1043024,0bcce3a34a97ee82b0696cc7ef2147cc119e7ce1ace4edd161e5b9e8554eea79
representative,p2-main-nonlinear-d5-s212005-B400-c0.5-none,M4,0,1,1.75,1.31805897,0.0764755234,1.38700151,2.39903283,2048,1043024,0bcce3a34a97ee82b0696cc7ef2147cc119e7ce1ace4edd161e5b9e8554eea79
representative,p2-main-nonlinear-d5-s212005-B400-c0.5-none,M4,0,1,2,1.45338273,0.210564107,1.52977586,2.50402427,2048,1043024,0bcce3a34a97ee82b0696cc7ef2147cc119e7ce1ace4edd161e5b9e8554eea79
representative,p2-main-nonlinear-d5-s212005-B400-c0.5-none,M5,0,1,-2,-1.04702604,-2.11452317,-1.11494803,0.174936101,2048,1043024,c07de7669a5086a6d84b7357012cf9390bfe10450bfa145829050db3b07633ee
representative,p2-main-nonlinear-d5-s212005-B400-c0.5-none,M5,0,1,-1.75,-0.985854149,-2.06093979,-1.05115271,0.233659372,2048,1043024,c07de7669a5086a6d84b7357012cf9390bfe10450bfa145829050db3b07633ee
representative,p2-main-nonlinear-d5-s212005-B400-c0.5-none,M5,0,1,-1.5,-0.910048008,-1.99297476,-0.974313736,0.299219936,2048,1043024,c07de7669a5086a6d84b7357012cf9390bfe10450bfa145829050db3b07633ee
representative,p2-main-nonlinear-d5-s212005-B400-c0.5-none,M5,0,1,-1.25,-0.818086326,-1.91299522,-0.869459391,0.372226804,2048,1043024,c07de7669a5086a6d84b7357012cf9390bfe10450bfa145829050db3b07633ee
representative,p2-main-nonlinear-d5-s212005-B400-c0.5-none,M5,0,1,-1,-0.708881557,-1.81657755,-0.746853352,0.476378828,2048,1043024,c07de7669a5086a6d84b7357012cf9390bfe10450bfa145829050db3b07633ee
representative,p2-main-nonlinear-d5-s212005-B400-c0.5-none,M5,0,1,-0.75,-0.581792176,-1.71085298,-0.600710511,0.588858068,2048,1043024,c07de7669a5086a6d84b7357012cf9390bfe10450bfa145829050db3b07633ee
representative,p2-main-nonlinear-d5-s212005-B400-c0.5-none,M5,0,1,-0.5,-0.437059402,-1.58482301,-0.447629273,0.737297595,2048,1043024,c07de7669a5086a6d84b7357012cf9390bfe10450bfa145829050db3b07633ee
representative,p2-main-nonlinear-d5-s212005-B400-c0.5-none,M5,0,1,-0.25,-0.27625227,-1.43904316,-0.273494154,0.891687751,2048,1043024,c07de7669a5086a6d84b7357012cf9390bfe10450bfa145829050db3b07633ee
representative,p2-main-nonlinear-d5-s212005-B400-c0.5-none,M5,0,1,0,-0.101557478,-1.29710126,-0.0794238746,1.07077396,2048,1043024,c07de7669a5086a6d84b7357012cf9390bfe10450bfa145829050db3b07633ee
representative,p2-main-nonlinear-d5-s212005-B400-c0.5-none,M5,0,1,0.25,0.083818078,-1.13652909,0.0976904631,1.27479351,2048,1043024,c07de7669a5086a6d84b7357012cf9390bfe10450bfa145829050db3b07633ee
representative,p2-main-nonlinear-d5-s212005-B400-c0.5-none,M5,0,1,0.5,0.275494635,-0.98872757,0.284105152,1.45144486,2048,1043024,c07de7669a5086a6d84b7357012cf9390bfe10450bfa145829050db3b07633ee
representative,p2-main-nonlinear-d5-s212005-B400-c0.5-none,M5,0,1,0.75,0.468346626,-0.847665668,0.484384269,1.65046239,2048,1043024,c07de7669a5086a6d84b7357012cf9390bfe10450bfa145829050db3b07633ee
representative,p2-main-nonlinear-d5-s212005-B400-c0.5-none,M5,0,1,1,0.65650171,-0.706250846,0.67979461,1.85279906,2048,1043024,c07de7669a5086a6d84b7357012cf9390bfe10450bfa145829050db3b07633ee
representative,p2-main-nonlinear-d5-s212005-B400-c0.5-none,M5,0,1,1.25,0.834230542,-0.571637213,0.873052716,2.03428674,2048,1043024,c07de7669a5086a6d84b7357012cf9390bfe10450bfa145829050db3b07633ee
representative,p2-main-nonlinear-d5-s212005-B400-c0.5-none,M5,0,1,1.5,0.996571302,-0.43454206,1.05525184,2.19885659,2048,1043024,c07de7669a5086a6d84b7357012cf9390bfe10450bfa145829050db3b07633ee
representative,p2-main-nonlinear-d5-s212005-B400-c0.5-none,M5,0,1,1.75,1.13957906,-0.302603781,1.21240211,2.32267857,2048,1043024,c07de7669a5086a6d84b7357012cf9390bfe10450bfa145829050db3b07633ee
representative,p2-main-nonlinear-d5-s212005-B400-c0.5-none,M5,0,1,2,1.26072788,-0.197581455,1.34707665,2.41978145,2048,1043024,c07de7669a5086a6d84b7357012cf9390bfe10450bfa145829050db3b07633ee
adverse,p2-main-linear-d5-s211004-B100-c0.2-none,truth,0,1,-2,-0.0218362678,-1.63209963,-0.0343340077,1.5843035,2048,1042023,reference-SCM
adverse,p2-main-linear-d5-s211004-B100-c0.2-none,truth,0,1,-1.75,-0.0218362678,-1.63209963,-0.0343340077,1.5843035,2048,1042023,reference-SCM
adverse,p2-main-linear-d5-s211004-B100-c0.2-none,truth,0,1,-1.5,-0.0218362678,-1.63209963,-0.0343340077,1.5843035,2048,1042023,reference-SCM
adverse,p2-main-linear-d5-s211004-B100-c0.2-none,truth,0,1,-1.25,-0.0218362678,-1.63209963,-0.0343340077,1.5843035,2048,1042023,reference-SCM
adverse,p2-main-linear-d5-s211004-B100-c0.2-none,truth,0,1,-1,-0.0218362678,-1.63209963,-0.0343340077,1.5843035,2048,1042023,reference-SCM
adverse,p2-main-linear-d5-s211004-B100-c0.2-none,truth,0,1,-0.75,-0.0218362678,-1.63209963,-0.0343340077,1.5843035,2048,1042023,reference-SCM
adverse,p2-main-linear-d5-s211004-B100-c0.2-none,truth,0,1,-0.5,-0.0218362678,-1.63209963,-0.0343340077,1.5843035,2048,1042023,reference-SCM
adverse,p2-main-linear-d5-s211004-B100-c0.2-none,truth,0,1,-0.25,-0.0218362678,-1.63209963,-0.0343340077,1.5843035,2048,1042023,reference-SCM
adverse,p2-main-linear-d5-s211004-B100-c0.2-none,truth,0,1,0,-0.0218362678,-1.63209963,-0.0343340077,1.5843035,2048,1042023,reference-SCM
adverse,p2-main-linear-d5-s211004-B100-c0.2-none,truth,0,1,0.25,-0.0218362678,-1.63209963,-0.0343340077,1.5843035,2048,1042023,reference-SCM
adverse,p2-main-linear-d5-s211004-B100-c0.2-none,truth,0,1,0.5,-0.0218362678,-1.63209963,-0.0343340077,1.5843035,2048,1042023,reference-SCM
adverse,p2-main-linear-d5-s211004-B100-c0.2-none,truth,0,1,0.75,-0.0218362678,-1.63209963,-0.0343340077,1.5843035,2048,1042023,reference-SCM
adverse,p2-main-linear-d5-s211004-B100-c0.2-none,truth,0,1,1,-0.0218362678,-1.63209963,-0.0343340077,1.5843035,2048,1042023,reference-SCM
adverse,p2-main-linear-d5-s211004-B100-c0.2-none,truth,0,1,1.25,-0.0218362678,-1.63209963,-0.0343340077,1.5843035,2048,1042023,reference-SCM
adverse,p2-main-linear-d5-s211004-B100-c0.2-none,truth,0,1,1.5,-0.0218362678,-1.63209963,-0.0343340077,1.5843035,2048,1042023,reference-SCM
adverse,p2-main-linear-d5-s211004-B100-c0.2-none,truth,0,1,1.75,-0.0218362678,-1.63209963,-0.0343340077,1.5843035,2048,1042023,reference-SCM
adverse,p2-main-linear-d5-s211004-B100-c0.2-none,truth,0,1,2,-0.0218362678,-1.63209963,-0.0343340077,1.5843035,2048,1042023,reference-SCM
adverse,p2-main-linear-d5-s211004-B100-c0.2-none,fixed,0,1,-2,0.0196558684,-1.63517928,0.0308200754,1.59016752,2048,1042023,41621ae3daded96e5f2db107e640c6fdc5a5f0c93bc0daddd4b05e50c1b32cbe
adverse,p2-main-linear-d5-s211004-B100-c0.2-none,fixed,0,1,-1.75,0.0196558684,-1.63517928,0.0308200754,1.59016752,2048,1042023,41621ae3daded96e5f2db107e640c6fdc5a5f0c93bc0daddd4b05e50c1b32cbe
adverse,p2-main-linear-d5-s211004-B100-c0.2-none,fixed,0,1,-1.5,0.0196558684,-1.63517928,0.0308200754,1.59016752,2048,1042023,41621ae3daded96e5f2db107e640c6fdc5a5f0c93bc0daddd4b05e50c1b32cbe
adverse,p2-main-linear-d5-s211004-B100-c0.2-none,fixed,0,1,-1.25,0.0196558684,-1.63517928,0.0308200754,1.59016752,2048,1042023,41621ae3daded96e5f2db107e640c6fdc5a5f0c93bc0daddd4b05e50c1b32cbe
adverse,p2-main-linear-d5-s211004-B100-c0.2-none,fixed,0,1,-1,0.0196558684,-1.63517928,0.0308200754,1.59016752,2048,1042023,41621ae3daded96e5f2db107e640c6fdc5a5f0c93bc0daddd4b05e50c1b32cbe
adverse,p2-main-linear-d5-s211004-B100-c0.2-none,fixed,0,1,-0.75,0.0196558684,-1.63517928,0.0308200754,1.59016752,2048,1042023,41621ae3daded96e5f2db107e640c6fdc5a5f0c93bc0daddd4b05e50c1b32cbe
adverse,p2-main-linear-d5-s211004-B100-c0.2-none,fixed,0,1,-0.5,0.0196558684,-1.63517928,0.0308200754,1.59016752,2048,1042023,41621ae3daded96e5f2db107e640c6fdc5a5f0c93bc0daddd4b05e50c1b32cbe
adverse,p2-main-linear-d5-s211004-B100-c0.2-none,fixed,0,1,-0.25,0.0196558684,-1.63517928,0.0308200754,1.59016752,2048,1042023,41621ae3daded96e5f2db107e640c6fdc5a5f0c93bc0daddd4b05e50c1b32cbe
adverse,p2-main-linear-d5-s211004-B100-c0.2-none,fixed,0,1,0,0.0196558684,-1.63517928,0.0308200754,1.59016752,2048,1042023,41621ae3daded96e5f2db107e640c6fdc5a5f0c93bc0daddd4b05e50c1b32cbe
adverse,p2-main-linear-d5-s211004-B100-c0.2-none,fixed,0,1,0.25,0.0196558684,-1.63517928,0.0308200754,1.59016752,2048,1042023,41621ae3daded96e5f2db107e640c6fdc5a5f0c93bc0daddd4b05e50c1b32cbe
adverse,p2-main-linear-d5-s211004-B100-c0.2-none,fixed,0,1,0.5,0.0196558684,-1.63517928,0.0308200754,1.59016752,2048,1042023,41621ae3daded96e5f2db107e640c6fdc5a5f0c93bc0daddd4b05e50c1b32cbe
adverse,p2-main-linear-d5-s211004-B100-c0.2-none,fixed,0,1,0.75,0.0196558684,-1.63517928,0.0308200754,1.59016752,2048,1042023,41621ae3daded96e5f2db107e640c6fdc5a5f0c93bc0daddd4b05e50c1b32cbe
adverse,p2-main-linear-d5-s211004-B100-c0.2-none,fixed,0,1,1,0.0196558684,-1.63517928,0.0308200754,1.59016752,2048,1042023,41621ae3daded96e5f2db107e640c6fdc5a5f0c93bc0daddd4b05e50c1b32cbe
adverse,p2-main-linear-d5-s211004-B100-c0.2-none,fixed,0,1,1.25,0.0196558684,-1.63517928,0.0308200754,1.59016752,2048,1042023,41621ae3daded96e5f2db107e640c6fdc5a5f0c93bc0daddd4b05e50c1b32cbe
adverse,p2-main-linear-d5-s211004-B100-c0.2-none,fixed,0,1,1.5,0.0196558684,-1.63517928,0.0308200754,1.59016752,2048,1042023,41621ae3daded96e5f2db107e640c6fdc5a5f0c93bc0daddd4b05e50c1b32cbe
adverse,p2-main-linear-d5-s211004-B100-c0.2-none,fixed,0,1,1.75,0.0196558684,-1.63517928,0.0308200754,1.59016752,2048,1042023,41621ae3daded96e5f2db107e640c6fdc5a5f0c93bc0daddd4b05e50c1b32cbe
adverse,p2-main-linear-d5-s211004-B100-c0.2-none,fixed,0,1,2,0.0196558684,-1.63517928,0.0308200754,1.59016752,2048,1042023,41621ae3daded96e5f2db107e640c6fdc5a5f0c93bc0daddd4b05e50c1b32cbe
adverse,p2-main-linear-d5-s211004-B100-c0.2-none,M0,0,1,-2,0.0402787253,-1.62320578,0.0519586876,1.71544242,2048,1042023,4196b7cab1c2fff3c1e86e119dccf70d52daed6b731cd36ac689ae2114dccdc9
adverse,p2-main-linear-d5-s211004-B100-c0.2-none,M0,0,1,-1.75,0.0402787253,-1.62320578,0.0519586876,1.71544242,2048,1042023,4196b7cab1c2fff3c1e86e119dccf70d52daed6b731cd36ac689ae2114dccdc9
adverse,p2-main-linear-d5-s211004-B100-c0.2-none,M0,0,1,-1.5,0.0402787253,-1.62320578,0.0519586876,1.71544242,2048,1042023,4196b7cab1c2fff3c1e86e119dccf70d52daed6b731cd36ac689ae2114dccdc9
adverse,p2-main-linear-d5-s211004-B100-c0.2-none,M0,0,1,-1.25,0.0402787253,-1.62320578,0.0519586876,1.71544242,2048,1042023,4196b7cab1c2fff3c1e86e119dccf70d52daed6b731cd36ac689ae2114dccdc9
adverse,p2-main-linear-d5-s211004-B100-c0.2-none,M0,0,1,-1,0.0402787253,-1.62320578,0.0519586876,1.71544242,2048,1042023,4196b7cab1c2fff3c1e86e119dccf70d52daed6b731cd36ac689ae2114dccdc9
adverse,p2-main-linear-d5-s211004-B100-c0.2-none,M0,0,1,-0.75,0.0402787253,-1.62320578,0.0519586876,1.71544242,2048,1042023,4196b7cab1c2fff3c1e86e119dccf70d52daed6b731cd36ac689ae2114dccdc9
adverse,p2-main-linear-d5-s211004-B100-c0.2-none,M0,0,1,-0.5,0.0402787253,-1.62320578,0.0519586876,1.71544242,2048,1042023,4196b7cab1c2fff3c1e86e119dccf70d52daed6b731cd36ac689ae2114dccdc9
adverse,p2-main-linear-d5-s211004-B100-c0.2-none,M0,0,1,-0.25,0.0402787253,-1.62320578,0.0519586876,1.71544242,2048,1042023,4196b7cab1c2fff3c1e86e119dccf70d52daed6b731cd36ac689ae2114dccdc9
adverse,p2-main-linear-d5-s211004-B100-c0.2-none,M0,0,1,0,0.0402787253,-1.62320578,0.0519586876,1.71544242,2048,1042023,4196b7cab1c2fff3c1e86e119dccf70d52daed6b731cd36ac689ae2114dccdc9
adverse,p2-main-linear-d5-s211004-B100-c0.2-none,M0,0,1,0.25,0.0402787253,-1.62320578,0.0519586876,1.71544242,2048,1042023,4196b7cab1c2fff3c1e86e119dccf70d52daed6b731cd36ac689ae2114dccdc9
adverse,p2-main-linear-d5-s211004-B100-c0.2-none,M0,0,1,0.5,0.0402787253,-1.62320578,0.0519586876,1.71544242,2048,1042023,4196b7cab1c2fff3c1e86e119dccf70d52daed6b731cd36ac689ae2114dccdc9
adverse,p2-main-linear-d5-s211004-B100-c0.2-none,M0,0,1,0.75,0.0402787253,-1.62320578,0.0519586876,1.71544242,2048,1042023,4196b7cab1c2fff3c1e86e119dccf70d52daed6b731cd36ac689ae2114dccdc9
adverse,p2-main-linear-d5-s211004-B100-c0.2-none,M0,0,1,1,0.0402787253,-1.62320578,0.0519586876,1.71544242,2048,1042023,4196b7cab1c2fff3c1e86e119dccf70d52daed6b731cd36ac689ae2114dccdc9
adverse,p2-main-linear-d5-s211004-B100-c0.2-none,M0,0,1,1.25,0.0402787253,-1.62320578,0.0519586876,1.71544242,2048,1042023,4196b7cab1c2fff3c1e86e119dccf70d52daed6b731cd36ac689ae2114dccdc9
adverse,p2-main-linear-d5-s211004-B100-c0.2-none,M0,0,1,1.5,0.0402787253,-1.62320578,0.0519586876,1.71544242,2048,1042023,4196b7cab1c2fff3c1e86e119dccf70d52daed6b731cd36ac689ae2114dccdc9
adverse,p2-main-linear-d5-s211004-B100-c0.2-none,M0,0,1,1.75,0.0402787253,-1.62320578,0.0519586876,1.71544242,2048,1042023,4196b7cab1c2fff3c1e86e119dccf70d52daed6b731cd36ac689ae2114dccdc9
adverse,p2-main-linear-d5-s211004-B100-c0.2-none,M0,0,1,2,0.0402787253,-1.62320578,0.0519586876,1.71544242,2048,1042023,4196b7cab1c2fff3c1e86e119dccf70d52daed6b731cd36ac689ae2114dccdc9
adverse,p2-main-linear-d5-s211004-B100-c0.2-none,M1,0,1,-2,0.0088813249,-1.42399657,0.0014333725,1.43731129,2048,1042023,8ffd8344017f0b8c654063ff2eb19c1320bd95b71acb32472aaeb4011bf25514
adverse,p2-main-linear-d5-s211004-B100-c0.2-none,M1,0,1,-1.75,0.0088813249,-1.42399657,0.0014333725,1.43731129,2048,1042023,8ffd8344017f0b8c654063ff2eb19c1320bd95b71acb32472aaeb4011bf25514
adverse,p2-main-linear-d5-s211004-B100-c0.2-none,M1,0,1,-1.5,0.0088813249,-1.42399657,0.0014333725,1.43731129,2048,1042023,8ffd8344017f0b8c654063ff2eb19c1320bd95b71acb32472aaeb4011bf25514
adverse,p2-main-linear-d5-s211004-B100-c0.2-none,M1,0,1,-1.25,0.0088813249,-1.42399657,0.0014333725,1.43731129,2048,1042023,8ffd8344017f0b8c654063ff2eb19c1320bd95b71acb32472aaeb4011bf25514
adverse,p2-main-linear-d5-s211004-B100-c0.2-none,M1,0,1,-1,0.0088813249,-1.42399657,0.0014333725,1.43731129,2048,1042023,8ffd8344017f0b8c654063ff2eb19c1320bd95b71acb32472aaeb4011bf25514
adverse,p2-main-linear-d5-s211004-B100-c0.2-none,M1,0,1,-0.75,0.0088813249,-1.42399657,0.0014333725,1.43731129,2048,1042023,8ffd8344017f0b8c654063ff2eb19c1320bd95b71acb32472aaeb4011bf25514
adverse,p2-main-linear-d5-s211004-B100-c0.2-none,M1,0,1,-0.5,0.0088813249,-1.42399657,0.0014333725,1.43731129,2048,1042023,8ffd8344017f0b8c654063ff2eb19c1320bd95b71acb32472aaeb4011bf25514
adverse,p2-main-linear-d5-s211004-B100-c0.2-none,M1,0,1,-0.25,0.0088813249,-1.42399657,0.0014333725,1.43731129,2048,1042023,8ffd8344017f0b8c654063ff2eb19c1320bd95b71acb32472aaeb4011bf25514
adverse,p2-main-linear-d5-s211004-B100-c0.2-none,M1,0,1,0,0.0088813249,-1.42399657,0.0014333725,1.43731129,2048,1042023,8ffd8344017f0b8c654063ff2eb19c1320bd95b71acb32472aaeb4011bf25514
adverse,p2-main-linear-d5-s211004-B100-c0.2-none,M1,0,1,0.25,0.0088813249,-1.42399657,0.0014333725,1.43731129,2048,1042023,8ffd8344017f0b8c654063ff2eb19c1320bd95b71acb32472aaeb4011bf25514
adverse,p2-main-linear-d5-s211004-B100-c0.2-none,M1,0,1,0.5,0.0088813249,-1.42399657,0.0014333725,1.43731129,2048,1042023,8ffd8344017f0b8c654063ff2eb19c1320bd95b71acb32472aaeb4011bf25514
adverse,p2-main-linear-d5-s211004-B100-c0.2-none,M1,0,1,0.75,0.0088813249,-1.42399657,0.0014333725,1.43731129,2048,1042023,8ffd8344017f0b8c654063ff2eb19c1320bd95b71acb32472aaeb4011bf25514
adverse,p2-main-linear-d5-s211004-B100-c0.2-none,M1,0,1,1,0.0088813249,-1.42399657,0.0014333725,1.43731129,2048,1042023,8ffd8344017f0b8c654063ff2eb19c1320bd95b71acb32472aaeb4011bf25514
adverse,p2-main-linear-d5-s211004-B100-c0.2-none,M1,0,1,1.25,0.0088813249,-1.42399657,0.0014333725,1.43731129,2048,1042023,8ffd8344017f0b8c654063ff2eb19c1320bd95b71acb32472aaeb4011bf25514
adverse,p2-main-linear-d5-s211004-B100-c0.2-none,M1,0,1,1.5,0.0088813249,-1.42399657,0.0014333725,1.43731129,2048,1042023,8ffd8344017f0b8c654063ff2eb19c1320bd95b71acb32472aaeb4011bf25514
adverse,p2-main-linear-d5-s211004-B100-c0.2-none,M1,0,1,1.75,0.0088813249,-1.42399657,0.0014333725,1.43731129,2048,1042023,8ffd8344017f0b8c654063ff2eb19c1320bd95b71acb32472aaeb4011bf25514
adverse,p2-main-linear-d5-s211004-B100-c0.2-none,M1,0,1,2,0.0088813249,-1.42399657,0.0014333725,1.43731129,2048,1042023,8ffd8344017f0b8c654063ff2eb19c1320bd95b71acb32472aaeb4011bf25514
adverse,p2-main-linear-d5-s211004-B100-c0.2-none,M2,0,1,-2,-1.42538166,-2.29546094,-1.63095093,0.18352133,2048,1042023,93b99bda2a0489f9da2698cd86508d1251093feb32560885615b968ff39d1897
adverse,p2-main-linear-d5-s211004-B100-c0.2-none,M2,0,1,-1.75,-1.10650766,-2.15596366,-1.18371081,0.527977407,2048,1042023,93b99bda2a0489f9da2698cd86508d1251093feb32560885615b968ff39d1897
adverse,p2-main-linear-d5-s211004-B100-c0.2-none,M2,0,1,-1.5,-0.806120813,-2.01149535,-0.892361581,0.772558212,2048,1042023,93b99bda2a0489f9da2698cd86508d1251093feb32560885615b968ff39d1897
adverse,p2-main-linear-d5-s211004-B100-c0.2-none,M2,0,1,-1.25,-0.536914289,-1.86466742,-0.637663245,0.944271624,2048,1042023,93b99bda2a0489f9da2698cd86508d1251093feb32560885615b968ff39d1897
adverse,p2-main-linear-d5-s211004-B100-c0.2-none,M2,0,1,-1,-0.298399508,-1.72112441,-0.375013709,1.07334614,2048,1042023,93b99bda2a0489f9da2698cd86508d1251093feb32560885615b968ff39d1897
adverse,p2-main-linear-d5-s211004-B100-c0.2-none,M2,0,1,-0.75,-0.0929763466,-1.58865488,-0.0898073465,1.18088317,2048,1042023,93b99bda2a0489f9da2698cd86508d1251093feb32560885615b968ff39d1897
adverse,p2-main-linear-d5-s211004-B100-c0.2-none,M2,0,1,-0.5,0.0747726783,-1.47491252,0.184728175,1.28091669,2048,1042023,93b99bda2a0489f9da2698cd86508d1251093feb32560885615b968ff39d1897
adverse,p2-main-linear-d5-s211004-B100-c0.2-none,M2,0,1,-0.25,0.203375667,-1.38482714,0.374440789,1.36855423,2048,1042023,93b99bda2a0489f9da2698cd86508d1251093feb32560885615b968ff39d1897
adverse,p2-main-linear-d5-s211004-B100-c0.2-none,M2,0,1,0,0.295005202,-1.31915689,0.491974533,1.43943083,2048,1042023,93b99bda2a0489f9da2698cd86508d1251093feb32560885615b968ff39d1897
adverse,p2-main-linear-d5-s211004-B100-c0.2-none,M2,0,1,0.25,0.354472756,-1.27466023,0.556854069,1.49363351,2048,1042023,93b99bda2a0489f9da2698cd86508d1251093feb32560885615b968ff39d1897
adverse,p2-main-linear-d5-s211004-B100-c0.2-none,M2,0,1,0.5,0.388820112,-1.2452569,0.583825707,1.53395844,2048,1042023,93b99bda2a0489f9da2698cd86508d1251093feb32560885615b968ff39d1897
adverse,p2-main-linear-d5-s211004-B100-c0.2-none,M2,0,1,0.75,0.407255918,-1.22337794,0.584572196,1.56489778,2048,1042023,93b99bda2a0489f9da2698cd86508d1251093feb32560885615b968ff39d1897
adverse,p2-main-linear-d5-s211004-B100-c0.2-none,M2,0,1,1,0.421103209,-1.2009033,0.57023561,1.59198427,2048,1042023,93b99bda2a0489f9da2698cd86508d1251093feb32560885615b968ff39d1897
adverse,p2-main-linear-d5-s211004-B100-c0.2-none,M2,0,1,1.25,0.443301916,-1.16881025,0.552643836,1.62114489,2048,1042023,93b99bda2a0489f9da2698cd86508d1251093feb32560885615b968ff39d1897
adverse,p2-main-linear-d5-s211004-B100-c0.2-none,M2,0,1,1.5,0.486770064,-1.11117554,0.543219864,1.65790975,2048,1042023,93b99bda2a0489f9da2698cd86508d1251093feb32560885615b968ff39d1897
adverse,p2-main-linear-d5-s211004-B100-c0.2-none,M2,0,1,1.75,0.560588896,-0.967249215,0.549908638,1.7065742,2048,1042023,93b99bda2a0489f9da2698cd86508d1251093feb32560885615b968ff39d1897
adverse,p2-main-linear-d5-s211004-B100-c0.2-none,M2,0,1,2,0.663582087,-0.5611884,0.574267626,1.76954246,2048,1042023,93b99bda2a0489f9da2698cd86508d1251093feb32560885615b968ff39d1897
adverse,p2-main-linear-d5-s211004-B100-c0.2-none,M3,0,1,-2,-0.358297706,-1.9288466,-0.344192266,0.997109056,2048,1042023,9415f12d42f045098fad924a16eafc5da85cbf6fcbd58e9060f321791583180f
adverse,p2-main-linear-d5-s211004-B100-c0.2-none,M3,0,1,-1.75,-0.299071938,-1.86642003,-0.28143996,1.0636605,2048,1042023,9415f12d42f045098fad924a16eafc5da85cbf6fcbd58e9060f321791583180f
adverse,p2-main-linear-d5-s211004-B100-c0.2-none,M3,0,1,-1.5,-0.245849252,-1.80299771,-0.23077473,1.12083733,2048,1042023,9415f12d42f045098fad924a16eafc5da85cbf6fcbd58e9060f321791583180f
adverse,p2-main-linear-d5-s211004-B100-c0.2-none,M3,0,1,-1.25,-0.199083954,-1.74847627,-0.189361662,1.17293441,2048,1042023,9415f12d42f045098fad924a16eafc5da85cbf6fcbd58e9060f321791583180f
adverse,p2-main-linear-d5-s211004-B100-c0.2-none,M3,0,1,-1,-0.158810318,-1.69550943,-0.152887046,1.22108626,2048,1042023,9415f12d42f045098fad924a16eafc5da85cbf6fcbd58e9060f321791583180f
adverse,p2-main-linear-d5-s211004-B100-c0.2-none,M3,0,1,-0.75,-0.124703929,-1.65396762,-0.125226825,1.26714206,2048,1042023,9415f12d42f045098fad924a16eafc5da85cbf6fcbd58e9060f321791583180f
adverse,p2-main-linear-d5-s211004-B100-c0.2-none,M3,0,1,-0.5,-0.0960951075,-1.6259501,-0.102642477,1.31059086,2048,1042023,9415f12d42f045098fad924a16eafc5da85cbf6fcbd58e9060f321791583180f
adverse,p2-main-linear-d5-s211004-B100-c0.2-none,M3,0,1,-0.25,-0.0720307305,-1.60870588,-0.0847939402,1.35319781,2048,1042023,9415f12d42f045098fad924a16eafc5da85cbf6fcbd58e9060f321791583180f
adverse,p2-main-linear-d5-s211004-B100-c0.2-none,M3,0,1,0,-0.051319737,-1.59079635,-0.0703265816,1.39648306,2048,1042023,9415f12d42f045098fad924a16eafc5da85cbf6fcbd58e9060f321791583180f
adverse,p2-main-linear-d5-s211004-B100-c0.2-none,M3,0,1,0.25,-0.0326512419,-1.56870604,-0.0520911179,1.4384774,2048,1042023,9415f12d42f045098fad924a16eafc5da85cbf6fcbd58e9060f321791583180f
adverse,p2-main-linear-d5-s211004-B100-c0.2-none,M3,0,1,0.5,-0.0145486314,-1.54757071,-0.0351618901,1.47797501,2048,1042023,9415f12d42f045098fad924a16eafc5da85cbf6fcbd58e9060f321791583180f
adverse,p2-main-linear-d5-s211004-B100-c0.2-none,M3,0,1,0.75,0.00442644954,-1.52622068,-0.0146114621,1.52079546,2048,1042023,9415f12d42f045098fad924a16eafc5da85cbf6fcbd58e9060f321791583180f
adverse,p2-main-linear-d5-s211004-B100-c0.2-none,M3,0,1,1,0.0257184599,-1.50328863,0.00856436323,1.56272995,2048,1042023,9415f12d42f045098fad924a16eafc5da85cbf6fcbd58e9060f321791583180f
adverse,p2-main-linear-d5-s211004-B100-c0.2-none,M3,0,1,1.25,0.0507142469,-1.47797263,0.0354977809,1.60667682,2048,1042023,9415f12d42f045098fad924a16eafc5da85cbf6fcbd58e9060f321791583180f
adverse,p2-main-linear-d5-s211004-B100-c0.2-none,M3,0,1,1.5,0.080362156,-1.4471997,0.0695007071,1.65261054,2048,1042023,9415f12d42f045098fad924a16eafc5da85cbf6fcbd58e9060f321791583180f
adverse,p2-main-linear-d5-s211004-B100-c0.2-none,M3,0,1,1.75,0.11521031,-1.41275561,0.111960389,1.69673741,2048,1042023,9415f12d42f045098fad924a16eafc5da85cbf6fcbd58e9060f321791583180f
adverse,p2-main-linear-d5-s211004-B100-c0.2-none,M3,0,1,2,0.155433834,-1.37237144,0.162748337,1.7418344,2048,1042023,9415f12d42f045098fad924a16eafc5da85cbf6fcbd58e9060f321791583180f
adverse,p2-main-linear-d5-s211004-B100-c0.2-none,M4,0,1,-2,-0.358297706,-1.9288466,-0.344192266,0.997109056,2048,1042023,9415f12d42f045098fad924a16eafc5da85cbf6fcbd58e9060f321791583180f
adverse,p2-main-linear-d5-s211004-B100-c0.2-none,M4,0,1,-1.75,-0.299071938,-1.86642003,-0.28143996,1.0636605,2048,1042023,9415f12d42f045098fad924a16eafc5da85cbf6fcbd58e9060f321791583180f
adverse,p2-main-linear-d5-s211004-B100-c0.2-none,M4,0,1,-1.5,-0.245849252,-1.80299771,-0.23077473,1.12083733,2048,1042023,9415f12d42f045098fad924a16eafc5da85cbf6fcbd58e9060f321791583180f
adverse,p2-main-linear-d5-s211004-B100-c0.2-none,M4,0,1,-1.25,-0.199083954,-1.74847627,-0.189361662,1.17293441,2048,1042023,9415f12d42f045098fad924a16eafc5da85cbf6fcbd58e9060f321791583180f
adverse,p2-main-linear-d5-s211004-B100-c0.2-none,M4,0,1,-1,-0.158810318,-1.69550943,-0.152887046,1.22108626,2048,1042023,9415f12d42f045098fad924a16eafc5da85cbf6fcbd58e9060f321791583180f
adverse,p2-main-linear-d5-s211004-B100-c0.2-none,M4,0,1,-0.75,-0.124703929,-1.65396762,-0.125226825,1.26714206,2048,1042023,9415f12d42f045098fad924a16eafc5da85cbf6fcbd58e9060f321791583180f
adverse,p2-main-linear-d5-s211004-B100-c0.2-none,M4,0,1,-0.5,-0.0960951075,-1.6259501,-0.102642477,1.31059086,2048,1042023,9415f12d42f045098fad924a16eafc5da85cbf6fcbd58e9060f321791583180f
adverse,p2-main-linear-d5-s211004-B100-c0.2-none,M4,0,1,-0.25,-0.0720307305,-1.60870588,-0.0847939402,1.35319781,2048,1042023,9415f12d42f045098fad924a16eafc5da85cbf6fcbd58e9060f321791583180f
adverse,p2-main-linear-d5-s211004-B100-c0.2-none,M4,0,1,0,-0.051319737,-1.59079635,-0.0703265816,1.39648306,2048,1042023,9415f12d42f045098fad924a16eafc5da85cbf6fcbd58e9060f321791583180f
adverse,p2-main-linear-d5-s211004-B100-c0.2-none,M4,0,1,0.25,-0.0326512419,-1.56870604,-0.0520911179,1.4384774,2048,1042023,9415f12d42f045098fad924a16eafc5da85cbf6fcbd58e9060f321791583180f
adverse,p2-main-linear-d5-s211004-B100-c0.2-none,M4,0,1,0.5,-0.0145486314,-1.54757071,-0.0351618901,1.47797501,2048,1042023,9415f12d42f045098fad924a16eafc5da85cbf6fcbd58e9060f321791583180f
adverse,p2-main-linear-d5-s211004-B100-c0.2-none,M4,0,1,0.75,0.00442644954,-1.52622068,-0.0146114621,1.52079546,2048,1042023,9415f12d42f045098fad924a16eafc5da85cbf6fcbd58e9060f321791583180f
adverse,p2-main-linear-d5-s211004-B100-c0.2-none,M4,0,1,1,0.0257184599,-1.50328863,0.00856436323,1.56272995,2048,1042023,9415f12d42f045098fad924a16eafc5da85cbf6fcbd58e9060f321791583180f
adverse,p2-main-linear-d5-s211004-B100-c0.2-none,M4,0,1,1.25,0.0507142469,-1.47797263,0.0354977809,1.60667682,2048,1042023,9415f12d42f045098fad924a16eafc5da85cbf6fcbd58e9060f321791583180f
adverse,p2-main-linear-d5-s211004-B100-c0.2-none,M4,0,1,1.5,0.080362156,-1.4471997,0.0695007071,1.65261054,2048,1042023,9415f12d42f045098fad924a16eafc5da85cbf6fcbd58e9060f321791583180f
adverse,p2-main-linear-d5-s211004-B100-c0.2-none,M4,0,1,1.75,0.11521031,-1.41275561,0.111960389,1.69673741,2048,1042023,9415f12d42f045098fad924a16eafc5da85cbf6fcbd58e9060f321791583180f
adverse,p2-main-linear-d5-s211004-B100-c0.2-none,M4,0,1,2,0.155433834,-1.37237144,0.162748337,1.7418344,2048,1042023,9415f12d42f045098fad924a16eafc5da85cbf6fcbd58e9060f321791583180f
adverse,p2-main-linear-d5-s211004-B100-c0.2-none,M5,0,1,-2,0.0196558703,-1.63517928,0.0308200754,1.59016752,2048,1042023,b5d4af34c15b0acbc64c621e0efb07c93c8f545d14eed1f253e7232876c15f9a
adverse,p2-main-linear-d5-s211004-B100-c0.2-none,M5,0,1,-1.75,0.0196558703,-1.63517928,0.0308200754,1.59016752,2048,1042023,b5d4af34c15b0acbc64c621e0efb07c93c8f545d14eed1f253e7232876c15f9a
adverse,p2-main-linear-d5-s211004-B100-c0.2-none,M5,0,1,-1.5,0.0196558703,-1.63517928,0.0308200754,1.59016752,2048,1042023,b5d4af34c15b0acbc64c621e0efb07c93c8f545d14eed1f253e7232876c15f9a
adverse,p2-main-linear-d5-s211004-B100-c0.2-none,M5,0,1,-1.25,0.0196558703,-1.63517928,0.0308200754,1.59016752,2048,1042023,b5d4af34c15b0acbc64c621e0efb07c93c8f545d14eed1f253e7232876c15f9a
adverse,p2-main-linear-d5-s211004-B100-c0.2-none,M5,0,1,-1,0.0196558703,-1.63517928,0.0308200754,1.59016752,2048,1042023,b5d4af34c15b0acbc64c621e0efb07c93c8f545d14eed1f253e7232876c15f9a
adverse,p2-main-linear-d5-s211004-B100-c0.2-none,M5,0,1,-0.75,0.0196558703,-1.63517928,0.0308200754,1.59016752,2048,1042023,b5d4af34c15b0acbc64c621e0efb07c93c8f545d14eed1f253e7232876c15f9a
adverse,p2-main-linear-d5-s211004-B100-c0.2-none,M5,0,1,-0.5,0.0196558703,-1.63517928,0.0308200754,1.59016752,2048,1042023,b5d4af34c15b0acbc64c621e0efb07c93c8f545d14eed1f253e7232876c15f9a
adverse,p2-main-linear-d5-s211004-B100-c0.2-none,M5,0,1,-0.25,0.0196558703,-1.63517928,0.0308200754,1.59016752,2048,1042023,b5d4af34c15b0acbc64c621e0efb07c93c8f545d14eed1f253e7232876c15f9a
adverse,p2-main-linear-d5-s211004-B100-c0.2-none,M5,0,1,0,0.0196558703,-1.63517928,0.0308200754,1.59016752,2048,1042023,b5d4af34c15b0acbc64c621e0efb07c93c8f545d14eed1f253e7232876c15f9a
adverse,p2-main-linear-d5-s211004-B100-c0.2-none,M5,0,1,0.25,0.0196558703,-1.63517928,0.0308200754,1.59016752,2048,1042023,b5d4af34c15b0acbc64c621e0efb07c93c8f545d14eed1f253e7232876c15f9a
adverse,p2-main-linear-d5-s211004-B100-c0.2-none,M5,0,1,0.5,0.0196558703,-1.63517928,0.0308200754,1.59016752,2048,1042023,b5d4af34c15b0acbc64c621e0efb07c93c8f545d14eed1f253e7232876c15f9a
adverse,p2-main-linear-d5-s211004-B100-c0.2-none,M5,0,1,0.75,0.0196558703,-1.63517928,0.0308200754,1.59016752,2048,1042023,b5d4af34c15b0acbc64c621e0efb07c93c8f545d14eed1f253e7232876c15f9a
adverse,p2-main-linear-d5-s211004-B100-c0.2-none,M5,0,1,1,0.0196558703,-1.63517928,0.0308200754,1.59016752,2048,1042023,b5d4af34c15b0acbc64c621e0efb07c93c8f545d14eed1f253e7232876c15f9a
adverse,p2-main-linear-d5-s211004-B100-c0.2-none,M5,0,1,1.25,0.0196558703,-1.63517928,0.0308200754,1.59016752,2048,1042023,b5d4af34c15b0acbc64c621e0efb07c93c8f545d14eed1f253e7232876c15f9a
adverse,p2-main-linear-d5-s211004-B100-c0.2-none,M5,0,1,1.5,0.0196558703,-1.63517928,0.0308200754,1.59016752,2048,1042023,b5d4af34c15b0acbc64c621e0efb07c93c8f545d14eed1f253e7232876c15f9a
adverse,p2-main-linear-d5-s211004-B100-c0.2-none,M5,0,1,1.75,0.0196558703,-1.63517928,0.0308200754,1.59016752,2048,1042023,b5d4af34c15b0acbc64c621e0efb07c93c8f545d14eed1f253e7232876c15f9a
adverse,p2-main-linear-d5-s211004-B100-c0.2-none,M5,0,1,2,0.0196558703,-1.63517928,0.0308200754,1.59016752,2048,1042023,b5d4af34c15b0acbc64c621e0efb07c93c8f545d14eed1f253e7232876c15f9a
