metadata_variant,comparison,paired_conditions,mean,low,high,independent_scms,p_sign_randomization,p_holm
anonymous,M1 - llm_edit,5,-0.0102277108,-0.0290639877,0.0076195993,5,0.5,1
anonymous,M2 - llm_edit,5,-0.0160427699,-0.0358123929,0.00507753146,5,0.25,1
anonymous,M3 - llm_edit,5,0.00832938802,-0.0111350911,0.0383940318,5,1,1
anonymous,M4 - llm_edit,5,0.00832938802,-0.0111350911,0.0383940318,5,1,1
anonymous,M5 - llm_edit,5,-0.0201621059,-0.0339199743,-0.00740692428,5,0.0625,1
anonymous,fixed - llm_edit,5,-0.0108719104,-0.02971336,9.44836e-05,5,0.5,1
anonymous,random - llm_edit,5,0.00479499462,-0.0155664628,0.0362007705,5,1,1
coherent,M1 - llm_edit,5,-0.016531138,-0.0331690901,0.00352203874,5,0.25,1
coherent,M2 - llm_edit,5,-0.0233498421,-0.0521419259,0.00317860018,5,0.25,1
coherent,M3 - llm_edit,5,-0.00642013564,-0.0165212954,-3.38988e-05,5,0.25,1
coherent,M4 - llm_edit,5,-0.0133757816,-0.0259353146,-0.00138650518,5,0.125,1
coherent,M5 - llm_edit,5,-0.0255800785,-0.0364818972,-0.013365966,5,0.0625,1
coherent,fixed - llm_edit,5,-0.0216953258,-0.037035082,-0.00635556966,5,0.125,1
coherent,random - llm_edit,5,-0.0106656761,-0.0183701158,-0.00401292632,5,0.125,1
shuffled,M1 - llm_edit,5,-0.015685536,-0.0550507459,0.0115558451,5,0.6875,1
shuffled,M2 - llm_edit,5,-0.015705289,-0.048288784,0.00831392704,5,0.5,1
shuffled,M3 - llm_edit,5,0.014744124,-0.00263741516,0.0342772028,5,0.5,1
shuffled,M4 - llm_edit,5,0.014744124,-0.00263741516,0.0342772028,5,0.5,1
shuffled,M5 - llm_edit,5,-0.0274823238,-0.056346788,-0.00576874266,5,0.125,1
shuffled,fixed - llm_edit,5,-0.0124393393,-0.0454419238,0.00697139036,5,1,1
shuffled,random - llm_edit,5,0.00668104378,-0.02510083,0.0393922022,5,0.875,1
