scm,d,method,resource,corruption,fixed_total_budget,primary_budget,fixed_total_sw1,primary_sw1,delta,fixed_total_descendant_w1,primary_descendant_w1
320500,50,M0,adjusted,0.2,1600,4000,0.1180018,0.1180018,0,0.3048943,0.3048943
320500,50,M1,adjusted,0.2,1600,4000,0.07212792,0.06913822,0.0029897,0.1786527,0.1813775
320500,50,M2,adjusted,0.2,1600,4000,0.1167491,0.1176439,-0.0008948,0.211662,0.2266308
320500,50,M3,adjusted,0.2,1600,4000,0.07286051,0.06388969,0.00897082,0.1812095,0.1616942
320500,50,M4,adjusted,0.2,1600,4000,0.07286051,0.06388969,0.00897082,0.1812095,0.1616942
320500,50,M5,adjusted,0.2,1600,4000,0.07281766,0.06372093,0.00909673,0.1811748,0.1594037
320500,50,fixed,adjusted,0.2,1600,4000,0.07286051,0.06388969,0.00897082,0.1812095,0.1616942
320500,50,oracle,adjusted,0.2,1600,4000,0.05899645,0.052767,0.00622945,0.07083666,0.06892007
320500,50,random,adjusted,0.2,1600,4000,0.07286051,0.06388969,0.00897082,0.1812095,0.1616942
320500,50,M0,fixed,0.2,1600,4000,0.1180018,0.1180018,0,0.3048943,0.3048943
320500,50,M1,fixed,0.2,1600,4000,0.07212792,0.06913822,0.0029897,0.1786527,0.1813775
320500,50,M2,fixed,0.2,1600,4000,0.1167491,0.1176439,-0.0008948,0.211662,0.2266308
320500,50,M3,fixed,0.2,1600,4000,0.07286051,0.06388969,0.00897082,0.1812095,0.1616942
320500,50,M4,fixed,0.2,1600,4000,0.07286051,0.06388969,0.00897082,0.1812095,0.1616942
320500,50,M5,fixed,0.2,1600,4000,0.07286441,0.06389334,0.00897107,0.1812194,0.1616965
320500,50,fixed,fixed,0.2,1600,4000,0.07286051,0.06388969,0.00897082,0.1812095,0.1616942
320500,50,oracle,fixed,0.2,1600,4000,0.05899645,0.052767,0.00622945,0.07083666,0.06892007
320500,50,random,fixed,0.2,1600,4000,0.07286051,0.06388969,0.00897082,0.1812095,0.1616942
320500,50,M0,adjusted,0.5,1600,4000,0.1180018,0.1180018,0,0.3048943,0.3048943
320500,50,M1,adjusted,0.5,1600,4000,0.08585397,0.08314802,0.00270595,0.1934807,0.1972103
320500,50,M2,adjusted,0.5,1600,4000,0.1167491,0.1176439,-0.0008948,0.211662,0.2266308
320500,50,M3,adjusted,0.5,1600,4000,0.08705956,0.08066478,0.00639478,0.194961,0.1735032
320500,50,M4,adjusted,0.5,1600,4000,0.08705956,0.08066478,0.00639478,0.194961,0.1735032
320500,50,M5,adjusted,0.5,1600,4000,0.08709901,0.08031627,0.00678274,0.1949253,0.1728942
320500,50,fixed,adjusted,0.5,1600,4000,0.08705956,0.08066478,0.00639478,0.194961,0.1735032
320500,50,oracle,adjusted,0.5,1600,4000,0.05899645,0.052767,0.00622945,0.07083666,0.06892007
320500,50,random,adjusted,0.5,1600,4000,0.08705956,0.08066478,0.00639478,0.194961,0.1735032
320500,50,M0,fixed,0.5,1600,4000,0.1180018,0.1180018,0,0.3048943,0.3048943
320500,50,M1,fixed,0.5,1600,4000,0.08585397,0.08314802,0.00270595,0.1934807,0.1972103
320500,50,M2,fixed,0.5,1600,4000,0.1167491,0.1176439,-0.0008948,0.211662,0.2266308
320500,50,M3,fixed,0.5,1600,4000,0.08705956,0.08066478,0.00639478,0.194961,0.1735032
320500,50,M4,fixed,0.5,1600,4000,0.08705956,0.08066478,0.00639478,0.194961,0.1735032
320500,50,M5,fixed,0.5,1600,4000,0.08700838,0.08060334,0.00640504,0.1948252,0.1733995
320500,50,fixed,fixed,0.5,1600,4000,0.08705956,0.08066478,0.00639478,0.194961,0.1735032
320500,50,oracle,fixed,0.5,1600,4000,0.05899645,0.052767,0.00622945,0.07083666,0.06892007
320500,50,random,fixed,0.5,1600,4000,0.08705956,0.08066478,0.00639478,0.194961,0.1735032
