scm,family,profile,d,budget,sensitivity,method,sw1,delta_fixed,harmful,retained,fitting_updates,training_seconds,search_gpu_seconds,logical_seconds,candidates,conditions
310200,nonlinear,sparse,20,400,primary,checkpoint_diagnostic_fitting_updates_10000,0.06953676,0,0,1,9850,246.3543,250.4299,252.6872,3,2
310200,nonlinear,sparse,20,400,primary,checkpoint_diagnostic_fitting_updates_20000,0.07630565,0.006768884,0.5,0.5,19400,677.906,702.4141,714.1134,19.5,2
310200,nonlinear,sparse,20,400,primary,checkpoint_diagnostic_fitting_updates_40000,0.07630565,0.006768884,0.5,0.5,21900,780.5883,810.8609,825.1773,24,2
310200,nonlinear,sparse,20,400,primary,checkpoint_diagnostic_gpu_job_seconds_1000,0.07630565,0.006768884,0.5,0.5,21900,780.5883,810.8609,825.1773,24,2
310200,nonlinear,sparse,20,400,primary,checkpoint_diagnostic_gpu_job_seconds_200,0.06953676,0,0,1,8650,187.1378,189.1349,190.5706,1.5,2
310200,nonlinear,sparse,20,400,primary,checkpoint_diagnostic_gpu_job_seconds_500,0.06953676,0,0,1,15175,473.3709,486.9387,493.4894,11,2
310200,nonlinear,sparse,20,400,primary,checkpoint_random_fitting_updates_10000,0.06953676,0,0,1,9725,235.7099,238.2533,241.9098,4.5,2
310200,nonlinear,sparse,20,400,primary,checkpoint_random_fitting_updates_20000,0.06953676,0,0,1,19425,677.3936,690.4522,706.0086,24,2
310200,nonlinear,sparse,20,400,primary,checkpoint_random_fitting_updates_40000,0.06953676,0,0,1,19425,677.3936,690.4522,706.0086,24,2
310200,nonlinear,sparse,20,400,primary,checkpoint_random_gpu_job_seconds_1000,0.06953676,0,0,1,19425,677.3936,690.4522,706.0086,24,2
310200,nonlinear,sparse,20,400,primary,checkpoint_random_gpu_job_seconds_200,0.06953676,0,0,1,8775,190.5411,191.6053,193.5045,2,2
310200,nonlinear,sparse,20,400,primary,checkpoint_random_gpu_job_seconds_500,0.06953676,0,0,1,14925,485.6393,493.5845,503.1196,14.5,2
310201,nonlinear,sparse,20,400,primary,checkpoint_diagnostic_fitting_updates_10000,0.1288654,-0.02029072,0,0.5,9825,243.6996,247.3808,249.8521,2.5,2
310201,nonlinear,sparse,20,400,primary,checkpoint_diagnostic_fitting_updates_20000,0.125816,-0.02334014,0,0.5,19125,621.3275,649.7309,664.2757,21.5,2
310201,nonlinear,sparse,20,400,primary,checkpoint_diagnostic_fitting_updates_40000,0.125816,-0.02334014,0,0.5,19750,653.0792,684.1582,700.356,24,2
310201,nonlinear,sparse,20,400,primary,checkpoint_diagnostic_gpu_job_seconds_1000,0.125816,-0.02334014,0,0.5,19750,653.0792,684.1582,700.356,24,2
310201,nonlinear,sparse,20,400,primary,checkpoint_diagnostic_gpu_job_seconds_200,0.1741873,0,0,1,8700,159.269,162.5947,164.3791,2,1
310201,nonlinear,sparse,20,400,primary,checkpoint_diagnostic_gpu_job_seconds_500,0.1306059,-0.01855028,0,0.5,15700,475.423,492.8788,502.2479,13.5,2
310201,nonlinear,sparse,20,400,primary,checkpoint_random_fitting_updates_10000,0.1491561,0,0,1,9800,246.3234,248.8797,252.1156,4,2
310201,nonlinear,sparse,20,400,primary,checkpoint_random_fitting_updates_20000,0.1359707,-0.01318541,0,0.5,17575,608.9665,624.1357,640.6689,24,2
310201,nonlinear,sparse,20,400,primary,checkpoint_random_fitting_updates_40000,0.1359707,-0.01318541,0,0.5,17575,608.9665,624.1357,640.6689,24,2
310201,nonlinear,sparse,20,400,primary,checkpoint_random_gpu_job_seconds_1000,0.1359707,-0.01318541,0,0.5,17575,608.9665,624.1357,640.6689,24,2
310201,nonlinear,sparse,20,400,primary,checkpoint_random_gpu_job_seconds_200,0.1741873,0,0,1,8850,166.3554,168.2101,170.6556,3,1
310201,nonlinear,sparse,20,400,primary,checkpoint_random_gpu_job_seconds_500,0.1491561,0,0,1,14650,472.5846,482.8621,494.1708,16.5,2
310202,nonlinear,sparse,20,400,primary,checkpoint_diagnostic_fitting_updates_10000,0.08978014,-0.02109346,0,0.5,9325,206.605,211.6485,214.4371,4,2
310202,nonlinear,sparse,20,400,primary,checkpoint_diagnostic_fitting_updates_20000,0.1009458,-0.009927766,0,0.5,19550,622.2924,645.3398,656.3956,19.5,2
310202,nonlinear,sparse,20,400,primary,checkpoint_diagnostic_fitting_updates_40000,0.1009458,-0.009927766,0,0.5,21300,693.9476,722.3087,735.7055,24,2
310202,nonlinear,sparse,20,400,primary,checkpoint_diagnostic_gpu_job_seconds_1000,0.1009458,-0.009927766,0,0.5,21300,693.9476,722.3087,735.7055,24,2
310202,nonlinear,sparse,20,400,primary,checkpoint_diagnostic_gpu_job_seconds_200,0.06860173,-0.04218692,0,0,9150,162.865,169.9686,173.9937,6,1
310202,nonlinear,sparse,20,400,primary,checkpoint_diagnostic_gpu_job_seconds_500,0.1009458,-0.009927766,0,0.5,15525,476.0363,493.0774,500.8521,13.5,2
310202,nonlinear,sparse,20,400,primary,checkpoint_random_fitting_updates_10000,0.1108736,0,0,1,9875,238.1362,240.8627,243.9329,5,2
310202,nonlinear,sparse,20,400,primary,checkpoint_random_fitting_updates_20000,0.1019462,-0.008927377,0,0.5,18075,579.0908,591.9653,604.9763,24,2
310202,nonlinear,sparse,20,400,primary,checkpoint_random_fitting_updates_40000,0.1019462,-0.008927377,0,0.5,18075,579.0908,591.9653,604.9763,24,2
310202,nonlinear,sparse,20,400,primary,checkpoint_random_gpu_job_seconds_1000,0.1019462,-0.008927377,0,0.5,18075,579.0908,591.9653,604.9763,24,2
310202,nonlinear,sparse,20,400,primary,checkpoint_random_gpu_job_seconds_200,0.1107887,0,0,1,9550,195.0911,198.3813,201.9489,6,1
310202,nonlinear,sparse,20,400,primary,checkpoint_random_gpu_job_seconds_500,0.1034885,-0.007385145,0,0.5,15625,478.744,488.4985,498.4027,18,2
310203,nonlinear,sparse,20,400,primary,checkpoint_diagnostic_fitting_updates_10000,0.09953206,0,0,1,9775,237.5739,243.0397,246.0358,4.5,2
310203,nonlinear,sparse,20,400,primary,checkpoint_diagnostic_fitting_updates_20000,0.0990914,-0.0004406609,0.5,0,19700,716.7514,746.1175,759.252,22.5,2
310203,nonlinear,sparse,20,400,primary,checkpoint_diagnostic_fitting_updates_40000,0.0990914,-0.0004406609,0.5,0,20875,761.3237,791.5276,805.4344,24,2
310203,nonlinear,sparse,20,400,primary,checkpoint_diagnostic_gpu_job_seconds_1000,0.0990914,-0.0004406609,0.5,0,20875,761.3237,791.5276,805.4344,24,2
310203,nonlinear,sparse,20,400,primary,checkpoint_diagnostic_gpu_job_seconds_200,0.09953206,0,0,1,8675,186.7204,190.1748,192.3056,3,2
310203,nonlinear,sparse,20,400,primary,checkpoint_diagnostic_gpu_job_seconds_500,0.0990914,-0.0004406609,0.5,0,14925,471.4299,488.3931,496.6824,13.5,2
310203,nonlinear,sparse,20,400,primary,checkpoint_random_fitting_updates_10000,0.09933981,-0.0001922566,0,0.5,9425,230.1027,233.5131,237.8288,6,2
310203,nonlinear,sparse,20,400,primary,checkpoint_random_fitting_updates_20000,0.09564114,-0.003890926,0,0,16475,568.5507,583.3364,598.3021,24,2
310203,nonlinear,sparse,20,400,primary,checkpoint_random_fitting_updates_40000,0.09564114,-0.003890926,0,0,16475,568.5507,583.3364,598.3021,24,2
310203,nonlinear,sparse,20,400,primary,checkpoint_random_gpu_job_seconds_1000,0.09564114,-0.003890926,0,0,16475,568.5507,583.3364,598.3021,24,2
310203,nonlinear,sparse,20,400,primary,checkpoint_random_gpu_job_seconds_200,0.09953206,0,0,1,8575,186.9978,189.169,191.8251,4,2
310203,nonlinear,sparse,20,400,primary,checkpoint_random_gpu_job_seconds_500,0.09564114,-0.003890926,0,0,14475,481.4548,492.901,504.4798,18.5,2
310204,nonlinear,sparse,20,400,primary,checkpoint_diagnostic_fitting_updates_10000,0.09229828,0,0,1,9350,178.626,181.8949,183.4511,2,2
310204,nonlinear,sparse,20,400,primary,checkpoint_diagnostic_fitting_updates_20000,0.08409456,-0.008203721,0,0,19875,636.9228,665.641,678.3357,21.5,2
310204,nonlinear,sparse,20,400,primary,checkpoint_diagnostic_fitting_updates_40000,0.08575012,-0.006548161,0,0,21050,692.1779,723.507,737.5208,24,2
310204,nonlinear,sparse,20,400,primary,checkpoint_diagnostic_gpu_job_seconds_1000,0.08575012,-0.006548161,0,0,21050,692.1779,723.507,737.5208,24,2
310204,nonlinear,sparse,20,400,primary,checkpoint_diagnostic_gpu_job_seconds_200,0.09229828,0,0,1,9350,178.414,180.4633,182.0583,2,2
310204,nonlinear,sparse,20,400,primary,checkpoint_diagnostic_gpu_job_seconds_500,0.08534409,-0.006954191,0,0,16050,458.4911,478.751,487.6232,14.5,2
310204,nonlinear,sparse,20,400,primary,checkpoint_random_fitting_updates_10000,0.09229828,0,0,1,9675,196.4258,198.841,201.8054,4.5,2
310204,nonlinear,sparse,20,400,primary,checkpoint_random_fitting_updates_20000,0.0918996,-0.0003986796,0,0.5,17700,563.3014,577.0101,592.0557,24,2
310204,nonlinear,sparse,20,400,primary,checkpoint_random_fitting_updates_40000,0.0918996,-0.0003986796,0,0.5,17700,563.3014,577.0101,592.0557,24,2
310204,nonlinear,sparse,20,400,primary,checkpoint_random_gpu_job_seconds_1000,0.0918996,-0.0003986796,0,0.5,17700,563.3014,577.0101,592.0557,24,2
310204,nonlinear,sparse,20,400,primary,checkpoint_random_gpu_job_seconds_200,0.09229828,0,0,1,9425,185.6902,187.8635,190.6089,4,2
310204,nonlinear,sparse,20,400,primary,checkpoint_random_gpu_job_seconds_500,0.0918996,-0.0003986796,0,0.5,15775,475.5654,486.2129,497.7207,18.5,2
310500,nonlinear,sparse,50,400,primary,checkpoint_diagnostic_fitting_updates_100000,0.0733057,-0.006603632,0,0.5,47725,1240.714,1345.581,1393.056,36,2
310500,nonlinear,sparse,50,400,primary,checkpoint_diagnostic_fitting_updates_25000,0.07990933,0,0,1,24475,284.3772,293.201,298.3647,3,2
310500,nonlinear,sparse,50,400,primary,checkpoint_diagnostic_fitting_updates_50000,0.0733057,-0.006603632,0,0.5,47725,1240.714,1345.581,1393.056,36,2
310500,nonlinear,sparse,50,400,primary,checkpoint_diagnostic_gpu_job_seconds_1000,0.0733057,-0.006603632,0,0.5,39700,893.8799,963.7835,996.6867,24,2
310500,nonlinear,sparse,50,400,primary,checkpoint_diagnostic_gpu_job_seconds_2000,0.0733057,-0.006603632,0,0.5,47725,1240.714,1345.581,1393.056,36,2
310500,nonlinear,sparse,50,400,primary,checkpoint_diagnostic_gpu_job_seconds_500,0.07715336,-0.002755964,0,0.5,29475,462.1608,492.3047,507.0066,9.5,2
310500,nonlinear,sparse,50,400,primary,checkpoint_random_fitting_updates_100000,0.07990933,0,0,1,37450,927.2186,970.5931,1017.973,36,2
310500,nonlinear,sparse,50,400,primary,checkpoint_random_fitting_updates_25000,0.07990933,0,0,1,24800,331.6277,338.8497,347.5999,6,2
310500,nonlinear,sparse,50,400,primary,checkpoint_random_fitting_updates_50000,0.07990933,0,0,1,37450,927.2186,970.5931,1017.973,36,2
310500,nonlinear,sparse,50,400,primary,checkpoint_random_gpu_job_seconds_1000,0.07990933,0,0,1,37450,927.2186,970.5931,1017.973,36,2
310500,nonlinear,sparse,50,400,primary,checkpoint_random_gpu_job_seconds_2000,0.07990933,0,0,1,37450,927.2186,970.5931,1017.973,36,2
310500,nonlinear,sparse,50,400,primary,checkpoint_random_gpu_job_seconds_500,0.07990933,0,0,1,27775,465.7951,481.2771,499.2296,13,2
310501,nonlinear,sparse,50,400,primary,checkpoint_diagnostic_fitting_updates_100000,0.0885652,0,0,1,47500,1263.022,1364.284,1407.687,36,2
310501,nonlinear,sparse,50,400,primary,checkpoint_diagnostic_fitting_updates_25000,0.0885652,0,0,1,24550,236.622,241.5261,245.4551,2,2
310501,nonlinear,sparse,50,400,primary,checkpoint_diagnostic_fitting_updates_50000,0.0885652,0,0,1,47500,1263.022,1364.284,1407.687,36,2
310501,nonlinear,sparse,50,400,primary,checkpoint_diagnostic_gpu_job_seconds_1000,0.0885652,0,0,1,40000,918.1815,988.9998,1019.001,24.5,2
310501,nonlinear,sparse,50,400,primary,checkpoint_diagnostic_gpu_job_seconds_2000,0.0885652,0,0,1,47500,1263.022,1364.284,1407.687,36,2
310501,nonlinear,sparse,50,400,primary,checkpoint_diagnostic_gpu_job_seconds_500,0.0885652,0,0,1,29275,441.8998,470.284,482.3978,9.5,2
310501,nonlinear,sparse,50,400,primary,checkpoint_random_fitting_updates_100000,0.0885652,0,0,1,39275,1035.403,1084.222,1135.544,36,2
310501,nonlinear,sparse,50,400,primary,checkpoint_random_fitting_updates_25000,0.0885652,0,0,1,24875,281.1845,286.9632,294.6222,4.5,2
310501,nonlinear,sparse,50,400,primary,checkpoint_random_fitting_updates_50000,0.0885652,0,0,1,39275,1035.403,1084.222,1135.544,36,2
310501,nonlinear,sparse,50,400,primary,checkpoint_random_gpu_job_seconds_1000,0.0885652,0,0,1,37675,947.5967,991.7014,1038.398,32.5,2
310501,nonlinear,sparse,50,400,primary,checkpoint_random_gpu_job_seconds_2000,0.0885652,0,0,1,39275,1035.403,1084.222,1135.544,36,2
310501,nonlinear,sparse,50,400,primary,checkpoint_random_gpu_job_seconds_500,0.0885652,0,0,1,28575,474.6013,490.9188,509.6001,12.5,2
310502,nonlinear,sparse,50,400,primary,checkpoint_diagnostic_fitting_updates_100000,0.084099,0,0,1,47775,1327.59,1430.818,1478.329,36,2
310502,nonlinear,sparse,50,400,primary,checkpoint_diagnostic_fitting_updates_25000,0.084099,0,0,1,24325,262.4109,270.6522,274.896,2.5,2
310502,nonlinear,sparse,50,400,primary,checkpoint_diagnostic_fitting_updates_50000,0.084099,0,0,1,47775,1327.59,1430.818,1478.329,36,2
310502,nonlinear,sparse,50,400,primary,checkpoint_diagnostic_gpu_job_seconds_1000,0.084099,0,0,1,39000,921.7799,988.3869,1018.91,23,2
310502,nonlinear,sparse,50,400,primary,checkpoint_diagnostic_gpu_job_seconds_2000,0.084099,0,0,1,47775,1327.59,1430.818,1478.329,36,2
310502,nonlinear,sparse,50,400,primary,checkpoint_diagnostic_gpu_job_seconds_500,0.084099,0,0,1,29225,443.3458,469.1065,482.2994,9.5,2
310502,nonlinear,sparse,50,400,primary,checkpoint_random_fitting_updates_100000,0.084099,0,0,1,38175,937.022,983.9758,1029.27,36,2
310502,nonlinear,sparse,50,400,primary,checkpoint_random_fitting_updates_25000,0.084099,0,0,1,24925,298.3669,304.8037,312.2732,5,2
310502,nonlinear,sparse,50,400,primary,checkpoint_random_fitting_updates_50000,0.084099,0,0,1,38175,937.022,983.9758,1029.27,36,2
310502,nonlinear,sparse,50,400,primary,checkpoint_random_gpu_job_seconds_1000,0.084099,0,0,1,38000,927.9804,974.2,1018.845,35.5,2
310502,nonlinear,sparse,50,400,primary,checkpoint_random_gpu_job_seconds_2000,0.084099,0,0,1,38175,937.022,983.9758,1029.27,36,2
310502,nonlinear,sparse,50,400,primary,checkpoint_random_gpu_job_seconds_500,0.084099,0,0,1,28675,478.5784,495.4186,512.5829,13,2
310503,nonlinear,sparse,50,400,primary,checkpoint_diagnostic_fitting_updates_100000,0.08890074,-0.004127758,0,0.5,49500,1457.661,1563.28,1609.222,36,2
310503,nonlinear,sparse,50,400,primary,checkpoint_diagnostic_fitting_updates_25000,0.0930285,0,0,1,24425,326.7053,334.4165,338.6138,2.5,2
310503,nonlinear,sparse,50,400,primary,checkpoint_diagnostic_fitting_updates_50000,0.08890074,-0.004127758,0,0.5,48375,1399.493,1500.732,1544.916,34.5,2
310503,nonlinear,sparse,50,400,primary,checkpoint_diagnostic_gpu_job_seconds_1000,0.0930285,0,0,1,37125,916.0234,973.633,997.3785,18.5,2
310503,nonlinear,sparse,50,400,primary,checkpoint_diagnostic_gpu_job_seconds_2000,0.08890074,-0.004127758,0,0.5,49500,1457.661,1563.28,1609.222,36,2
310503,nonlinear,sparse,50,400,primary,checkpoint_diagnostic_gpu_job_seconds_500,0.0930285,0,0,1,27100,464.5275,478.4977,486.3257,5.5,2
310503,nonlinear,sparse,50,400,primary,checkpoint_random_fitting_updates_100000,0.0930285,0,0,1,39850,1060.8,1104.547,1153.474,36,2
310503,nonlinear,sparse,50,400,primary,checkpoint_random_fitting_updates_25000,0.0930285,0,0,1,24825,345.0193,349.904,356.1235,4,2
310503,nonlinear,sparse,50,400,primary,checkpoint_random_fitting_updates_50000,0.0930285,0,0,1,39850,1060.8,1104.547,1153.474,36,2
310503,nonlinear,sparse,50,400,primary,checkpoint_random_gpu_job_seconds_1000,0.0930285,0,0,1,37325,938.647,976.1697,1018.712,31,2
310503,nonlinear,sparse,50,400,primary,checkpoint_random_gpu_job_seconds_2000,0.0930285,0,0,1,39850,1060.8,1104.547,1153.474,36,2
310503,nonlinear,sparse,50,400,primary,checkpoint_random_gpu_job_seconds_500,0.0930285,0,0,1,27600,481.0528,493.6485,507.507,10,2
310504,nonlinear,sparse,50,400,primary,checkpoint_diagnostic_fitting_updates_100000,0.08335198,-0.003873501,0,0.5,46675,1350.991,1456.535,1504.939,36,2
310504,nonlinear,sparse,50,400,primary,checkpoint_diagnostic_fitting_updates_25000,0.08722548,0,0,1,24825,344.1893,357.2844,364.112,4.5,2
310504,nonlinear,sparse,50,400,primary,checkpoint_diagnostic_fitting_updates_50000,0.08335198,-0.003873501,0,0.5,46675,1350.991,1456.535,1504.939,36,2
310504,nonlinear,sparse,50,400,primary,checkpoint_diagnostic_gpu_job_seconds_1000,0.08469756,-0.002527927,0,0.5,37325,910.257,974.81,1004.735,21.5,2
310504,nonlinear,sparse,50,400,primary,checkpoint_diagnostic_gpu_job_seconds_2000,0.08335198,-0.003873501,0,0.5,46675,1350.991,1456.535,1504.939,36,2
310504,nonlinear,sparse,50,400,primary,checkpoint_diagnostic_gpu_job_seconds_500,0.08722548,0,0,1,27800,458.4837,481.2623,493.6455,8.5,2
310504,nonlinear,sparse,50,400,primary,checkpoint_random_fitting_updates_100000,0.08722548,0,0,1,36650,934.8316,981.534,1026.792,36,2
310504,nonlinear,sparse,50,400,primary,checkpoint_random_fitting_updates_25000,0.08722548,0,0,1,24700,348.9784,359.5384,370.038,7.5,2
310504,nonlinear,sparse,50,400,primary,checkpoint_random_fitting_updates_50000,0.08722548,0,0,1,36650,934.8316,981.534,1026.792,36,2
310504,nonlinear,sparse,50,400,primary,checkpoint_random_gpu_job_seconds_1000,0.08722548,0,0,1,36650,934.8316,981.534,1026.792,36,2
310504,nonlinear,sparse,50,400,primary,checkpoint_random_gpu_job_seconds_2000,0.08722548,0,0,1,36650,934.8316,981.534,1026.792,36,2
310504,nonlinear,sparse,50,400,primary,checkpoint_random_gpu_job_seconds_500,0.08722548,0,0,1,27125,475.6831,495.1008,513.8332,14,2
311000,nonlinear,sparse,100,400,primary,checkpoint_diagnostic_fitting_updates_100000,0.07037928,0,0,1,99850,2726.276,3047.958,3201.932,57.5,2
311000,nonlinear,sparse,100,400,primary,checkpoint_diagnostic_fitting_updates_200000,0.07037928,0,0,1,110275,3250.96,3639.433,3827.765,70.5,2
311000,nonlinear,sparse,100,400,primary,checkpoint_diagnostic_gpu_job_seconds_1500,0.07037928,0,0,1,72375,1330.55,1463.592,1529.639,24.5,2
311000,nonlinear,sparse,100,400,primary,checkpoint_diagnostic_gpu_job_seconds_3000,0.07037928,0,0,1,98375,2666.904,2975.129,3122.131,55.5,2
311000,nonlinear,sparse,100,400,primary,checkpoint_diagnostic_gpu_job_seconds_750,0.07037928,0,0,1,59000,690.6236,730.9411,755.0784,8.5,2
311000,nonlinear,sparse,100,400,primary,checkpoint_random_fitting_updates_100000,0.07037928,0,0,1,89375,2385.904,2554.221,2744.812,72,2
311000,nonlinear,sparse,100,400,primary,checkpoint_random_fitting_updates_200000,0.07037928,0,0,1,89375,2385.904,2554.221,2744.812,72,2
311000,nonlinear,sparse,100,400,primary,checkpoint_random_gpu_job_seconds_1500,0.07037928,0,0,1,71150,1391.38,1479.653,1580.949,38,2
311000,nonlinear,sparse,100,400,primary,checkpoint_random_gpu_job_seconds_3000,0.07037928,0,0,1,89375,2385.904,2554.221,2744.812,72,2
311000,nonlinear,sparse,100,400,primary,checkpoint_random_gpu_job_seconds_750,0.07037928,0,0,1,58050,691.3937,718.7073,752.4528,12.5,2
311001,nonlinear,sparse,100,400,primary,checkpoint_diagnostic_fitting_updates_100000,0.06968378,0,0,1,99175,2565.076,2850.188,2976.008,51,2
311001,nonlinear,sparse,100,400,primary,checkpoint_diagnostic_fitting_updates_200000,0.06968378,0,0,1,115275,3332.803,3710.878,3879.06,69,2
311001,nonlinear,sparse,100,400,primary,checkpoint_diagnostic_gpu_job_seconds_1500,0.06968378,0,0,1,74650,1355.954,1479.46,1536.599,22,2
311001,nonlinear,sparse,100,400,primary,checkpoint_diagnostic_gpu_job_seconds_3000,0.06968378,0,0,1,101900,2669.203,2967.037,3100.028,54,2
311001,nonlinear,sparse,100,400,primary,checkpoint_diagnostic_gpu_job_seconds_750,0.06968378,0,0,1,60400,705.7836,739.4186,758.4605,6.5,2
311001,nonlinear,sparse,100,400,primary,checkpoint_random_fitting_updates_100000,0.06968378,0,0,1,91850,2384.119,2549.384,2725.04,72,2
311001,nonlinear,sparse,100,400,primary,checkpoint_random_fitting_updates_200000,0.06968378,0,0,1,91850,2384.119,2549.384,2725.04,72,2
311001,nonlinear,sparse,100,400,primary,checkpoint_random_gpu_job_seconds_1500,0.06968378,0,0,1,73500,1401.639,1484.286,1577.994,37.5,2
311001,nonlinear,sparse,100,400,primary,checkpoint_random_gpu_job_seconds_3000,0.06968378,0,0,1,91850,2384.119,2549.384,2725.04,72,2
311001,nonlinear,sparse,100,400,primary,checkpoint_random_gpu_job_seconds_750,0.06968378,0,0,1,59875,705.951,731.529,763.0439,12,2
311002,nonlinear,sparse,100,400,primary,checkpoint_diagnostic_fitting_updates_100000,0.0758195,0,0,1,99450,2621.012,2940.989,3098.075,58,2
311002,nonlinear,sparse,100,400,primary,checkpoint_diagnostic_fitting_updates_200000,0.0758195,0,0,1,110750,3187.082,3588.788,3782.618,72,2
311002,nonlinear,sparse,100,400,primary,checkpoint_diagnostic_gpu_job_seconds_1500,0.0758195,0,0,1,74050,1341.416,1490.001,1562.61,26.5,2
311002,nonlinear,sparse,100,400,primary,checkpoint_diagnostic_gpu_job_seconds_3000,0.0758195,0,0,1,100000,2657.526,2982.123,3138.821,58,2
311002,nonlinear,sparse,100,400,primary,checkpoint_diagnostic_gpu_job_seconds_750,0.0758195,0,0,1,59175,675.8091,721.4534,745.4031,8.5,2
311002,nonlinear,sparse,100,400,primary,checkpoint_random_fitting_updates_100000,0.0758195,0,0,1,90725,2457.41,2643.016,2820.863,72,2
311002,nonlinear,sparse,100,400,primary,checkpoint_random_fitting_updates_200000,0.0758195,0,0,1,90725,2457.41,2643.016,2820.863,72,2
311002,nonlinear,sparse,100,400,primary,checkpoint_random_gpu_job_seconds_1500,0.0758195,0,0,1,72250,1391.815,1483.807,1579.598,38,2
311002,nonlinear,sparse,100,400,primary,checkpoint_random_gpu_job_seconds_3000,0.0758195,0,0,1,90725,2457.41,2643.016,2820.863,72,2
311002,nonlinear,sparse,100,400,primary,checkpoint_random_gpu_job_seconds_750,0.0758195,0,0,1,58925,704.9492,737.5678,772.6663,13,2
311003,nonlinear,sparse,100,400,primary,checkpoint_diagnostic_fitting_updates_100000,0.07691924,0,0,1,99475,2654.414,2971.254,3124.488,57,2
311003,nonlinear,sparse,100,400,primary,checkpoint_diagnostic_fitting_updates_200000,0.07691924,0,0,1,111075,3204.423,3595.014,3781.146,70.5,2
311003,nonlinear,sparse,100,400,primary,checkpoint_diagnostic_gpu_job_seconds_1500,0.07691924,0,0,1,74050,1336.672,1479.101,1547.607,25.5,2
311003,nonlinear,sparse,100,400,primary,checkpoint_diagnostic_gpu_job_seconds_3000,0.07691924,0,0,1,99950,2661.354,2983.186,3136.876,57.5,2
311003,nonlinear,sparse,100,400,primary,checkpoint_diagnostic_gpu_job_seconds_750,0.07691924,0,0,1,60275,667.0993,721.7639,748.1349,9.5,2
311003,nonlinear,sparse,100,400,primary,checkpoint_random_fitting_updates_100000,0.07691924,0,0,1,89925,2346.684,2516.438,2706.335,72,2
311003,nonlinear,sparse,100,400,primary,checkpoint_random_fitting_updates_200000,0.07691924,0,0,1,89925,2346.684,2516.438,2706.335,72,2
311003,nonlinear,sparse,100,400,primary,checkpoint_random_gpu_job_seconds_1500,0.07691924,0,0,1,71725,1398.019,1487.166,1586.536,36.5,2
311003,nonlinear,sparse,100,400,primary,checkpoint_random_gpu_job_seconds_3000,0.07691924,0,0,1,89925,2346.684,2516.438,2706.335,72,2
311003,nonlinear,sparse,100,400,primary,checkpoint_random_gpu_job_seconds_750,0.07691924,0,0,1,59125,695.0882,726.8343,763.7544,13,2
311004,nonlinear,sparse,100,400,primary,checkpoint_diagnostic_fitting_updates_100000,0.07052738,0,0,1,99475,2588.193,2865.537,2975.031,50.5,2
311004,nonlinear,sparse,100,400,primary,checkpoint_diagnostic_fitting_updates_200000,0.07052738,0,0,1,116125,3439.247,3814.082,3963.44,69,2
311004,nonlinear,sparse,100,400,primary,checkpoint_diagnostic_gpu_job_seconds_1500,0.07052738,0,0,1,73300,1359.101,1485.283,1536.365,23,2
311004,nonlinear,sparse,100,400,primary,checkpoint_diagnostic_gpu_job_seconds_3000,0.07052738,0,0,1,100825,2666.165,2953.363,3066.769,52.5,2
311004,nonlinear,sparse,100,400,primary,checkpoint_diagnostic_gpu_job_seconds_750,0.07052738,0,0,1,58350,689.9733,730.1465,746.8288,7,2
311004,nonlinear,sparse,100,400,primary,checkpoint_random_fitting_updates_100000,0.07052738,0,0,1,91600,2456.604,2621.459,2785.356,72,2
311004,nonlinear,sparse,100,400,primary,checkpoint_random_fitting_updates_200000,0.07052738,0,0,1,91600,2456.604,2621.459,2785.356,72,2
311004,nonlinear,sparse,100,400,primary,checkpoint_random_gpu_job_seconds_1500,0.07052738,0,0,1,71475,1401.972,1482.722,1561.566,34,2
311004,nonlinear,sparse,100,400,primary,checkpoint_random_gpu_job_seconds_3000,0.07052738,0,0,1,91600,2456.604,2621.459,2785.356,72,2
311004,nonlinear,sparse,100,400,primary,checkpoint_random_gpu_job_seconds_750,0.07052738,0,0,1,58125,705.868,731.7334,755.8687,10,2
320200,heteroscedastic,sparse,20,400,primary,checkpoint_diagnostic_fitting_updates_10000,0.1195538,0,0,1,9775,211.836,215.9794,218.6578,3.5,2
320200,heteroscedastic,sparse,20,400,primary,checkpoint_diagnostic_fitting_updates_20000,0.1006425,-0.01891139,0,0,19125,607.4929,635.5072,649.6774,21.5,2
320200,heteroscedastic,sparse,20,400,primary,checkpoint_diagnostic_fitting_updates_40000,0.1006425,-0.01891139,0,0,20475,655.2382,685.7003,701.8194,24,2
320200,heteroscedastic,sparse,20,400,primary,checkpoint_diagnostic_gpu_job_seconds_1000,0.1006425,-0.01891139,0,0,20475,655.2382,685.7003,701.8194,24,2
320200,heteroscedastic,sparse,20,400,primary,checkpoint_diagnostic_gpu_job_seconds_200,0.1195538,0,0,1,9150,182.6497,186.1187,188.2774,2.5,2
320200,heteroscedastic,sparse,20,400,primary,checkpoint_diagnostic_gpu_job_seconds_500,0.1006425,-0.01891139,0,0,16025,467.2577,486.8729,497.1351,15,2
320200,heteroscedastic,sparse,20,400,primary,checkpoint_random_fitting_updates_10000,0.1195538,0,0,1,9825,223.578,227.4673,231.6715,6.5,2
320200,heteroscedastic,sparse,20,400,primary,checkpoint_random_fitting_updates_20000,0.1138666,-0.005687237,0,0.5,16350,493.9273,508.2539,522.5116,24,2
320200,heteroscedastic,sparse,20,400,primary,checkpoint_random_fitting_updates_40000,0.1138666,-0.005687237,0,0.5,16350,493.9273,508.2539,522.5116,24,2
320200,heteroscedastic,sparse,20,400,primary,checkpoint_random_gpu_job_seconds_1000,0.1138666,-0.005687237,0,0.5,16350,493.9273,508.2539,522.5116,24,2
320200,heteroscedastic,sparse,20,400,primary,checkpoint_random_gpu_job_seconds_200,0.1195538,0,0,1,9150,191.6267,194.3963,197.4707,4.5,2
320200,heteroscedastic,sparse,20,400,primary,checkpoint_random_gpu_job_seconds_500,0.1138666,-0.005687237,0,0.5,15875,471.4781,485.2255,498.9286,23,2
320201,heteroscedastic,sparse,20,400,primary,checkpoint_diagnostic_fitting_updates_10000,0.06244777,0,0,1,9775,194.543,200.0516,203.1741,4.5,2
320201,heteroscedastic,sparse,20,400,primary,checkpoint_diagnostic_fitting_updates_20000,0.06231856,-0.0001292117,0,0.5,19400,603.7743,631.472,645.6031,21.5,2
320201,heteroscedastic,sparse,20,400,primary,checkpoint_diagnostic_fitting_updates_40000,0.06231856,-0.0001292117,0,0.5,21000,671.7304,702.1411,718.0833,24,2
320201,heteroscedastic,sparse,20,400,primary,checkpoint_diagnostic_gpu_job_seconds_1000,0.06231856,-0.0001292117,0,0.5,21000,671.7304,702.1411,718.0833,24,2
320201,heteroscedastic,sparse,20,400,primary,checkpoint_diagnostic_gpu_job_seconds_200,0.06244777,0,0,1,9625,187.12,192.3689,195.2515,4,2
320201,heteroscedastic,sparse,20,400,primary,checkpoint_diagnostic_gpu_job_seconds_500,0.06244777,0,0,1,16025,470.1893,488.7331,498.7496,15,2
320201,heteroscedastic,sparse,20,400,primary,checkpoint_random_fitting_updates_10000,0.06244777,0,0,1,9675,191.687,195.1469,199.0227,6,2
320201,heteroscedastic,sparse,20,400,primary,checkpoint_random_fitting_updates_20000,0.06157039,-0.0008773771,0,0,18025,559.033,572.0884,586.3923,24,2
320201,heteroscedastic,sparse,20,400,primary,checkpoint_random_fitting_updates_40000,0.06157039,-0.0008773771,0,0,18025,559.033,572.0884,586.3923,24,2
320201,heteroscedastic,sparse,20,400,primary,checkpoint_random_gpu_job_seconds_1000,0.06157039,-0.0008773771,0,0,18025,559.033,572.0884,586.3923,24,2
320201,heteroscedastic,sparse,20,400,primary,checkpoint_random_gpu_job_seconds_200,0.06244777,0,0,1,9250,173.0556,175.9837,179.2774,5,2
320201,heteroscedastic,sparse,20,400,primary,checkpoint_random_gpu_job_seconds_500,0.06315762,0.0007098513,0,0.5,16225,481.4827,492.7807,504.8051,20.5,2
320202,heteroscedastic,sparse,20,400,primary,checkpoint_diagnostic_fitting_updates_10000,0.1221501,0.003946605,0,0.5,9525,230.4123,234.0163,236.1775,2.5,2
320202,heteroscedastic,sparse,20,400,primary,checkpoint_diagnostic_fitting_updates_20000,0.1133106,-0.004892883,0,0.5,19700,660.1346,683.2479,694.3959,18,2
320202,heteroscedastic,sparse,20,400,primary,checkpoint_diagnostic_fitting_updates_40000,0.1121065,-0.006097006,0,0.5,24150,828.9435,859.2792,873.6434,24,2
320202,heteroscedastic,sparse,20,400,primary,checkpoint_diagnostic_gpu_job_seconds_1000,0.1121065,-0.006097006,0,0.5,24150,828.9435,859.2792,873.6434,24,2
320202,heteroscedastic,sparse,20,400,primary,checkpoint_diagnostic_gpu_job_seconds_200,0.07835208,0,0,1,10450,190.4724,194.7432,197.3644,4,1
320202,heteroscedastic,sparse,20,400,primary,checkpoint_diagnostic_gpu_job_seconds_500,0.1169117,-0.001291845,0,0.5,14900,476.138,491.1733,498.6132,11.5,2
320202,heteroscedastic,sparse,20,400,primary,checkpoint_random_fitting_updates_10000,0.1150845,-0.003119047,0,0.5,9925,254.7406,257.6556,261.4756,5,2
320202,heteroscedastic,sparse,20,400,primary,checkpoint_random_fitting_updates_20000,0.1168541,-0.001349448,0,0.5,18300,615.209,628.5931,642.9854,24,2
320202,heteroscedastic,sparse,20,400,primary,checkpoint_random_fitting_updates_40000,0.1168541,-0.001349448,0,0.5,18300,615.209,628.5931,642.9854,24,2
320202,heteroscedastic,sparse,20,400,primary,checkpoint_random_gpu_job_seconds_1000,0.1168541,-0.001349448,0,0.5,18300,615.209,628.5931,642.9854,24,2
320202,heteroscedastic,sparse,20,400,primary,checkpoint_random_gpu_job_seconds_200,0.07835208,0,0,1,10250,192.2457,195.8697,199.6025,6,1
320202,heteroscedastic,sparse,20,400,primary,checkpoint_random_gpu_job_seconds_500,0.1168541,-0.001349448,0,0.5,15375,485.5275,494.9795,505.3898,17,2
320203,heteroscedastic,sparse,20,400,primary,checkpoint_diagnostic_fitting_updates_10000,0.08616582,-0.01757515,0,0.5,9825,200.3409,204.1331,206.9333,3,2
320203,heteroscedastic,sparse,20,400,primary,checkpoint_diagnostic_fitting_updates_20000,0.08320369,-0.02053729,0,0,19800,635.5147,662.0469,676.6027,21,2
320203,heteroscedastic,sparse,20,400,primary,checkpoint_diagnostic_fitting_updates_40000,0.08473363,-0.01900734,0,0,22100,745.8298,776.4542,792.7425,24,2
320203,heteroscedastic,sparse,20,400,primary,checkpoint_diagnostic_gpu_job_seconds_1000,0.08473363,-0.01900734,0,0,22100,745.8298,776.4542,792.7425,24,2
320203,heteroscedastic,sparse,20,400,primary,checkpoint_diagnostic_gpu_job_seconds_200,0.08616582,-0.01757515,0,0.5,9400,184.9888,187.5583,190.0507,2.5,2
320203,heteroscedastic,sparse,20,400,primary,checkpoint_diagnostic_gpu_job_seconds_500,0.08246122,-0.02127976,0,0,15600,461.3482,478.464,487.6712,13,2
320203,heteroscedastic,sparse,20,400,primary,checkpoint_random_fitting_updates_10000,0.103741,0,0,1,9750,221.8435,225.2959,229.148,5.5,2
320203,heteroscedastic,sparse,20,400,primary,checkpoint_random_fitting_updates_20000,0.103741,0,0,1,16900,543.6271,558.5387,573.1432,24,2
320203,heteroscedastic,sparse,20,400,primary,checkpoint_random_fitting_updates_40000,0.103741,0,0,1,16900,543.6271,558.5387,573.1432,24,2
320203,heteroscedastic,sparse,20,400,primary,checkpoint_random_gpu_job_seconds_1000,0.103741,0,0,1,16900,543.6271,558.5387,573.1432,24,2
320203,heteroscedastic,sparse,20,400,primary,checkpoint_random_gpu_job_seconds_200,0.103741,0,0,1,8950,187.0071,189.6207,192.6169,4,2
320203,heteroscedastic,sparse,20,400,primary,checkpoint_random_gpu_job_seconds_500,0.103741,0,0,1,15525,479.0696,491.5656,503.8142,20,2
320204,heteroscedastic,sparse,20,400,primary,checkpoint_diagnostic_fitting_updates_10000,0.136386,0,0,1,9750,243.5519,246.9342,248.8581,2.5,2
320204,heteroscedastic,sparse,20,400,primary,checkpoint_diagnostic_fitting_updates_20000,0.1241406,-0.0122454,0,0,19725,664.44,690.4856,703.2143,20.5,2
320204,heteroscedastic,sparse,20,400,primary,checkpoint_diagnostic_fitting_updates_40000,0.1281957,-0.008190268,0,0,22550,789.8657,819.8596,834.5885,24,2
320204,heteroscedastic,sparse,20,400,primary,checkpoint_diagnostic_gpu_job_seconds_1000,0.1281957,-0.008190268,0,0,22550,789.8657,819.8596,834.5885,24,2
320204,heteroscedastic,sparse,20,400,primary,checkpoint_diagnostic_gpu_job_seconds_200,0.1176495,0,0,1,9650,186.0212,189.6901,191.8136,3,1
320204,heteroscedastic,sparse,20,400,primary,checkpoint_diagnostic_gpu_job_seconds_500,0.1272091,-0.009176898,0.5,0,15400,469.5248,484.2731,491.8657,11.5,2
320204,heteroscedastic,sparse,20,400,primary,checkpoint_random_fitting_updates_10000,0.136386,0,0,1,9475,227.4685,229.7383,233.2529,4,2
320204,heteroscedastic,sparse,20,400,primary,checkpoint_random_fitting_updates_20000,0.1304274,-0.005958567,0.5,0,18650,627.0927,641.1331,657.7248,24,2
320204,heteroscedastic,sparse,20,400,primary,checkpoint_random_fitting_updates_40000,0.1304274,-0.005958567,0.5,0,18650,627.0927,641.1331,657.7248,24,2
320204,heteroscedastic,sparse,20,400,primary,checkpoint_random_gpu_job_seconds_1000,0.1304274,-0.005958567,0.5,0,18650,627.0927,641.1331,657.7248,24,2
320204,heteroscedastic,sparse,20,400,primary,checkpoint_random_gpu_job_seconds_200,0.1176495,0,0,1,9200,160.7836,163.0761,167.1896,4,1
320204,heteroscedastic,sparse,20,400,primary,checkpoint_random_gpu_job_seconds_500,0.1379675,0.00158149,0,0.5,15125,470.6049,480.7333,492.4658,17,2
320500,heteroscedastic,sparse,50,160,fixed-total-1600,checkpoint_diagnostic_fitting_updates_100000,0.07996004,0,0,1,42050,767.1329,844.467,866.3806,36,2
320500,heteroscedastic,sparse,50,160,fixed-total-1600,checkpoint_diagnostic_fitting_updates_25000,0.07996004,0,0,1,24650,298.109,320.7784,327.0734,10,2
320500,heteroscedastic,sparse,50,160,fixed-total-1600,checkpoint_diagnostic_fitting_updates_50000,0.07996004,0,0,1,42050,767.1329,844.467,866.3806,36,2
320500,heteroscedastic,sparse,50,160,fixed-total-1600,checkpoint_diagnostic_gpu_job_seconds_1000,0.07996004,0,0,1,42050,767.1329,844.467,866.3806,36,2
320500,heteroscedastic,sparse,50,160,fixed-total-1600,checkpoint_diagnostic_gpu_job_seconds_2000,0.07996004,0,0,1,42050,767.1329,844.467,866.3806,36,2
320500,heteroscedastic,sparse,50,160,fixed-total-1600,checkpoint_diagnostic_gpu_job_seconds_500,0.07996004,0,0,1,29575,443.4287,481.8963,492.6963,17,2
320500,heteroscedastic,sparse,50,160,fixed-total-1600,checkpoint_random_fitting_updates_100000,0.07996004,0,0,1,32175,520.7445,542.2027,565.412,36,2
320500,heteroscedastic,sparse,50,160,fixed-total-1600,checkpoint_random_fitting_updates_25000,0.07996004,0,0,1,24875,310.5836,320.461,331.589,17,2
320500,heteroscedastic,sparse,50,160,fixed-total-1600,checkpoint_random_fitting_updates_50000,0.07996004,0,0,1,32175,520.7445,542.2027,565.412,36,2
320500,heteroscedastic,sparse,50,160,fixed-total-1600,checkpoint_random_gpu_job_seconds_1000,0.07996004,0,0,1,32175,520.7445,542.2027,565.412,36,2
320500,heteroscedastic,sparse,50,160,fixed-total-1600,checkpoint_random_gpu_job_seconds_2000,0.07996004,0,0,1,32175,520.7445,542.2027,565.412,36,2
320500,heteroscedastic,sparse,50,160,fixed-total-1600,checkpoint_random_gpu_job_seconds_500,0.07996004,0,0,1,30650,473.981,493.1975,514.2163,33,2
320500,heteroscedastic,sparse,50,400,primary,checkpoint_diagnostic_fitting_updates_100000,0.07227723,0,0,1,50950,1459.387,1561.987,1611.491,36,2
320500,heteroscedastic,sparse,50,400,primary,checkpoint_diagnostic_fitting_updates_25000,0.07227723,0,0,1,24675,285.345,293.6241,298.5881,2.5,2
320500,heteroscedastic,sparse,50,400,primary,checkpoint_diagnostic_fitting_updates_50000,0.07227723,0,0,1,49825,1403.664,1500.593,1546.86,33.5,2
320500,heteroscedastic,sparse,50,400,primary,checkpoint_diagnostic_gpu_job_seconds_1000,0.07227723,0,0,1,38425,928.6481,985.3953,1012.423,19,2
320500,heteroscedastic,sparse,50,400,primary,checkpoint_diagnostic_gpu_job_seconds_2000,0.07227723,0,0,1,50950,1459.387,1561.987,1611.491,36,2
320500,heteroscedastic,sparse,50,400,primary,checkpoint_diagnostic_gpu_job_seconds_500,0.07227723,0,0,1,28075,449.7378,467.7168,478.2393,6.5,2
320500,heteroscedastic,sparse,50,400,primary,checkpoint_random_fitting_updates_100000,0.07227723,0,0,1,38425,995.1507,1039.553,1089.552,36,2
320500,heteroscedastic,sparse,50,400,primary,checkpoint_random_fitting_updates_25000,0.07227723,0,0,1,24625,310.6484,315.5454,322.3081,4,2
320500,heteroscedastic,sparse,50,400,primary,checkpoint_random_fitting_updates_50000,0.07227723,0,0,1,38425,995.1507,1039.553,1089.552,36,2
320500,heteroscedastic,sparse,50,400,primary,checkpoint_random_gpu_job_seconds_1000,0.07227723,0,0,1,37675,954.4589,996.3429,1043.817,34,2
320500,heteroscedastic,sparse,50,400,primary,checkpoint_random_gpu_job_seconds_2000,0.07227723,0,0,1,38425,995.1507,1039.553,1089.552,36,2
320500,heteroscedastic,sparse,50,400,primary,checkpoint_random_gpu_job_seconds_500,0.07227723,0,0,1,28025,471.4678,486.1189,504.8945,12.5,2
320501,heteroscedastic,sparse,50,400,primary,checkpoint_diagnostic_fitting_updates_100000,0.09415266,-0.004074011,0,0.5,50050,1371.563,1470.512,1517.888,36,2
320501,heteroscedastic,sparse,50,400,primary,checkpoint_diagnostic_fitting_updates_25000,0.09822667,0,0,1,24400,220.8186,228.3655,233.2221,2.5,2
320501,heteroscedastic,sparse,50,400,primary,checkpoint_diagnostic_fitting_updates_50000,0.09415266,-0.004074011,0,0.5,49200,1343.44,1441.238,1487.539,35,2
320501,heteroscedastic,sparse,50,400,primary,checkpoint_diagnostic_gpu_job_seconds_1000,0.09415266,-0.004074011,0,0.5,40025,911.4974,976.0006,1006.937,23,2
320501,heteroscedastic,sparse,50,400,primary,checkpoint_diagnostic_gpu_job_seconds_2000,0.09415266,-0.004074011,0,0.5,50050,1371.563,1470.512,1517.888,36,2
320501,heteroscedastic,sparse,50,400,primary,checkpoint_diagnostic_gpu_job_seconds_500,0.09477551,-0.003451166,0,0.5,30250,463.9447,488.7652,503.3389,9.5,2
320501,heteroscedastic,sparse,50,400,primary,checkpoint_random_fitting_updates_100000,0.09822667,0,0,1,40725,1080.192,1128.72,1175.262,36,2
320501,heteroscedastic,sparse,50,400,primary,checkpoint_random_fitting_updates_25000,0.09822667,0,0,1,24725,259.8818,264.2805,269.8247,3.5,2
320501,heteroscedastic,sparse,50,400,primary,checkpoint_random_fitting_updates_50000,0.09822667,0,0,1,40725,1080.192,1128.72,1175.262,36,2
320501,heteroscedastic,sparse,50,400,primary,checkpoint_random_gpu_job_seconds_1000,0.09822667,0,0,1,38425,951.2335,992.8909,1033.037,31,2
320501,heteroscedastic,sparse,50,400,primary,checkpoint_random_gpu_job_seconds_2000,0.09822667,0,0,1,40725,1080.192,1128.72,1175.262,36,2
320501,heteroscedastic,sparse,50,400,primary,checkpoint_random_gpu_job_seconds_500,0.09822667,0,0,1,29050,481.8224,498.207,514.5066,12,2
320502,heteroscedastic,sparse,50,400,primary,checkpoint_diagnostic_fitting_updates_100000,0.07527617,0,0,1,51600,1365.084,1465.454,1512.065,36,2
320502,heteroscedastic,sparse,50,400,primary,checkpoint_diagnostic_fitting_updates_25000,0.07527617,0,0,1,24375,207.5848,211.9602,215.1942,1.5,2
320502,heteroscedastic,sparse,50,400,primary,checkpoint_diagnostic_fitting_updates_50000,0.07527617,0,0,1,49600,1282.895,1381.149,1425.343,34,2
320502,heteroscedastic,sparse,50,400,primary,checkpoint_diagnostic_gpu_job_seconds_1000,0.07527617,0,0,1,41425,924.8621,994.9611,1026.037,24,2
320502,heteroscedastic,sparse,50,400,primary,checkpoint_diagnostic_gpu_job_seconds_2000,0.07527617,0,0,1,51600,1365.084,1465.454,1512.065,36,2
320502,heteroscedastic,sparse,50,400,primary,checkpoint_diagnostic_gpu_job_seconds_500,0.07527617,0,0,1,30350,450.2064,473.4866,485.2786,8.5,2
320502,heteroscedastic,sparse,50,400,primary,checkpoint_random_fitting_updates_100000,0.07527617,0,0,1,40350,1008.309,1054.158,1101.983,36,2
320502,heteroscedastic,sparse,50,400,primary,checkpoint_random_fitting_updates_25000,0.07527617,0,0,1,24875,237.9278,241.2321,246.093,3,2
320502,heteroscedastic,sparse,50,400,primary,checkpoint_random_fitting_updates_50000,0.07527617,0,0,1,40350,1008.309,1054.158,1101.983,36,2
320502,heteroscedastic,sparse,50,400,primary,checkpoint_random_gpu_job_seconds_1000,0.07527617,0,0,1,39225,950.0257,992.8848,1037.113,33.5,2
320502,heteroscedastic,sparse,50,400,primary,checkpoint_random_gpu_job_seconds_2000,0.07527617,0,0,1,40350,1008.309,1054.158,1101.983,36,2
320502,heteroscedastic,sparse,50,400,primary,checkpoint_random_gpu_job_seconds_500,0.07527617,0,0,1,29650,461.0392,477.0992,494.7143,13,2
320503,heteroscedastic,sparse,50,400,primary,checkpoint_diagnostic_fitting_updates_100000,0.06881609,0,0,1,50075,1485.415,1591.991,1639.333,36,2
320503,heteroscedastic,sparse,50,400,primary,checkpoint_diagnostic_fitting_updates_25000,0.06881609,0,0,1,24500,286.5676,295.4743,301.2869,3.5,2
320503,heteroscedastic,sparse,50,400,primary,checkpoint_diagnostic_fitting_updates_50000,0.06881609,0,0,1,49625,1461.266,1567.173,1613.922,35.5,2
320503,heteroscedastic,sparse,50,400,primary,checkpoint_diagnostic_gpu_job_seconds_1000,0.06881609,0,0,1,38700,922.7532,983.4272,1011.203,20.5,2
320503,heteroscedastic,sparse,50,400,primary,checkpoint_diagnostic_gpu_job_seconds_2000,0.06881609,0,0,1,50075,1485.415,1591.991,1639.333,36,2
320503,heteroscedastic,sparse,50,400,primary,checkpoint_diagnostic_gpu_job_seconds_500,0.06881609,0,0,1,28300,449.0909,470.4837,482.0963,8,2
320503,heteroscedastic,sparse,50,400,primary,checkpoint_random_fitting_updates_100000,0.06881609,0,0,1,38750,1013.51,1061.352,1113.653,36,2
320503,heteroscedastic,sparse,50,400,primary,checkpoint_random_fitting_updates_25000,0.06881609,0,0,1,24700,302.7894,310.7625,320.0212,5.5,2
320503,heteroscedastic,sparse,50,400,primary,checkpoint_random_fitting_updates_50000,0.06881609,0,0,1,38750,1013.51,1061.352,1113.653,36,2
320503,heteroscedastic,sparse,50,400,primary,checkpoint_random_gpu_job_seconds_1000,0.06881609,0,0,1,37400,942.8567,987.1379,1035.833,33.5,2
320503,heteroscedastic,sparse,50,400,primary,checkpoint_random_gpu_job_seconds_2000,0.06881609,0,0,1,38750,1013.51,1061.352,1113.653,36,2
320503,heteroscedastic,sparse,50,400,primary,checkpoint_random_gpu_job_seconds_500,0.06881609,0,0,1,28000,473.237,490.1986,508.1431,12,2
320504,heteroscedastic,sparse,50,400,primary,checkpoint_diagnostic_fitting_updates_100000,0.0738847,0,0,1,49050,1486.454,1590.345,1635.382,36,2
320504,heteroscedastic,sparse,50,400,primary,checkpoint_diagnostic_fitting_updates_25000,0.0738847,0,0,1,24825,320.641,333.3221,339.9791,4.5,2
320504,heteroscedastic,sparse,50,400,primary,checkpoint_diagnostic_fitting_updates_50000,0.0738847,0,0,1,48525,1459.85,1563.086,1607.502,35.5,2
320504,heteroscedastic,sparse,50,400,primary,checkpoint_diagnostic_gpu_job_seconds_1000,0.0738847,0,0,1,37125,904.1669,962.9109,988.4007,20,2
320504,heteroscedastic,sparse,50,400,primary,checkpoint_diagnostic_gpu_job_seconds_2000,0.0738847,0,0,1,49050,1486.454,1590.345,1635.382,36,2
320504,heteroscedastic,sparse,50,400,primary,checkpoint_diagnostic_gpu_job_seconds_500,0.0738847,0,0,1,27525,448.7222,473.2768,484.1337,8,2
320504,heteroscedastic,sparse,50,400,primary,checkpoint_random_fitting_updates_100000,0.0738847,0,0,1,37400,963.7661,1011.213,1056.877,36,2
320504,heteroscedastic,sparse,50,400,primary,checkpoint_random_fitting_updates_25000,0.0738847,0,0,1,24650,328.8201,336.7275,345.5208,6,2
320504,heteroscedastic,sparse,50,400,primary,checkpoint_random_fitting_updates_50000,0.0738847,0,0,1,37400,963.7661,1011.213,1056.877,36,2
320504,heteroscedastic,sparse,50,400,primary,checkpoint_random_gpu_job_seconds_1000,0.0738847,0,0,1,37075,948.7043,994.9882,1039.469,35,2
320504,heteroscedastic,sparse,50,400,primary,checkpoint_random_gpu_job_seconds_2000,0.0738847,0,0,1,37400,963.7661,1011.213,1056.877,36,2
320504,heteroscedastic,sparse,50,400,primary,checkpoint_random_gpu_job_seconds_500,0.0738847,0,0,1,27400,473.0612,491.3253,508.648,13,2
321000,heteroscedastic,sparse,100,400,primary,checkpoint_diagnostic_fitting_updates_100000,0.06520828,0,0,1,99550,2433.015,2769.164,2921.795,59,2
321000,heteroscedastic,sparse,100,400,primary,checkpoint_diagnostic_fitting_updates_200000,0.06520828,0,0,1,109200,2957.504,3362.885,3548.33,72,2
321000,heteroscedastic,sparse,100,400,primary,checkpoint_diagnostic_gpu_job_seconds_1500,0.06520828,0,0,1,74400,1335.35,1480.427,1550.005,26.5,2
321000,heteroscedastic,sparse,100,400,primary,checkpoint_diagnostic_gpu_job_seconds_3000,0.06520828,0,0,1,102200,2576.898,2936.389,3098.793,63,2
321000,heteroscedastic,sparse,100,400,primary,checkpoint_diagnostic_gpu_job_seconds_750,0.06520828,0,0,1,59225,672.1277,719.8347,744.7927,9,2
321000,heteroscedastic,sparse,100,400,primary,checkpoint_random_fitting_updates_100000,0.06520828,0,0,1,89325,2326.844,2501.061,2682.868,72,2
321000,heteroscedastic,sparse,100,400,primary,checkpoint_random_fitting_updates_200000,0.06520828,0,0,1,89325,2326.844,2501.061,2682.868,72,2
321000,heteroscedastic,sparse,100,400,primary,checkpoint_random_gpu_job_seconds_1500,0.06520828,0,0,1,72325,1396.232,1491.378,1593.771,40,2
321000,heteroscedastic,sparse,100,400,primary,checkpoint_random_gpu_job_seconds_3000,0.06520828,0,0,1,89325,2326.844,2501.061,2682.868,72,2
321000,heteroscedastic,sparse,100,400,primary,checkpoint_random_gpu_job_seconds_750,0.06520828,0,0,1,58575,707.6273,739.6558,774.5298,13.5,2
321001,heteroscedastic,sparse,100,400,primary,checkpoint_diagnostic_fitting_updates_100000,0.06303557,0,0,1,99225,2598.916,2875.399,2992.803,50,2
321001,heteroscedastic,sparse,100,400,primary,checkpoint_diagnostic_fitting_updates_200000,0.06303557,0,0,1,114825,3450.141,3824.947,3981.645,67.5,2
321001,heteroscedastic,sparse,100,400,primary,checkpoint_diagnostic_gpu_job_seconds_1500,0.06303557,0,0,1,73650,1344.893,1472.435,1526.017,22,2
321001,heteroscedastic,sparse,100,400,primary,checkpoint_diagnostic_gpu_job_seconds_3000,0.06303557,0,0,1,100925,2686.759,2972.624,3092.909,51.5,2
321001,heteroscedastic,sparse,100,400,primary,checkpoint_diagnostic_gpu_job_seconds_750,0.06303557,0,0,1,60375,698.4346,732.9527,751.4438,7,2
321001,heteroscedastic,sparse,100,400,primary,checkpoint_random_fitting_updates_100000,0.06303557,0,0,1,90975,2381.498,2550.482,2716.184,72,2
321001,heteroscedastic,sparse,100,400,primary,checkpoint_random_fitting_updates_200000,0.06303557,0,0,1,90975,2381.498,2550.482,2716.184,72,2
321001,heteroscedastic,sparse,100,400,primary,checkpoint_random_gpu_job_seconds_1500,0.06303557,0,0,1,72500,1405.065,1492.115,1576.293,36,2
321001,heteroscedastic,sparse,100,400,primary,checkpoint_random_gpu_job_seconds_3000,0.06303557,0,0,1,90975,2381.498,2550.482,2716.184,72,2
321001,heteroscedastic,sparse,100,400,primary,checkpoint_random_gpu_job_seconds_750,0.06303557,0,0,1,59900,699.751,731.9916,764.0347,13,2
321002,heteroscedastic,sparse,100,400,primary,checkpoint_diagnostic_fitting_updates_100000,0.06996857,0,0,1,99750,2695.099,3045.021,3196.896,61.5,2
321002,heteroscedastic,sparse,100,400,primary,checkpoint_diagnostic_fitting_updates_200000,0.06996857,0,0,1,108525,3116.883,3519.769,3698.901,72,2
321002,heteroscedastic,sparse,100,400,primary,checkpoint_diagnostic_gpu_job_seconds_1500,0.06996857,0,0,1,71550,1315.945,1461.995,1525.04,25.5,2
321002,heteroscedastic,sparse,100,400,primary,checkpoint_diagnostic_gpu_job_seconds_3000,0.06996857,0,0,1,98875,2644.431,2988.071,3138.724,60.5,2
321002,heteroscedastic,sparse,100,400,primary,checkpoint_diagnostic_gpu_job_seconds_750,0.06996857,0,0,1,58425,642.338,700.8426,726.3548,10,2
321002,heteroscedastic,sparse,100,400,primary,checkpoint_random_fitting_updates_100000,0.06996857,0,0,1,87550,2271.131,2447.198,2612.819,72,2
321002,heteroscedastic,sparse,100,400,primary,checkpoint_random_fitting_updates_200000,0.06996857,0,0,1,87550,2271.131,2447.198,2612.819,72,2
321002,heteroscedastic,sparse,100,400,primary,checkpoint_random_gpu_job_seconds_1500,0.06996857,0,0,1,71425,1373.551,1467.2,1561.644,40,2
321002,heteroscedastic,sparse,100,400,primary,checkpoint_random_gpu_job_seconds_3000,0.06996857,0,0,1,87550,2271.131,2447.198,2612.819,72,2
321002,heteroscedastic,sparse,100,400,primary,checkpoint_random_gpu_job_seconds_750,0.06996857,0,0,1,58675,692.4978,730.5396,770.6696,16.5,2
321003,heteroscedastic,sparse,100,400,primary,checkpoint_diagnostic_fitting_updates_100000,0.06777582,0,0,1,99625,2623.887,2958.016,3095.562,59,2
321003,heteroscedastic,sparse,100,400,primary,checkpoint_diagnostic_fitting_updates_200000,0.06777582,0,0,1,108875,3096.348,3492.086,3655.897,70.5,2
321003,heteroscedastic,sparse,100,400,primary,checkpoint_diagnostic_gpu_job_seconds_1500,0.06777582,0,0,1,72025,1341.709,1487.359,1548.437,25.5,2
321003,heteroscedastic,sparse,100,400,primary,checkpoint_diagnostic_gpu_job_seconds_3000,0.06777582,0,0,1,99450,2633.176,2967.791,3104.88,59,2
321003,heteroscedastic,sparse,100,400,primary,checkpoint_diagnostic_gpu_job_seconds_750,0.06777582,0,0,1,58825,668.8931,718.837,741.1335,9,2
321003,heteroscedastic,sparse,100,400,primary,checkpoint_random_fitting_updates_100000,0.06777582,0,0,1,87600,2192.289,2360.714,2539.503,72,2
321003,heteroscedastic,sparse,100,400,primary,checkpoint_random_fitting_updates_200000,0.06777582,0,0,1,87600,2192.289,2360.714,2539.503,72,2
321003,heteroscedastic,sparse,100,400,primary,checkpoint_random_gpu_job_seconds_1500,0.06777582,0,0,1,72575,1387.453,1484.079,1591.863,42.5,2
321003,heteroscedastic,sparse,100,400,primary,checkpoint_random_gpu_job_seconds_3000,0.06777582,0,0,1,87600,2192.289,2360.714,2539.503,72,2
321003,heteroscedastic,sparse,100,400,primary,checkpoint_random_gpu_job_seconds_750,0.06777582,0,0,1,58850,691.1631,723.5733,762.2428,14.5,2
321004,heteroscedastic,sparse,100,400,primary,checkpoint_diagnostic_fitting_updates_100000,0.07213796,0,0,1,99225,2553.461,2844.497,2967.726,54.5,2
321004,heteroscedastic,sparse,100,400,primary,checkpoint_diagnostic_fitting_updates_200000,0.07213796,0,0,1,112200,3198.37,3565.225,3721.38,69,2
321004,heteroscedastic,sparse,100,400,primary,checkpoint_diagnostic_gpu_job_seconds_1500,0.07213796,0,0,1,73575,1343.881,1479.95,1536.497,24.5,2
321004,heteroscedastic,sparse,100,400,primary,checkpoint_diagnostic_gpu_job_seconds_3000,0.07213796,0,0,1,101550,2677.176,2983.132,3111.826,57,2
321004,heteroscedastic,sparse,100,400,primary,checkpoint_diagnostic_gpu_job_seconds_750,0.07213796,0,0,1,58750,675.9617,719.2779,739.5056,8,2
321004,heteroscedastic,sparse,100,400,primary,checkpoint_random_fitting_updates_100000,0.07213796,0,0,1,88175,2366.061,2537.419,2702.057,72,2
321004,heteroscedastic,sparse,100,400,primary,checkpoint_random_fitting_updates_200000,0.07213796,0,0,1,88175,2366.061,2537.419,2702.057,72,2
321004,heteroscedastic,sparse,100,400,primary,checkpoint_random_gpu_job_seconds_1500,0.07213796,0,0,1,71225,1390.915,1485.501,1579.392,40,2
321004,heteroscedastic,sparse,100,400,primary,checkpoint_random_gpu_job_seconds_3000,0.07213796,0,0,1,88175,2366.061,2537.419,2702.057,72,2
321004,heteroscedastic,sparse,100,400,primary,checkpoint_random_gpu_job_seconds_750,0.07213796,0,0,1,58350,681.5495,714.7097,751.4877,15,2
350000,heteroscedastic,dense,50,400,primary,checkpoint_diagnostic_fitting_updates_100000,0.08458541,0,0,1,39675,1118.44,1263.568,1344.725,36,2
350000,heteroscedastic,dense,50,400,primary,checkpoint_diagnostic_fitting_updates_25000,0.08458541,0,0,1,24475,480.8344,528.066,554.9793,11.5,2
350000,heteroscedastic,dense,50,400,primary,checkpoint_diagnostic_fitting_updates_50000,0.08458541,0,0,1,39675,1118.44,1263.568,1344.725,36,2
350000,heteroscedastic,dense,50,400,primary,checkpoint_diagnostic_gpu_job_seconds_1000,0.08458541,0,0,1,34475,881.1916,992.278,1052.556,27,2
350000,heteroscedastic,dense,50,400,primary,checkpoint_diagnostic_gpu_job_seconds_2000,0.08458541,0,0,1,39675,1118.44,1263.568,1344.725,36,2
350000,heteroscedastic,dense,50,400,primary,checkpoint_diagnostic_gpu_job_seconds_500,0.08458541,0,0,1,23475,430.4805,470.346,492.8801,9.5,2
350000,heteroscedastic,dense,50,400,primary,checkpoint_random_fitting_updates_100000,0.08458541,0,0,1,32000,823.5893,901.6618,983.7941,36,2
350000,heteroscedastic,dense,50,400,primary,checkpoint_random_fitting_updates_25000,0.08458541,0,0,1,24975,506.0082,545.2748,586.3758,18,2
350000,heteroscedastic,dense,50,400,primary,checkpoint_random_fitting_updates_50000,0.08458541,0,0,1,32000,823.5893,901.6618,983.7941,36,2
350000,heteroscedastic,dense,50,400,primary,checkpoint_random_gpu_job_seconds_1000,0.08458541,0,0,1,32000,823.5893,901.6618,983.7941,36,2
350000,heteroscedastic,dense,50,400,primary,checkpoint_random_gpu_job_seconds_2000,0.08458541,0,0,1,32000,823.5893,901.6618,983.7941,36,2
350000,heteroscedastic,dense,50,400,primary,checkpoint_random_gpu_job_seconds_500,0.08458541,0,0,1,23825,452.0317,484.7276,519.1122,15,2
350001,heteroscedastic,dense,50,400,primary,checkpoint_diagnostic_fitting_updates_100000,0.07193418,0,0,1,40525,1210.345,1352.992,1431.866,36,2
350001,heteroscedastic,dense,50,400,primary,checkpoint_diagnostic_fitting_updates_25000,0.07193418,0,0,1,24925,466.6216,506.351,531.5185,10.5,2
350001,heteroscedastic,dense,50,400,primary,checkpoint_diagnostic_fitting_updates_50000,0.07193418,0,0,1,40525,1210.345,1352.992,1431.866,36,2
350001,heteroscedastic,dense,50,400,primary,checkpoint_diagnostic_gpu_job_seconds_1000,0.07193418,0,0,1,33725,881.0665,975.8908,1029.524,24,2
350001,heteroscedastic,dense,50,400,primary,checkpoint_diagnostic_gpu_job_seconds_2000,0.07193418,0,0,1,40525,1210.345,1352.992,1431.866,36,2
350001,heteroscedastic,dense,50,400,primary,checkpoint_diagnostic_gpu_job_seconds_500,0.07193418,0,0,1,24300,436.8966,471.6206,493.6338,9.5,2
350001,heteroscedastic,dense,50,400,primary,checkpoint_random_fitting_updates_100000,0.07193418,0,0,1,33450,917.1144,998.5827,1073.319,36,2
350001,heteroscedastic,dense,50,400,primary,checkpoint_random_fitting_updates_25000,0.07193418,0,0,1,24925,489.0143,526.3543,561.1434,16.5,2
350001,heteroscedastic,dense,50,400,primary,checkpoint_random_fitting_updates_50000,0.07193418,0,0,1,33450,917.1144,998.5827,1073.319,36,2
350001,heteroscedastic,dense,50,400,primary,checkpoint_random_gpu_job_seconds_1000,0.07193418,0,0,1,32875,890.774,968.4955,1039.742,34.5,2
350001,heteroscedastic,dense,50,400,primary,checkpoint_random_gpu_job_seconds_2000,0.07193418,0,0,1,33450,917.1144,998.5827,1073.319,36,2
350001,heteroscedastic,dense,50,400,primary,checkpoint_random_gpu_job_seconds_500,0.07193418,0,0,1,24125,449.6531,482.7353,513.5359,14.5,2
350002,heteroscedastic,dense,50,400,primary,checkpoint_diagnostic_fitting_updates_100000,0.08047649,0,0,1,44075,1433.026,1591.68,1684.453,36,2
350002,heteroscedastic,dense,50,400,primary,checkpoint_diagnostic_fitting_updates_25000,0.08047649,0,0,1,24625,469.9811,500.7202,520.8293,7,2
350002,heteroscedastic,dense,50,400,primary,checkpoint_diagnostic_fitting_updates_50000,0.08047649,0,0,1,44075,1433.026,1591.68,1684.453,36,2
350002,heteroscedastic,dense,50,400,primary,checkpoint_diagnostic_gpu_job_seconds_1000,0.08047649,0,0,1,32675,876.7794,968.3288,1021.076,20,2
350002,heteroscedastic,dense,50,400,primary,checkpoint_diagnostic_gpu_job_seconds_2000,0.08047649,0,0,1,44075,1433.026,1591.68,1684.453,36,2
350002,heteroscedastic,dense,50,400,primary,checkpoint_diagnostic_gpu_job_seconds_500,0.08047649,0,0,1,24225,447.7442,477.1483,496.1367,6.5,2
350002,heteroscedastic,dense,50,400,primary,checkpoint_random_fitting_updates_100000,0.08047649,0,0,1,33475,877.2774,963.442,1060.457,36,2
350002,heteroscedastic,dense,50,400,primary,checkpoint_random_fitting_updates_25000,0.08047649,0,0,1,24925,467.5684,500.7031,539.9129,13.5,2
350002,heteroscedastic,dense,50,400,primary,checkpoint_random_fitting_updates_50000,0.08047649,0,0,1,33475,877.2774,963.442,1060.457,36,2
350002,heteroscedastic,dense,50,400,primary,checkpoint_random_gpu_job_seconds_1000,0.08047649,0,0,1,33300,868.8083,953.8418,1049.644,35.5,2
350002,heteroscedastic,dense,50,400,primary,checkpoint_random_gpu_job_seconds_2000,0.08047649,0,0,1,33475,877.2774,963.442,1060.457,36,2
350002,heteroscedastic,dense,50,400,primary,checkpoint_random_gpu_job_seconds_500,0.08047649,0,0,1,24750,459.7964,491.8459,529.8223,13,2
350003,heteroscedastic,dense,50,400,primary,checkpoint_diagnostic_fitting_updates_100000,0.07961854,0,0,1,42700,1354.308,1505.582,1594.76,36,2
350003,heteroscedastic,dense,50,400,primary,checkpoint_diagnostic_fitting_updates_25000,0.07961854,0,0,1,24575,442.0317,474.4555,495.8156,8,2
350003,heteroscedastic,dense,50,400,primary,checkpoint_diagnostic_fitting_updates_50000,0.07961854,0,0,1,42700,1354.308,1505.582,1594.76,36,2
350003,heteroscedastic,dense,50,400,primary,checkpoint_diagnostic_gpu_job_seconds_1000,0.07961854,0,0,1,33025,855.7729,943.7629,995.9073,21,2
350003,heteroscedastic,dense,50,400,primary,checkpoint_diagnostic_gpu_job_seconds_2000,0.07961854,0,0,1,42700,1354.308,1505.582,1594.76,36,2
350003,heteroscedastic,dense,50,400,primary,checkpoint_diagnostic_gpu_job_seconds_500,0.07961854,0,0,1,24700,443.7334,475.4495,497.309,8,2
350003,heteroscedastic,dense,50,400,primary,checkpoint_random_fitting_updates_100000,0.07961854,0,0,1,33975,916.6745,1003.824,1091.829,36,2
350003,heteroscedastic,dense,50,400,primary,checkpoint_random_fitting_updates_25000,0.07961854,0,0,1,24875,483.7249,518.8719,554.5205,14,2
350003,heteroscedastic,dense,50,400,primary,checkpoint_random_fitting_updates_50000,0.07961854,0,0,1,33975,916.6745,1003.824,1091.829,36,2
350003,heteroscedastic,dense,50,400,primary,checkpoint_random_gpu_job_seconds_1000,0.07961854,0,0,1,33825,909.4172,995.4775,1082.37,35.5,2
350003,heteroscedastic,dense,50,400,primary,checkpoint_random_gpu_job_seconds_2000,0.07961854,0,0,1,33975,916.6745,1003.824,1091.829,36,2
350003,heteroscedastic,dense,50,400,primary,checkpoint_random_gpu_job_seconds_500,0.07961854,0,0,1,24375,458.6874,490.2224,521.6693,12.5,2
350004,heteroscedastic,dense,50,400,primary,checkpoint_diagnostic_fitting_updates_100000,0.07018322,0,0,1,40550,954.3211,1084.228,1139.034,36,2
350004,heteroscedastic,dense,50,400,primary,checkpoint_diagnostic_fitting_updates_25000,0.07018322,0,0,1,24950,374.4803,410.2431,426.4826,10,2
350004,heteroscedastic,dense,50,400,primary,checkpoint_diagnostic_fitting_updates_50000,0.07018322,0,0,1,40550,954.3211,1084.228,1139.034,36,2
350004,heteroscedastic,dense,50,400,primary,checkpoint_diagnostic_gpu_job_seconds_1000,0.07018322,0,0,1,36775,783.9129,888.1701,932.9571,29.5,2
350004,heteroscedastic,dense,50,400,primary,checkpoint_diagnostic_gpu_job_seconds_2000,0.07018322,0,0,1,40550,954.3211,1084.228,1139.034,36,2
350004,heteroscedastic,dense,50,400,primary,checkpoint_diagnostic_gpu_job_seconds_500,0.07018322,0,0,1,27425,438.3649,487.6556,509.8792,14,2
350004,heteroscedastic,dense,50,400,primary,checkpoint_random_fitting_updates_100000,0.07018322,0,0,1,32300,637.9491,697.2951,752.6453,36,2
350004,heteroscedastic,dense,50,400,primary,checkpoint_random_fitting_updates_25000,0.07018322,0,0,1,24750,380.087,408.3413,433.5496,16,2
350004,heteroscedastic,dense,50,400,primary,checkpoint_random_fitting_updates_50000,0.07018322,0,0,1,32300,637.9491,697.2951,752.6453,36,2
350004,heteroscedastic,dense,50,400,primary,checkpoint_random_gpu_job_seconds_1000,0.07018322,0,0,1,32300,637.9491,697.2951,752.6453,36,2
350004,heteroscedastic,dense,50,400,primary,checkpoint_random_gpu_job_seconds_2000,0.07018322,0,0,1,32300,637.9491,697.2951,752.6453,36,2
350004,heteroscedastic,dense,50,400,primary,checkpoint_random_gpu_job_seconds_500,0.07018322,0,0,1,26925,453.628,491.2518,525.5848,22,2
351000,heteroscedastic,hub,50,400,primary,checkpoint_diagnostic_fitting_updates_100000,0.07872166,-0.01833443,0,0,45425,1292.966,1402.778,1467.148,36,2
351000,heteroscedastic,hub,50,400,primary,checkpoint_diagnostic_fitting_updates_25000,0.0970561,0,0,1,24675,388.926,406.6686,417.028,5.5,2
351000,heteroscedastic,hub,50,400,primary,checkpoint_diagnostic_fitting_updates_50000,0.07872166,-0.01833443,0,0,45425,1292.966,1402.778,1467.148,36,2
351000,heteroscedastic,hub,50,400,primary,checkpoint_diagnostic_gpu_job_seconds_1000,0.07934137,-0.01771473,0,0,37525,919.8244,993.7089,1036.164,23.5,2
351000,heteroscedastic,hub,50,400,primary,checkpoint_diagnostic_gpu_job_seconds_2000,0.07872166,-0.01833443,0,0,45425,1292.966,1402.778,1467.148,36,2
351000,heteroscedastic,hub,50,400,primary,checkpoint_diagnostic_gpu_job_seconds_500,0.0970561,0,0,1,26025,452.0464,471.9839,485.5534,7,2
351000,heteroscedastic,hub,50,400,primary,checkpoint_random_fitting_updates_100000,0.0970561,0,0,1,37175,1093.573,1156.419,1213.803,36,2
351000,heteroscedastic,hub,50,400,primary,checkpoint_random_fitting_updates_25000,0.0970561,0,0,1,24600,440.756,457.0346,472.5214,9,2
351000,heteroscedastic,hub,50,400,primary,checkpoint_random_fitting_updates_50000,0.0970561,0,0,1,37175,1093.573,1156.419,1213.803,36,2
351000,heteroscedastic,hub,50,400,primary,checkpoint_random_gpu_job_seconds_1000,0.0970561,0,0,1,34125,932.4246,984.5019,1031.901,29.5,2
351000,heteroscedastic,hub,50,400,primary,checkpoint_random_gpu_job_seconds_2000,0.0970561,0,0,1,37175,1093.573,1156.419,1213.803,36,2
351000,heteroscedastic,hub,50,400,primary,checkpoint_random_gpu_job_seconds_500,0.0970561,0,0,1,25375,472.3108,489.7587,506.6801,10,2
351001,heteroscedastic,hub,50,400,primary,checkpoint_diagnostic_fitting_updates_100000,0.0987045,0,0,1,47550,1364.814,1476.208,1530.066,36,2
351001,heteroscedastic,hub,50,400,primary,checkpoint_diagnostic_fitting_updates_25000,0.0987045,0,0,1,24300,258.0496,266.3227,271.3093,2.5,2
351001,heteroscedastic,hub,50,400,primary,checkpoint_diagnostic_fitting_updates_50000,0.0987045,0,0,1,47550,1364.814,1476.208,1530.066,36,2
351001,heteroscedastic,hub,50,400,primary,checkpoint_diagnostic_gpu_job_seconds_1000,0.0987045,0,0,1,37775,900.8254,970.4125,1004.374,22.5,2
351001,heteroscedastic,hub,50,400,primary,checkpoint_diagnostic_gpu_job_seconds_2000,0.0987045,0,0,1,47550,1364.814,1476.208,1530.066,36,2
351001,heteroscedastic,hub,50,400,primary,checkpoint_diagnostic_gpu_job_seconds_500,0.0987045,0,0,1,28825,457.6878,481.8617,495.4914,8.5,2
351001,heteroscedastic,hub,50,400,primary,checkpoint_random_fitting_updates_100000,0.0987045,0,0,1,39425,980.6941,1031.646,1086.842,36,2
351001,heteroscedastic,hub,50,400,primary,checkpoint_random_fitting_updates_25000,0.0987045,0,0,1,24800,293.6526,301.547,311.6281,5.5,2
351001,heteroscedastic,hub,50,400,primary,checkpoint_random_fitting_updates_50000,0.0987045,0,0,1,39425,980.6941,1031.646,1086.842,36,2
351001,heteroscedastic,hub,50,400,primary,checkpoint_random_gpu_job_seconds_1000,0.0987045,0,0,1,38675,945.1067,993.8833,1046.936,34.5,2
351001,heteroscedastic,hub,50,400,primary,checkpoint_random_gpu_job_seconds_2000,0.0987045,0,0,1,39425,980.6941,1031.646,1086.842,36,2
351001,heteroscedastic,hub,50,400,primary,checkpoint_random_gpu_job_seconds_500,0.0987045,0,0,1,28575,471.6407,491.1053,513.4858,13.5,2
351002,heteroscedastic,hub,50,400,primary,checkpoint_diagnostic_fitting_updates_100000,0.08967849,-0.00889129,0,0.5,48250,1507.374,1630.933,1695.623,36,2
351002,heteroscedastic,hub,50,400,primary,checkpoint_diagnostic_fitting_updates_25000,0.09856978,0,0,1,24875,387.3475,396.435,401.3673,2,2
351002,heteroscedastic,hub,50,400,primary,checkpoint_diagnostic_fitting_updates_50000,0.08967849,-0.00889129,0,0.5,47175,1468.69,1587.622,1649.623,34.5,2
351002,heteroscedastic,hub,50,400,primary,checkpoint_diagnostic_gpu_job_seconds_1000,0.09230046,-0.006269326,0,0.5,35775,912.5583,979.356,1012.645,18,2
351002,heteroscedastic,hub,50,400,primary,checkpoint_diagnostic_gpu_job_seconds_2000,0.08967849,-0.00889129,0,0.5,48250,1507.374,1630.933,1695.623,36,2
351002,heteroscedastic,hub,50,400,primary,checkpoint_diagnostic_gpu_job_seconds_500,0.09856978,0,0,1,26125,453.6182,464.9405,472.6872,3.5,2
351002,heteroscedastic,hub,50,400,primary,checkpoint_random_fitting_updates_100000,0.09856978,0,0,1,39475,1088.626,1148.49,1211.463,36,2
351002,heteroscedastic,hub,50,400,primary,checkpoint_random_fitting_updates_25000,0.09856978,0,0,1,24725,373.7416,377.3931,383.861,2.5,2
351002,heteroscedastic,hub,50,400,primary,checkpoint_random_fitting_updates_50000,0.09856978,0,0,1,39475,1088.626,1148.49,1211.463,36,2
351002,heteroscedastic,hub,50,400,primary,checkpoint_random_gpu_job_seconds_1000,0.09856978,0,0,1,36425,936.0628,983.1708,1034.71,29,2
351002,heteroscedastic,hub,50,400,primary,checkpoint_random_gpu_job_seconds_2000,0.09856978,0,0,1,39475,1088.626,1148.49,1211.463,36,2
351002,heteroscedastic,hub,50,400,primary,checkpoint_random_gpu_job_seconds_500,0.09856978,0,0,1,27050,485.9314,496.7101,511.2405,7,2
351003,heteroscedastic,hub,50,400,primary,checkpoint_diagnostic_fitting_updates_100000,0.07286022,-0.006672812,0,0.5,47625,1400.637,1508.923,1558.13,36,2
351003,heteroscedastic,hub,50,400,primary,checkpoint_diagnostic_fitting_updates_25000,0.07403616,-0.005496876,0,0.5,24900,380.3978,390.1197,396.5262,3.5,2
351003,heteroscedastic,hub,50,400,primary,checkpoint_diagnostic_fitting_updates_50000,0.07286022,-0.006672812,0,0.5,47625,1400.637,1508.923,1558.13,36,2
351003,heteroscedastic,hub,50,400,primary,checkpoint_diagnostic_gpu_job_seconds_1000,0.07286022,-0.006672812,0,0.5,37025,923.8706,989.5591,1019.845,21.5,2
351003,heteroscedastic,hub,50,400,primary,checkpoint_diagnostic_gpu_job_seconds_2000,0.07286022,-0.006672812,0,0.5,47625,1400.637,1508.923,1558.13,36,2
351003,heteroscedastic,hub,50,400,primary,checkpoint_diagnostic_gpu_job_seconds_500,0.07403616,-0.005496876,0,0.5,26425,448.6038,466.7829,477.3708,6.5,2
351003,heteroscedastic,hub,50,400,primary,checkpoint_random_fitting_updates_100000,0.07953303,0,0,1,38725,1113.516,1167.466,1217.067,36,2
351003,heteroscedastic,hub,50,400,primary,checkpoint_random_fitting_updates_25000,0.07953303,0,0,1,24375,365.8304,371.4783,377.9973,4,2
351003,heteroscedastic,hub,50,400,primary,checkpoint_random_fitting_updates_50000,0.07953303,0,0,1,38725,1113.516,1167.466,1217.067,36,2
351003,heteroscedastic,hub,50,400,primary,checkpoint_random_gpu_job_seconds_1000,0.07953303,0,0,1,35275,939.9703,980.8255,1019.155,27.5,2
351003,heteroscedastic,hub,50,400,primary,checkpoint_random_gpu_job_seconds_2000,0.07953303,0,0,1,38725,1113.516,1167.466,1217.067,36,2
351003,heteroscedastic,hub,50,400,primary,checkpoint_random_gpu_job_seconds_500,0.07953303,0,0,1,26275,461.967,473.2587,485.9974,8.5,2
351004,heteroscedastic,hub,50,400,primary,checkpoint_diagnostic_fitting_updates_100000,0.07211091,0,0,1,47850,1283.27,1387.468,1421.713,36,2
351004,heteroscedastic,hub,50,400,primary,checkpoint_diagnostic_fitting_updates_25000,0.07211091,0,0,1,24775,363.531,375.842,380.7116,4,2
351004,heteroscedastic,hub,50,400,primary,checkpoint_diagnostic_fitting_updates_50000,0.07211091,0,0,1,47850,1283.27,1387.468,1421.713,36,2
351004,heteroscedastic,hub,50,400,primary,checkpoint_diagnostic_gpu_job_seconds_1000,0.07211091,0,0,1,39000,922.1755,989.5956,1011.26,23,2
351004,heteroscedastic,hub,50,400,primary,checkpoint_diagnostic_gpu_job_seconds_2000,0.07211091,0,0,1,47850,1283.27,1387.468,1421.713,36,2
351004,heteroscedastic,hub,50,400,primary,checkpoint_diagnostic_gpu_job_seconds_500,0.07211091,0,0,1,27300,461.3071,480.875,488.5363,7,2
351004,heteroscedastic,hub,50,400,primary,checkpoint_random_fitting_updates_100000,0.07211091,0,0,1,37175,755.413,792.169,826.7121,36,2
351004,heteroscedastic,hub,50,400,primary,checkpoint_random_fitting_updates_25000,0.07211091,0,0,1,24750,357.4486,365.7069,374.1458,7.5,2
351004,heteroscedastic,hub,50,400,primary,checkpoint_random_fitting_updates_50000,0.07211091,0,0,1,37175,755.413,792.169,826.7121,36,2
351004,heteroscedastic,hub,50,400,primary,checkpoint_random_gpu_job_seconds_1000,0.07211091,0,0,1,37175,755.413,792.169,826.7121,36,2
351004,heteroscedastic,hub,50,400,primary,checkpoint_random_gpu_job_seconds_2000,0.07211091,0,0,1,37175,755.413,792.169,826.7121,36,2
351004,heteroscedastic,hub,50,400,primary,checkpoint_random_gpu_job_seconds_500,0.07211091,0,0,1,28275,475.016,491.253,507.4379,15,2
352000,heteroscedastic,deep,50,400,primary,checkpoint_diagnostic_fitting_updates_100000,0.07420384,0,0,1,51275,1467.101,1581.187,1639.507,36,2
352000,heteroscedastic,deep,50,400,primary,checkpoint_diagnostic_fitting_updates_25000,0.07420384,0,0,1,24400,283.1094,287.732,291.6736,1.5,2
352000,heteroscedastic,deep,50,400,primary,checkpoint_diagnostic_fitting_updates_50000,0.07420384,0,0,1,49925,1415.29,1521.513,1574.721,33,2
352000,heteroscedastic,deep,50,400,primary,checkpoint_diagnostic_gpu_job_seconds_1000,0.07420384,0,0,1,38775,924.9484,980.6442,1010.47,17.5,2
352000,heteroscedastic,deep,50,400,primary,checkpoint_diagnostic_gpu_job_seconds_2000,0.07420384,0,0,1,51275,1467.101,1581.187,1639.507,36,2
352000,heteroscedastic,deep,50,400,primary,checkpoint_diagnostic_gpu_job_seconds_500,0.07420384,0,0,1,27875,440.5332,455.3774,464.8708,5,2
352000,heteroscedastic,deep,50,400,primary,checkpoint_random_fitting_updates_100000,0.07420384,0,0,1,40350,1042.055,1094.831,1154.575,36,2
352000,heteroscedastic,deep,50,400,primary,checkpoint_random_fitting_updates_25000,0.07420384,0,0,1,24800,298.649,303.7678,311.1654,3.5,2
352000,heteroscedastic,deep,50,400,primary,checkpoint_random_fitting_updates_50000,0.07420384,0,0,1,40350,1042.055,1094.831,1154.575,36,2
352000,heteroscedastic,deep,50,400,primary,checkpoint_random_gpu_job_seconds_1000,0.07420384,0,0,1,38275,940.6051,986.1825,1037.332,31,2
352000,heteroscedastic,deep,50,400,primary,checkpoint_random_gpu_job_seconds_2000,0.07420384,0,0,1,40350,1042.055,1094.831,1154.575,36,2
352000,heteroscedastic,deep,50,400,primary,checkpoint_random_gpu_job_seconds_500,0.07420384,0,0,1,28125,457.6447,473.8616,493.7609,11,2
352001,heteroscedastic,deep,50,400,primary,checkpoint_diagnostic_fitting_updates_100000,0.08794502,0,0,1,51300,1371.492,1479.366,1538.258,36,2
352001,heteroscedastic,deep,50,400,primary,checkpoint_diagnostic_fitting_updates_25000,0.08794502,0,0,1,24775,255.2234,261.3749,266.805,2.5,2
352001,heteroscedastic,deep,50,400,primary,checkpoint_diagnostic_fitting_updates_50000,0.08794502,0,0,1,49050,1269.078,1371.6,1427.284,34,2
352001,heteroscedastic,deep,50,400,primary,checkpoint_diagnostic_gpu_job_seconds_1000,0.08794502,0,0,1,41350,908.1162,982.9807,1024.405,25,2
352001,heteroscedastic,deep,50,400,primary,checkpoint_diagnostic_gpu_job_seconds_2000,0.08794502,0,0,1,51300,1371.492,1479.366,1538.258,36,2
352001,heteroscedastic,deep,50,400,primary,checkpoint_diagnostic_gpu_job_seconds_500,0.08794502,0,0,1,29700,445.6726,473.3303,489.0752,9,2
352001,heteroscedastic,deep,50,400,primary,checkpoint_random_fitting_updates_100000,0.08794502,0,0,1,38675,997.0695,1057.045,1112.946,36,2
352001,heteroscedastic,deep,50,400,primary,checkpoint_random_fitting_updates_25000,0.08794502,0,0,1,24675,252.3709,257.9267,264.4802,3.5,2
352001,heteroscedastic,deep,50,400,primary,checkpoint_random_fitting_updates_50000,0.08794502,0,0,1,38675,997.0695,1057.045,1112.946,36,2
352001,heteroscedastic,deep,50,400,primary,checkpoint_random_gpu_job_seconds_1000,0.08794502,0,0,1,37400,934.4227,989.0479,1040.14,32.5,2
352001,heteroscedastic,deep,50,400,primary,checkpoint_random_gpu_job_seconds_2000,0.08794502,0,0,1,38675,997.0695,1057.045,1112.946,36,2
352001,heteroscedastic,deep,50,400,primary,checkpoint_random_gpu_job_seconds_500,0.08794502,0,0,1,28825,469.5227,489.0505,509.012,12,2
352002,heteroscedastic,deep,50,400,primary,checkpoint_diagnostic_fitting_updates_100000,0.06830885,-0.005928472,0,0.5,47500,1344.936,1458.887,1516.715,36,2
352002,heteroscedastic,deep,50,400,primary,checkpoint_diagnostic_fitting_updates_25000,0.07423732,0,0,1,24725,296.1406,304.7064,310.8168,3,2
352002,heteroscedastic,deep,50,400,primary,checkpoint_diagnostic_fitting_updates_50000,0.06830885,-0.005928472,0,0.5,47500,1344.936,1458.887,1516.715,36,2
352002,heteroscedastic,deep,50,400,primary,checkpoint_diagnostic_gpu_job_seconds_1000,0.07423732,0,0,1,38175,886.5058,957.7618,993.0628,22,2
352002,heteroscedastic,deep,50,400,primary,checkpoint_diagnostic_gpu_job_seconds_2000,0.06830885,-0.005928472,0,0.5,47500,1344.936,1458.887,1516.715,36,2
352002,heteroscedastic,deep,50,400,primary,checkpoint_diagnostic_gpu_job_seconds_500,0.07423732,0,0,1,29050,456.8133,484.2318,499.5594,9,2
352002,heteroscedastic,deep,50,400,primary,checkpoint_random_fitting_updates_100000,0.07423732,0,0,1,39250,1054.352,1112.194,1167.481,36,2
352002,heteroscedastic,deep,50,400,primary,checkpoint_random_fitting_updates_25000,0.07423732,0,0,1,24775,317.8647,325.3466,333.4268,4.5,2
352002,heteroscedastic,deep,50,400,primary,checkpoint_random_fitting_updates_50000,0.07423732,0,0,1,39250,1054.352,1112.194,1167.481,36,2
352002,heteroscedastic,deep,50,400,primary,checkpoint_random_gpu_job_seconds_1000,0.07423732,0,0,1,36850,928.1787,979.1034,1027.496,31.5,2
352002,heteroscedastic,deep,50,400,primary,checkpoint_random_gpu_job_seconds_2000,0.07423732,0,0,1,39250,1054.352,1112.194,1167.481,36,2
352002,heteroscedastic,deep,50,400,primary,checkpoint_random_gpu_job_seconds_500,0.07423732,0,0,1,27275,448.5397,465.1723,481.3119,10,2
352003,heteroscedastic,deep,50,400,primary,checkpoint_diagnostic_fitting_updates_100000,0.0623526,-0.004632595,0,0.5,43350,1115.022,1228.214,1289.286,36,2
352003,heteroscedastic,deep,50,400,primary,checkpoint_diagnostic_fitting_updates_25000,0.0669852,0,0,1,24725,288.2497,299.1811,307.2242,4,2
352003,heteroscedastic,deep,50,400,primary,checkpoint_diagnostic_fitting_updates_50000,0.0623526,-0.004632595,0,0.5,43350,1115.022,1228.214,1289.286,36,2
352003,heteroscedastic,deep,50,400,primary,checkpoint_diagnostic_gpu_job_seconds_1000,0.0623526,-0.004632595,0,0.5,38050,900.2926,984.2318,1028.957,26,2
352003,heteroscedastic,deep,50,400,primary,checkpoint_diagnostic_gpu_job_seconds_2000,0.0623526,-0.004632595,0,0.5,43350,1115.022,1228.214,1289.286,36,2
352003,heteroscedastic,deep,50,400,primary,checkpoint_diagnostic_gpu_job_seconds_500,0.0669852,0,0,1,28100,446.4081,474.2787,490.5078,9,2
352003,heteroscedastic,deep,50,400,primary,checkpoint_random_fitting_updates_100000,0.0669852,0,0,1,39400,1050.134,1110.774,1172.09,36,2
352003,heteroscedastic,deep,50,400,primary,checkpoint_random_fitting_updates_25000,0.0669852,0,0,1,24375,295.9621,304.8655,315.042,5.5,2
352003,heteroscedastic,deep,50,400,primary,checkpoint_random_fitting_updates_50000,0.0669852,0,0,1,39400,1050.134,1110.774,1172.09,36,2
352003,heteroscedastic,deep,50,400,primary,checkpoint_random_gpu_job_seconds_1000,0.0669852,0,0,1,37050,939.2808,992.9367,1047.438,32,2
352003,heteroscedastic,deep,50,400,primary,checkpoint_random_gpu_job_seconds_2000,0.0669852,0,0,1,39400,1050.134,1110.774,1172.09,36,2
352003,heteroscedastic,deep,50,400,primary,checkpoint_random_gpu_job_seconds_500,0.0669852,0,0,1,27975,477.8215,498.0334,520.0713,12.5,2
352004,heteroscedastic,deep,50,400,primary,checkpoint_diagnostic_fitting_updates_100000,0.07330787,0,0,1,48400,895.1594,980.1547,1007.283,36,2
352004,heteroscedastic,deep,50,400,primary,checkpoint_diagnostic_fitting_updates_25000,0.07330787,0,0,1,24475,201.3113,208.4487,210.8087,2.5,2
352004,heteroscedastic,deep,50,400,primary,checkpoint_diagnostic_fitting_updates_50000,0.07330787,0,0,1,48400,895.1594,980.1547,1007.283,36,2
352004,heteroscedastic,deep,50,400,primary,checkpoint_diagnostic_gpu_job_seconds_1000,0.07330787,0,0,1,47975,880.7544,964.7947,990.9428,35,2
352004,heteroscedastic,deep,50,400,primary,checkpoint_diagnostic_gpu_job_seconds_2000,0.07330787,0,0,1,48400,895.1594,980.1547,1007.283,36,2
352004,heteroscedastic,deep,50,400,primary,checkpoint_diagnostic_gpu_job_seconds_500,0.07330787,0,0,1,32800,443.8046,476.7786,486.5719,13,2
352004,heteroscedastic,deep,50,400,primary,checkpoint_random_fitting_updates_100000,0.07330787,0,0,1,40025,623.982,652.9935,680.6566,36,2
352004,heteroscedastic,deep,50,400,primary,checkpoint_random_fitting_updates_25000,0.07330787,0,0,1,24425,191.0474,193.8382,197.2731,3.5,2
352004,heteroscedastic,deep,50,400,primary,checkpoint_random_fitting_updates_50000,0.07330787,0,0,1,40025,623.982,652.9935,680.6566,36,2
352004,heteroscedastic,deep,50,400,primary,checkpoint_random_gpu_job_seconds_1000,0.07330787,0,0,1,40025,623.982,652.9935,680.6566,36,2
352004,heteroscedastic,deep,50,400,primary,checkpoint_random_gpu_job_seconds_2000,0.07330787,0,0,1,40025,623.982,652.9935,680.6566,36,2
352004,heteroscedastic,deep,50,400,primary,checkpoint_random_gpu_job_seconds_500,0.07330787,0,0,1,35075,472.7586,492.7913,511.8477,25.5,2
