d,profile,family,budget,sensitivity,checkpoint,diagnostic,random,paired_conditions
20,sparse,heteroscedastic,400,primary,fitting_updates_10000,10,10,10
20,sparse,heteroscedastic,400,primary,fitting_updates_20000,10,10,10
20,sparse,heteroscedastic,400,primary,fitting_updates_40000,10,10,10
20,sparse,heteroscedastic,400,primary,gpu_job_seconds_1000,10,10,10
20,sparse,heteroscedastic,400,primary,gpu_job_seconds_200,8,8,8
20,sparse,heteroscedastic,400,primary,gpu_job_seconds_500,10,10,10
20,sparse,nonlinear,400,primary,fitting_updates_10000,10,10,10
20,sparse,nonlinear,400,primary,fitting_updates_20000,10,10,10
20,sparse,nonlinear,400,primary,fitting_updates_40000,10,10,10
20,sparse,nonlinear,400,primary,gpu_job_seconds_1000,10,10,10
20,sparse,nonlinear,400,primary,gpu_job_seconds_200,8,8,8
20,sparse,nonlinear,400,primary,gpu_job_seconds_500,10,10,10
50,deep,heteroscedastic,400,primary,fitting_updates_100000,10,10,10
50,deep,heteroscedastic,400,primary,fitting_updates_25000,10,10,10
50,deep,heteroscedastic,400,primary,fitting_updates_50000,10,10,10
50,deep,heteroscedastic,400,primary,gpu_job_seconds_1000,10,10,10
50,deep,heteroscedastic,400,primary,gpu_job_seconds_2000,10,10,10
50,deep,heteroscedastic,400,primary,gpu_job_seconds_500,10,10,10
50,dense,heteroscedastic,400,primary,fitting_updates_100000,10,10,10
50,dense,heteroscedastic,400,primary,fitting_updates_25000,10,10,10
50,dense,heteroscedastic,400,primary,fitting_updates_50000,10,10,10
50,dense,heteroscedastic,400,primary,gpu_job_seconds_1000,10,10,10
50,dense,heteroscedastic,400,primary,gpu_job_seconds_2000,10,10,10
50,dense,heteroscedastic,400,primary,gpu_job_seconds_500,10,10,10
50,hub,heteroscedastic,400,primary,fitting_updates_100000,10,10,10
50,hub,heteroscedastic,400,primary,fitting_updates_25000,10,10,10
50,hub,heteroscedastic,400,primary,fitting_updates_50000,10,10,10
50,hub,heteroscedastic,400,primary,gpu_job_seconds_1000,10,10,10
50,hub,heteroscedastic,400,primary,gpu_job_seconds_2000,10,10,10
50,hub,heteroscedastic,400,primary,gpu_job_seconds_500,10,10,10
50,sparse,heteroscedastic,160,fixed-total-1600,fitting_updates_100000,2,2,2
50,sparse,heteroscedastic,160,fixed-total-1600,fitting_updates_25000,2,2,2
50,sparse,heteroscedastic,160,fixed-total-1600,fitting_updates_50000,2,2,2
50,sparse,heteroscedastic,160,fixed-total-1600,gpu_job_seconds_1000,2,2,2
50,sparse,heteroscedastic,160,fixed-total-1600,gpu_job_seconds_2000,2,2,2
50,sparse,heteroscedastic,160,fixed-total-1600,gpu_job_seconds_500,2,2,2
50,sparse,heteroscedastic,400,primary,fitting_updates_100000,10,10,10
50,sparse,heteroscedastic,400,primary,fitting_updates_25000,10,10,10
50,sparse,heteroscedastic,400,primary,fitting_updates_50000,10,10,10
50,sparse,heteroscedastic,400,primary,gpu_job_seconds_1000,10,10,10
50,sparse,heteroscedastic,400,primary,gpu_job_seconds_2000,10,10,10
50,sparse,heteroscedastic,400,primary,gpu_job_seconds_500,10,10,10
50,sparse,nonlinear,400,primary,fitting_updates_100000,10,10,10
50,sparse,nonlinear,400,primary,fitting_updates_25000,10,10,10
50,sparse,nonlinear,400,primary,fitting_updates_50000,10,10,10
50,sparse,nonlinear,400,primary,gpu_job_seconds_1000,10,10,10
50,sparse,nonlinear,400,primary,gpu_job_seconds_2000,10,10,10
50,sparse,nonlinear,400,primary,gpu_job_seconds_500,10,10,10
100,sparse,heteroscedastic,400,primary,fitting_updates_100000,10,10,10
100,sparse,heteroscedastic,400,primary,fitting_updates_200000,10,10,10
100,sparse,heteroscedastic,400,primary,gpu_job_seconds_1500,10,10,10
100,sparse,heteroscedastic,400,primary,gpu_job_seconds_3000,10,10,10
100,sparse,heteroscedastic,400,primary,gpu_job_seconds_750,10,10,10
100,sparse,nonlinear,400,primary,fitting_updates_100000,10,10,10
100,sparse,nonlinear,400,primary,fitting_updates_200000,10,10,10
100,sparse,nonlinear,400,primary,gpu_job_seconds_1500,10,10,10
100,sparse,nonlinear,400,primary,gpu_job_seconds_3000,10,10,10
100,sparse,nonlinear,400,primary,gpu_job_seconds_750,10,10,10
