d,family,profile,resource,method,planned_scms,observed_scms,planned_conditions,valid_predictions,strict_converged,valid_capped_predictions,legacy_stop_not_strict,missing_predictions
20,heteroscedastic,sparse,fixed,M0,5,5,10,10,,0,0,0
20,heteroscedastic,sparse,fixed,M1,5,5,10,10,,0,0,0
20,heteroscedastic,sparse,fixed,M2,5,5,10,10,0.0,10,0,0
20,heteroscedastic,sparse,fixed,M3,5,5,10,10,,0,0,0
20,heteroscedastic,sparse,fixed,M4,5,5,10,10,,0,0,0
20,heteroscedastic,sparse,fixed,M5,5,5,10,10,,0,0,0
20,heteroscedastic,sparse,fixed,fixed,5,5,10,10,,0,0,0
20,heteroscedastic,sparse,fixed,random,5,5,10,10,,0,0,0
20,heteroscedastic,sparse,fixed,oracle,1,1,2,2,,0,0,0
20,nonlinear,sparse,fixed,M0,5,5,10,10,,0,0,0
20,nonlinear,sparse,fixed,M1,5,5,10,10,,0,0,0
20,nonlinear,sparse,fixed,M2,5,5,10,10,0.0,8,2,0
20,nonlinear,sparse,fixed,M3,5,5,10,10,,0,0,0
20,nonlinear,sparse,fixed,M4,5,5,10,10,,0,0,0
20,nonlinear,sparse,fixed,M5,5,5,10,10,,0,0,0
20,nonlinear,sparse,fixed,fixed,5,5,10,10,,0,0,0
20,nonlinear,sparse,fixed,random,5,5,10,10,,0,0,0
20,nonlinear,sparse,fixed,oracle,1,1,2,2,,0,0,0
50,heteroscedastic,deep,fixed,M0,5,5,10,10,,0,0,0
50,heteroscedastic,deep,fixed,M1,5,5,10,10,,0,0,0
50,heteroscedastic,deep,fixed,M2,5,5,10,10,0.0,10,0,0
50,heteroscedastic,deep,fixed,M3,5,5,10,10,,0,0,0
50,heteroscedastic,deep,fixed,M4,5,5,10,10,,0,0,0
50,heteroscedastic,deep,fixed,M5,5,5,10,10,,0,0,0
50,heteroscedastic,deep,fixed,fixed,5,5,10,10,,0,0,0
50,heteroscedastic,deep,fixed,random,5,5,10,10,,0,0,0
50,heteroscedastic,deep,fixed,oracle,1,1,2,2,,0,0,0
50,heteroscedastic,dense,fixed,M0,5,5,10,10,,0,0,0
50,heteroscedastic,dense,fixed,M1,5,5,10,10,,0,0,0
50,heteroscedastic,dense,fixed,M2,5,5,10,10,0.0,10,0,0
50,heteroscedastic,dense,fixed,M3,5,5,10,10,,0,0,0
50,heteroscedastic,dense,fixed,M4,5,5,10,10,,0,0,0
50,heteroscedastic,dense,fixed,M5,5,5,10,10,,0,0,0
50,heteroscedastic,dense,fixed,fixed,5,5,10,10,,0,0,0
50,heteroscedastic,dense,fixed,random,5,5,10,10,,0,0,0
50,heteroscedastic,dense,fixed,oracle,1,1,2,2,,0,0,0
50,heteroscedastic,hub,fixed,M0,5,5,10,10,,0,0,0
50,heteroscedastic,hub,fixed,M1,5,5,10,10,,0,0,0
50,heteroscedastic,hub,fixed,M2,5,5,10,10,0.0,10,0,0
50,heteroscedastic,hub,fixed,M3,5,5,10,10,,0,0,0
50,heteroscedastic,hub,fixed,M4,5,5,10,10,,0,0,0
50,heteroscedastic,hub,fixed,M5,5,5,10,10,,0,0,0
50,heteroscedastic,hub,fixed,fixed,5,5,10,10,,0,0,0
50,heteroscedastic,hub,fixed,random,5,5,10,10,,0,0,0
50,heteroscedastic,hub,fixed,oracle,1,1,2,2,,0,0,0
50,heteroscedastic,sparse,fixed,M0,5,5,10,10,,0,0,0
50,heteroscedastic,sparse,fixed,M1,5,5,10,10,,0,0,0
50,heteroscedastic,sparse,fixed,M2,5,5,10,10,0.0,10,0,0
50,heteroscedastic,sparse,fixed,M3,5,5,10,10,,0,0,0
50,heteroscedastic,sparse,fixed,M4,5,5,10,10,,0,0,0
50,heteroscedastic,sparse,fixed,M5,5,5,10,10,,0,0,0
50,heteroscedastic,sparse,fixed,fixed,5,5,10,10,,0,0,0
50,heteroscedastic,sparse,fixed,random,5,5,10,10,,0,0,0
50,heteroscedastic,sparse,fixed,oracle,1,1,2,2,,0,0,0
50,nonlinear,sparse,fixed,M0,5,5,10,10,,0,0,0
50,nonlinear,sparse,fixed,M1,5,5,10,10,,0,0,0
50,nonlinear,sparse,fixed,M2,5,5,10,10,0.0,10,0,0
50,nonlinear,sparse,fixed,M3,5,5,10,10,,0,0,0
50,nonlinear,sparse,fixed,M4,5,5,10,10,,0,0,0
50,nonlinear,sparse,fixed,M5,5,5,10,10,,0,0,0
50,nonlinear,sparse,fixed,fixed,5,5,10,10,,0,0,0
50,nonlinear,sparse,fixed,random,5,5,10,10,,0,0,0
50,nonlinear,sparse,fixed,oracle,1,1,2,2,,0,0,0
100,heteroscedastic,sparse,fixed,M0,5,5,10,10,,0,0,0
100,heteroscedastic,sparse,fixed,M1,5,5,10,10,,0,0,0
100,heteroscedastic,sparse,fixed,M2,5,5,10,10,0.0,10,0,0
100,heteroscedastic,sparse,fixed,M3,5,5,10,10,,3,0,0
100,heteroscedastic,sparse,fixed,M4,5,5,10,10,,3,0,0
100,heteroscedastic,sparse,fixed,M5,5,5,10,10,,3,0,0
100,heteroscedastic,sparse,fixed,fixed,5,5,10,10,,0,0,0
100,heteroscedastic,sparse,fixed,random,5,5,10,10,,0,0,0
100,heteroscedastic,sparse,fixed,oracle,1,1,2,2,,0,0,0
100,nonlinear,sparse,fixed,M0,5,5,10,10,,0,0,0
100,nonlinear,sparse,fixed,M1,5,5,10,10,,0,0,0
100,nonlinear,sparse,fixed,M2,5,5,10,10,0.0,10,0,0
100,nonlinear,sparse,fixed,M3,5,5,10,10,,4,0,0
100,nonlinear,sparse,fixed,M4,5,5,10,10,,4,0,0
100,nonlinear,sparse,fixed,M5,5,5,10,10,,4,0,0
100,nonlinear,sparse,fixed,fixed,5,5,10,10,,0,0,0
100,nonlinear,sparse,fixed,random,5,5,10,10,,0,0,0
100,nonlinear,sparse,fixed,oracle,1,1,2,2,,0,0,0
20,heteroscedastic,sparse,adjusted,M0,5,5,10,10,,0,0,0
20,heteroscedastic,sparse,adjusted,M1,5,5,10,10,,0,0,0
20,heteroscedastic,sparse,adjusted,M2,5,5,10,10,0.0,10,0,0
20,heteroscedastic,sparse,adjusted,M3,5,5,10,10,,0,0,0
20,heteroscedastic,sparse,adjusted,M4,5,5,10,10,,0,0,0
20,heteroscedastic,sparse,adjusted,M5,5,5,10,10,,0,0,0
20,heteroscedastic,sparse,adjusted,fixed,5,5,10,10,,0,0,0
20,heteroscedastic,sparse,adjusted,random,5,5,10,10,,0,0,0
20,heteroscedastic,sparse,adjusted,oracle,1,1,2,2,,0,0,0
20,nonlinear,sparse,adjusted,M0,5,5,10,10,,0,0,0
20,nonlinear,sparse,adjusted,M1,5,5,10,10,,0,0,0
20,nonlinear,sparse,adjusted,M2,5,5,10,10,0.0,8,2,0
20,nonlinear,sparse,adjusted,M3,5,5,10,10,,0,0,0
20,nonlinear,sparse,adjusted,M4,5,5,10,10,,0,0,0
20,nonlinear,sparse,adjusted,M5,5,5,10,10,,0,0,0
20,nonlinear,sparse,adjusted,fixed,5,5,10,10,,0,0,0
20,nonlinear,sparse,adjusted,random,5,5,10,10,,0,0,0
20,nonlinear,sparse,adjusted,oracle,1,1,2,2,,0,0,0
50,heteroscedastic,deep,adjusted,M0,5,5,10,10,,0,0,0
50,heteroscedastic,deep,adjusted,M1,5,5,10,10,,0,0,0
50,heteroscedastic,deep,adjusted,M2,5,5,10,10,0.0,10,0,0
50,heteroscedastic,deep,adjusted,M3,5,5,10,10,,0,0,0
50,heteroscedastic,deep,adjusted,M4,5,5,10,10,,0,0,0
50,heteroscedastic,deep,adjusted,M5,5,5,10,10,,0,0,0
50,heteroscedastic,deep,adjusted,fixed,5,5,10,10,,0,0,0
50,heteroscedastic,deep,adjusted,random,5,5,10,10,,0,0,0
50,heteroscedastic,deep,adjusted,oracle,1,1,2,2,,0,0,0
50,heteroscedastic,dense,adjusted,M0,5,5,10,10,,0,0,0
50,heteroscedastic,dense,adjusted,M1,5,5,10,10,,0,0,0
50,heteroscedastic,dense,adjusted,M2,5,5,10,10,0.0,10,0,0
50,heteroscedastic,dense,adjusted,M3,5,5,10,10,,0,0,0
50,heteroscedastic,dense,adjusted,M4,5,5,10,10,,0,0,0
50,heteroscedastic,dense,adjusted,M5,5,5,10,10,,0,0,0
50,heteroscedastic,dense,adjusted,fixed,5,5,10,10,,0,0,0
50,heteroscedastic,dense,adjusted,random,5,5,10,10,,0,0,0
50,heteroscedastic,dense,adjusted,oracle,1,1,2,2,,0,0,0
50,heteroscedastic,hub,adjusted,M0,5,5,10,10,,0,0,0
50,heteroscedastic,hub,adjusted,M1,5,5,10,10,,0,0,0
50,heteroscedastic,hub,adjusted,M2,5,5,10,10,0.0,10,0,0
50,heteroscedastic,hub,adjusted,M3,5,5,10,10,,0,0,0
50,heteroscedastic,hub,adjusted,M4,5,5,10,10,,0,0,0
50,heteroscedastic,hub,adjusted,M5,5,5,10,10,,0,0,0
50,heteroscedastic,hub,adjusted,fixed,5,5,10,10,,0,0,0
50,heteroscedastic,hub,adjusted,random,5,5,10,10,,0,0,0
50,heteroscedastic,hub,adjusted,oracle,1,1,2,2,,0,0,0
50,heteroscedastic,sparse,adjusted,M0,5,5,10,10,,0,0,0
50,heteroscedastic,sparse,adjusted,M1,5,5,10,10,,0,0,0
50,heteroscedastic,sparse,adjusted,M2,5,5,10,10,0.0,10,0,0
50,heteroscedastic,sparse,adjusted,M3,5,5,10,10,,0,0,0
50,heteroscedastic,sparse,adjusted,M4,5,5,10,10,,0,0,0
50,heteroscedastic,sparse,adjusted,M5,5,5,10,10,,0,0,0
50,heteroscedastic,sparse,adjusted,fixed,5,5,10,10,,0,0,0
50,heteroscedastic,sparse,adjusted,random,5,5,10,10,,0,0,0
50,heteroscedastic,sparse,adjusted,oracle,1,1,2,2,,0,0,0
50,nonlinear,sparse,adjusted,M0,5,5,10,10,,0,0,0
50,nonlinear,sparse,adjusted,M1,5,5,10,10,,0,0,0
50,nonlinear,sparse,adjusted,M2,5,5,10,10,0.0,10,0,0
50,nonlinear,sparse,adjusted,M3,5,5,10,10,,0,0,0
50,nonlinear,sparse,adjusted,M4,5,5,10,10,,0,0,0
50,nonlinear,sparse,adjusted,M5,5,5,10,10,,0,0,0
50,nonlinear,sparse,adjusted,fixed,5,5,10,10,,0,0,0
50,nonlinear,sparse,adjusted,random,5,5,10,10,,0,0,0
50,nonlinear,sparse,adjusted,oracle,1,1,2,2,,0,0,0
100,heteroscedastic,sparse,adjusted,M0,5,5,10,10,,0,0,0
100,heteroscedastic,sparse,adjusted,M1,5,5,10,10,,0,0,0
100,heteroscedastic,sparse,adjusted,M2,5,5,10,10,0.0,10,0,0
100,heteroscedastic,sparse,adjusted,M3,5,5,10,10,,3,0,0
100,heteroscedastic,sparse,adjusted,M4,5,5,10,10,,3,0,0
100,heteroscedastic,sparse,adjusted,M5,5,5,10,10,,3,0,0
100,heteroscedastic,sparse,adjusted,fixed,5,5,10,10,,0,0,0
100,heteroscedastic,sparse,adjusted,random,5,5,10,10,,0,0,0
100,heteroscedastic,sparse,adjusted,oracle,1,1,2,2,,0,0,0
100,nonlinear,sparse,adjusted,M0,5,5,10,10,,0,0,0
100,nonlinear,sparse,adjusted,M1,5,5,10,10,,0,0,0
100,nonlinear,sparse,adjusted,M2,5,5,10,10,0.0,10,0,0
100,nonlinear,sparse,adjusted,M3,5,5,10,10,,4,0,0
100,nonlinear,sparse,adjusted,M4,5,5,10,10,,4,0,0
100,nonlinear,sparse,adjusted,M5,5,5,10,10,,4,0,0
100,nonlinear,sparse,adjusted,fixed,5,5,10,10,,0,0,0
100,nonlinear,sparse,adjusted,random,5,5,10,10,,0,0,0
100,nonlinear,sparse,adjusted,oracle,1,1,2,2,,0,0,0
