scm,budget,d,profile,actual_stage_other_seconds,actual_stage_common_refit_seconds,actual_stage_discovery_seconds,actual_stage_selection_all_controls_seconds,actual_stage_diagnostic_banks_seconds,actual_stage_random_banks_seconds,actual_unique_prediction_generation_seconds,actual_unique_prediction_metric_seconds,unique_selected_predictions,logical_M3_seconds,logical_M4_seconds,logical_M5_seconds,policy_conditions,bank_charge_per_repair_method_seconds
310200,400,20,sparse,109.7639,118.8709,1471.675,138.4384,1282.314,868.3059,5.18228,7.480697,13,2415.533,2415.509,2393.139,4,2377.609
310201,400,20,sparse,0.5270244,96.85945,1362.176,159.854,1155.757,747.7009,6.414657,7.397726,13,2201.796,2200.646,2175.897,4,2156.832
310202,400,20,sparse,0.4768969,81.51111,1362.431,134.9632,1267.171,703.0679,5.565577,8.239421,14,2246.926,2246.96,2223.443,4,2209.419
310203,400,20,sparse,0.4977237,74.5409,1271.712,136.807,1346.855,731.2291,3.680757,6.46674,12,2363.769,2362.259,2338.445,4,2323.859
310204,400,20,sparse,0.5407387,107.3174,1372.358,142.6834,1360.123,788.7378,5.57047,8.746367,15,2311.613,2310.487,2283.055,4,2267.44
310500,400,50,sparse,83.85574,159.3404,1820.027,480.8756,2350.627,1423.861,27.11952,20.72757,13,3714.775,3712.174,3651.792,4,3594.239
310501,400,50,sparse,2.209704,139.9801,1469.686,476.9546,2533.98,1742.203,23.10407,14.06245,9,3627.797,3627.797,3576.23,4,3517.234
310502,400,50,sparse,2.354077,174.9027,1501.121,480.5086,2600.793,1487.07,26.68301,15.47046,10,3870.738,3870.738,3804.76,4,3751.722
310503,400,50,sparse,2.675854,157.4613,1465.393,480.728,2814.25,1666.959,29.83695,17.53068,11,4283.405,4283.404,4233.647,4,4172.136
310504,400,50,sparse,2.2556,145.1185,1477.802,461.1777,2596.69,1586.707,29.71263,17.9135,11,3904.769,3903.542,3844.579,4,3789.037
311000,400,100,sparse,272.7674,240.0541,2071.8,1634.784,6803.187,4346.38,97.09531,39.97881,11,8962.067,8962.067,8704.171,4,8545.615
311001,400,100,sparse,8.82476,268.7534,1721.688,1519.136,6895.677,4200.958,95.73005,36.92855,10,9149.975,9149.975,8923.422,4,8774.7
311002,400,100,sparse,8.477899,299.773,1841.182,1737.399,6829.772,4594.538,114.7483,35.96877,10,8927.16,8927.16,8684.699,4,8496.67
311003,400,100,sparse,8.39481,259.0879,1766.019,1712.362,6749.903,4394.826,113.2081,41.27043,10,8835.281,8835.281,8595.266,4,8420.368
311004,400,100,sparse,7.800259,270.7886,1771.211,1411.942,7098.291,4423.648,101.9809,38.13245,10,9407.356,9407.356,9203.317,4,9074.064
320200,400,20,sparse,71.19536,121.0991,1711.143,146.4811,1222.82,656.1794,5.499631,7.474268,13,2116.73,2116.73,2092.884,4,2073.157
320201,400,20,sparse,0.5313682,96.87778,1318.262,137.4847,1311.876,552.4484,5.238633,7.733934,13,1989.293,1988.599,1963.572,4,1948.048
320202,400,20,sparse,0.5536045,65.25696,1410.666,138.3049,1430.667,738.099,4.454165,7.393381,13,2556.461,2556.461,2531.237,4,2515.797
320203,400,20,sparse,0.5149595,52.79014,1257.836,152.863,1376.741,715.1636,6.274056,7.958349,14,2296.629,2295.5,2267.229,4,2251.116
320204,400,20,sparse,0.7187325,78.86744,1344.038,147.819,1350.042,780.1071,8.305824,10.48335,18,2527.586,2527.027,2504.104,4,2486.33
320500,160,50,sparse,83.70737,83.04926,1409.116,222.1672,1428.858,756.7534,25.48439,16.96743,11,2289.878,2289.877,2261.026,4,2236.62
320500,400,50,sparse,127.4774,208.7464,1828.812,488.2305,2654.767,1483.057,25.50192,17.63589,11,4232.887,4232.886,4167.367,4,4113.546
320501,400,50,sparse,2.389195,159.0408,1440.725,471.0015,2660.589,1811.463,30.82227,20.114,12,4105.855,4104.709,4041.098,4,3983.943
320502,400,50,sparse,2.46781,171.8034,1457.811,467.0698,2693.542,1688.538,26.36811,16.50602,10,3889.356,3889.355,3830.391,4,3776.494
320503,400,50,sparse,2.495408,140.6924,1464.449,511.1205,2873.973,1755.319,28.76829,16.58369,10,4192.495,4192.495,4136.86,4,4076.9
320504,400,50,sparse,2.899855,139.6414,1433.917,459.8199,2924.305,1616.921,23.3513,14.9806,9,4163.37,4163.37,4109.336,4,4053.853
321000,400,100,sparse,251.3567,241.8043,2069.842,1704.948,6072.28,4366.291,107.6349,38.21509,11,8367.262,8367.261,8131.339,4,7956.15
321001,400,100,sparse,11.24521,259.0109,1787.789,1467.618,7039.748,4361.236,95.41291,36.65573,10,9457.339,9457.337,9250.802,4,9108.446
321002,400,100,sparse,8.733888,215.7383,1820.603,1596.728,6846.772,4263.859,104.4989,37.61097,10,8496.317,8496.317,8254.838,4,8099.143
321003,400,100,sparse,10.09901,237.0783,1809.678,1540.461,6599.196,4183.828,105.3687,37.99162,10,8617.044,8617.043,8399.404,4,8254.245
321004,400,100,sparse,9.885672,241.9255,1811.985,1458.344,6677.68,4445.314,96.28416,36.55833,10,8771.619,8771.619,8555.223,4,8422.132
350000,400,50,dense,192.9854,198.0823,1527.589,713.0436,2398.625,1212.181,31.20759,22.32902,10,3555.2,3555.2,3439.851,4,3358.609
350001,400,50,dense,4.559881,168.3054,1440.907,703.2865,2733.851,1365.283,39.70587,23.34054,10,3725.905,3725.905,3616.651,4,3532.335
350002,400,50,dense,4.663872,194.6275,1457.308,816.4624,3094.767,1337.63,42.92278,24.80465,10,4400.158,4400.158,4272.783,4,4175.747
350003,400,50,dense,4.892622,158.5764,1508.764,746.6257,3010.041,1474.022,36.52578,21.72903,10,4112.493,4112.493,3981.306,4,3897.401
350004,400,50,dense,4.832167,214.3078,1433.455,477.0474,2184.805,1043.619,39.97491,23.08849,10,2963.111,2963.11,2884.871,4,2829.166
351000,400,50,hub,168.2297,205.3582,1477.232,518.8392,2453.65,1718.253,21.96376,25.44431,13,3905.066,3902.197,3800.998,4,3749.524
351001,400,50,hub,2.610627,226.7515,1457.589,463.7307,2747.253,1618.899,18.91306,18.82476,10,3960.501,3960.501,3872.634,4,3830.184
351002,400,50,hub,2.67111,184.0293,1444.056,537.3615,2952.298,1562.595,22.24663,26.66023,12,4589.14,4589.108,4483.225,4,4430.177
351003,400,50,hub,2.747556,191.4046,1463.439,455.1959,2747.399,1766.437,21.77157,21.28387,11,4239.904,4237.535,4155.816,4,4112.297
351004,400,50,hub,2.705627,239.8525,1433.77,296.7714,2483.814,1089.598,22.05857,19.40958,10,3819.904,3819.903,3767.576,4,3736.687
352000,400,50,deep,131.2016,140.5574,1425.111,615.9264,2789.954,1549.294,43.00417,18.32823,11,4433.212,4433.211,4372.04,4,4292.609
352001,400,50,deep,2.421173,148.4786,1429.265,600.0563,2824.649,1660.799,41.67604,16.05152,10,3905.254,3905.254,3842.587,4,3763.454
352002,400,50,deep,2.228491,143.5924,1470.653,607.2767,2645.757,1676.674,40.84678,16.65743,11,3908.598,3906.987,3848.496,4,3767.377
352003,400,50,deep,2.572686,99.9075,1464.537,654.2472,2163.752,1762.533,43.16389,17.93489,12,3424.447,3424.441,3359.712,4,3273.677
352004,400,50,deep,2.224812,174.6396,1421.936,291.8488,1809.607,923.7529,44.59824,15.5667,10,2699.653,2699.653,2673.649,4,2632.994
