scm,d,profile,family,sensitivity,corruption,resource,initial_weight_before_audit,audit_pass,retained,components_before_audit,bank_hash
352000,50,deep,heteroscedastic,primary,0.2,adjusted,0.9849161,True,False,3,861f9c54d57459992d6453fc1e3e2840b9c625a03cc3ea72dbcf0e73743af07a
352000,50,deep,heteroscedastic,primary,0.2,fixed,0.9907107,True,False,3,e51bd125523433866af64e199bfa6ab1d4d569557f702581afbeaef26fbef184
352000,50,deep,heteroscedastic,primary,0.5,adjusted,0.9606498,True,False,3,43fd91a17f5b0942dc8979b514e1b44b2e2323a919c9e16c38189f79759f5c1d
352000,50,deep,heteroscedastic,primary,0.5,fixed,0.9606498,True,False,3,360a15b42833b82c46bb64afb40059d65488b63c993a1dfd2367813adaded494
352001,50,deep,heteroscedastic,primary,0.2,adjusted,0.9542842,True,False,3,faaa139ed8453f5aa905b733a5523b76569e1bd80098c74848ef34d598c3c0dc
352001,50,deep,heteroscedastic,primary,0.2,fixed,0.9882368,True,False,3,a95212fb4a970fde07838952f9bf27c4d5b7843e5f4c3108f844bf826537907c
352001,50,deep,heteroscedastic,primary,0.5,adjusted,0.9150089,True,False,3,159abc29b688f538736e34cbac2ac55e4542d5916aad26df4b39078f290056cc
352001,50,deep,heteroscedastic,primary,0.5,fixed,0.9150089,True,False,3,54071c100b8849f8ab841cccc528148ffba317df3a39feaa64113524ba4db5e8
352002,50,deep,heteroscedastic,primary,0.2,adjusted,0.9889779,True,False,3,d87b0573901744778c792ef4dae5f575f93dddc7befba542c912adb37d666f4c
352002,50,deep,heteroscedastic,primary,0.2,fixed,0.9866455,True,False,3,356b1a09757a11d82fd0697e56dc84db444cf5a9f2f601cb6708dd7e9becdb21
352002,50,deep,heteroscedastic,primary,0.5,adjusted,0.9307668,True,False,3,2a9f27ea3631fac582cf047fdbdb481a46520ec5f9f77f883912e3840d6660a3
352002,50,deep,heteroscedastic,primary,0.5,fixed,0.9910821,True,False,3,ce6cf24a97530cdd3b9363bd57c4075a0ba5814c86786607e26257faa231ac88
352003,50,deep,heteroscedastic,primary,0.2,adjusted,0.9677846,True,False,3,23644676b0da54289fe2e40a50e2c40371cab3796f20cf0c79b7976b52502d4e
352003,50,deep,heteroscedastic,primary,0.2,fixed,0.9817471,True,False,3,9386be94c4701ce2e342217df33379060e996456a80277e897f750daef9c75c2
352003,50,deep,heteroscedastic,primary,0.5,adjusted,0.9403762,True,False,3,d5e693b91f259a2dbb5fa4afe7a61578c5054d85d85de8d085d12f4bdf539b55
352003,50,deep,heteroscedastic,primary,0.5,fixed,0.9801087,True,False,3,0abc563e0b17a649c4d4222af5c50f9ef18a1fccba87d9a05d308d51fc1d54c1
352004,50,deep,heteroscedastic,primary,0.2,adjusted,0.9658536,True,False,3,33c3572e8571861be2c05eb106d72839361b515e0e7528dd8af68d2fe6fccfad
352004,50,deep,heteroscedastic,primary,0.2,fixed,0.9797689,True,False,3,c96ce8bff3a7e69842a905717066c867ea1578c3a2e4c4f050317eb0331d1355
352004,50,deep,heteroscedastic,primary,0.5,adjusted,0.9782129,True,False,3,c27ea9ecace89b7381120d6b4faa4a84b02c9a2a97dd882df747b30e3446a66f
352004,50,deep,heteroscedastic,primary,0.5,fixed,0.9820967,True,False,3,d05dee9324dc15bd4671b3c4d84fe17ed7ca8bf2f89fb4679d8debbef94aab08
350000,50,dense,heteroscedastic,primary,0.2,adjusted,0.9640387,True,False,3,a120d80998e13c8ce3dee4362cf744d7a8380bddf8768c518bb4edab53e91dfd
350000,50,dense,heteroscedastic,primary,0.2,fixed,0.9860748,True,False,3,4410926cba394353efd82764e55331cc1e05705e65461c0a83c67ac25a0bf06d
350000,50,dense,heteroscedastic,primary,0.5,adjusted,0.9958036,True,False,3,e6891669172bdb40195544267e8e4122a1cfb344b0a6d5e4a0190b325f70dabc
350000,50,dense,heteroscedastic,primary,0.5,fixed,0.9958036,True,False,3,9d257aa1377dcb09261a3a661b48a49bda5d3f8ff820d6cb5a31d52e6c7814f3
350001,50,dense,heteroscedastic,primary,0.2,adjusted,0.9900169,True,False,3,b342329201426c369e7fab4bb368fd41050a2d3628fb40c556734645d850e0f3
350001,50,dense,heteroscedastic,primary,0.2,fixed,0.9870667,True,False,3,d5336c3cae89aefb40c2a13a00e85aefdd0218ed896c8b7542bd0805ba691c02
350001,50,dense,heteroscedastic,primary,0.5,adjusted,0.9859302,True,False,3,f04ef90368c05bd5b1d77844d96572e3ae82656f43da6a9150b7f52d50db74b5
350001,50,dense,heteroscedastic,primary,0.5,fixed,0.993116,True,False,3,25c026cc768d612c1b0d07cc547b6887bd57ce80416e4d963d71c927a25dc56a
350002,50,dense,heteroscedastic,primary,0.2,adjusted,0.9900718,True,False,3,6832d438821d62babce1c810aa92699148744663b95452f07944c0043b64ef2f
350002,50,dense,heteroscedastic,primary,0.2,fixed,0.9708957,True,False,3,0a58ca32fb6af7a8d81009c99a69f13de0ae5ecda52b1bb8f8d073444f10a2e5
350002,50,dense,heteroscedastic,primary,0.5,adjusted,0.9628893,True,False,3,8c21930032be18e90494dbfab335c6978cb17bef73d02163d26f3de63afd9384
350002,50,dense,heteroscedastic,primary,0.5,fixed,0.9902337,True,False,3,715c475cc24696c8e26a0414ae0b06f20fd8ea36b44182029ca04fb3ad930b44
350003,50,dense,heteroscedastic,primary,0.2,adjusted,0.9910415,True,False,3,75834355fdaa5507b7e11f15a0e22d27a02ebbbdecb00bfe72659ff38f982918
350003,50,dense,heteroscedastic,primary,0.2,fixed,0.9893041,True,False,3,63e22fce14cec15782f18d2a86bed79f34f5485e63bcfaab9c8ea06d4f5ef92b
350003,50,dense,heteroscedastic,primary,0.5,adjusted,0.9371158,True,False,3,f4fb79f5f604db55ea004769578ccba1c82381f9a522b631f2a17ece8e96c855
350003,50,dense,heteroscedastic,primary,0.5,fixed,0.9710803,True,False,3,f282cee043d21201427aa5859d79314a204b04ad5429506a14efc4e2f9b40613
350004,50,dense,heteroscedastic,primary,0.2,adjusted,0.9881621,True,False,3,ca0438c6f8f1fd73fc208f241a0df9dcb44979d6641a90888351eff0fed53ab5
350004,50,dense,heteroscedastic,primary,0.2,fixed,0.9870357,True,False,3,1cc58d49b3b483dc6b49ed99054ab9d5c5cfa5c5c50b24e11ec1e4e8c71c2d1e
350004,50,dense,heteroscedastic,primary,0.5,adjusted,0.9703936,True,False,3,5e0f727ea2cec2773ab5d4bff5b8b4e37ebc3715d61cce275ab58d6bec8a2ea1
350004,50,dense,heteroscedastic,primary,0.5,fixed,0.9881337,True,False,3,bf187a7cd74c9836e106e55a03d9685913e4db4bf2db5b0f67b9b5311fc3cc57
351000,50,hub,heteroscedastic,primary,0.2,adjusted,0.8320567,True,False,3,e9cb5554c3309ebe413918a45f1e42734f6129aff2b76d7c78233f86c8302e86
351000,50,hub,heteroscedastic,primary,0.2,fixed,0.9924034,True,False,3,5f443245136f6ca8608d0d79bcaae5d4043b771738e27fd6a02592cf8d8b9a93
351000,50,hub,heteroscedastic,primary,0.5,adjusted,0.8374796,True,False,3,013b7d88b66cae5dde80c785989ad81ad0cc705e6596e5ef641dc70ef31cc212
351000,50,hub,heteroscedastic,primary,0.5,fixed,0.9702817,True,False,3,1daff203ebb76235f0b616b7d6fd6c325f87bf69d90cdd4dc2a5fddb8563f3da
351001,50,hub,heteroscedastic,primary,0.2,adjusted,0.9487451,True,False,3,a08a1e6b757896a3a7d5fbbc87a0e6e76c1a22eef6c3237faea09e5d9ca348a5
351001,50,hub,heteroscedastic,primary,0.2,fixed,0.9966503,True,False,3,10547feea2fc7bec423f18bbd9f6eac187231011569b1be226dca385fbb3f690
351001,50,hub,heteroscedastic,primary,0.5,adjusted,0.987977,True,False,3,d190c5b73239547d57b1e41f4fb8cc5d33d2ac102c43c39e7e4719bb42acc87b
351001,50,hub,heteroscedastic,primary,0.5,fixed,0.99413,True,False,3,a915f76e42a1db5d58ba47cfa5a004d7b6a4686fe33d55c2211c8db7ec8b03cc
351002,50,hub,heteroscedastic,primary,0.2,adjusted,0.9786108,True,False,3,86268813cc316895d53972bb588c8acfc7199e4f93c0b3c047bafdd57bf99018
351002,50,hub,heteroscedastic,primary,0.2,fixed,0.9878695,True,False,3,2618d92fe6f44e59d9a70ddb31c4d2a6bdee7236a218f61cf6a5c94d64decd9a
351002,50,hub,heteroscedastic,primary,0.5,adjusted,0.8843838,True,False,3,99557a53459b17fff2c76dd91e069fcba0446467937cf1fda8cc0f4304bf4882
351002,50,hub,heteroscedastic,primary,0.5,fixed,0.975891,True,False,3,8f044df0ed5497a154dcf318b2b3b1638d9b39e6d8f1ebee31540115a6ba8edd
351003,50,hub,heteroscedastic,primary,0.2,adjusted,0.9639788,True,False,3,3970ff7981cf37d89fa60292879bc014464bd7af7233ce2e361510ee323bb424
351003,50,hub,heteroscedastic,primary,0.2,fixed,0.9966617,True,False,3,4f249dbc44d523f4477ed2871994a20c636fecd6f98111e7211ac2cc1d189e8b
351003,50,hub,heteroscedastic,primary,0.5,adjusted,0.8970976,True,False,3,b8a288c281251b27e0c52e006834da9cc8869224e49dfac8595b30b5403ac440
351003,50,hub,heteroscedastic,primary,0.5,fixed,0.9107803,True,False,3,e4fa0aaba081888654edd20625f180f821f090136e03c6ac8edbe3eea0e1cb91
351004,50,hub,heteroscedastic,primary,0.2,adjusted,0.9746476,True,False,3,5c2ff46d746f30733dae6011aeb2f16fcc4fc0e79ac76908ee60792f07730a64
351004,50,hub,heteroscedastic,primary,0.2,fixed,0.9546747,True,False,3,cddc42da55c40ff93c62d3cb032423825b88354daaabb9253d27e76249b4cac0
351004,50,hub,heteroscedastic,primary,0.5,adjusted,0.9395764,True,False,3,9f8711c59d59e2e85ca11a769286baf6bfa1ae84ba4be4a87a41472ad82856de
351004,50,hub,heteroscedastic,primary,0.5,fixed,0.987256,True,False,3,2d315d78827563e301903744526ced7d761e94eae3fa7ef0d53aab9c64e68a45
321000,100,sparse,heteroscedastic,primary,0.2,adjusted,0.985652,True,False,3,a33373aacdc124368ec6ca4ce448210052386e7eb422b5b3afaceb2fed628da8
321000,100,sparse,heteroscedastic,primary,0.2,fixed,0.9900414,True,False,3,a4fe1e544e91e329184518b371055e087ec4945f13503c539ac61baa425f9db3
321000,100,sparse,heteroscedastic,primary,0.5,adjusted,0.9888203,True,False,3,b8a598ce40a8407f339ebfd2b0c6d5128b631c013adf932a41badf7947965874
321000,100,sparse,heteroscedastic,primary,0.5,fixed,0.9949328,True,False,3,5d56287793cec13076cc3a71b6ecfd3b552d4adbe2a6744ef9a2c144b99dcc40
321001,100,sparse,heteroscedastic,primary,0.2,adjusted,0.9928091,True,False,3,e8d09a0ded86f86452a83f95d9c5ca5cf50519c462ae8625a8e10950d5a4b05f
321001,100,sparse,heteroscedastic,primary,0.2,fixed,0.9874144,True,False,3,2bd71027ad5978b200cbf9ba0c64495ef9d7ea2c7cc8daaef74ab8ac1aaa1808
321001,100,sparse,heteroscedastic,primary,0.5,adjusted,0.9852723,True,False,3,9b4db70d5ada7f087dbf85483f87591ccad3feb5fc317692038ca46ef8d35743
321001,100,sparse,heteroscedastic,primary,0.5,fixed,0.997224,True,False,3,5c70afa8d636e3126bb5bf385797308c680d3059a90554829e1f03c4f1f1f15b
321002,100,sparse,heteroscedastic,primary,0.2,adjusted,0.9888748,True,False,3,4b43b116eb7ce27b9dbe361719307ce1e23bd787ad8c102e479c889aff7dfe90
321002,100,sparse,heteroscedastic,primary,0.2,fixed,0.9888216,True,False,3,4f98c61faa207b94bcc5428380bf350ce506783d8f668572003e8d2040dc4eb0
321002,100,sparse,heteroscedastic,primary,0.5,adjusted,0.986628,True,False,3,f7306d8312c37a2214464964bf58939b1f26fb366e03763cee01f3ef41a23304
321002,100,sparse,heteroscedastic,primary,0.5,fixed,0.986628,True,False,3,9061ebfb3a90ca577d0d556610323644dcbecf719b4aa51b26be46213336a899
321003,100,sparse,heteroscedastic,primary,0.2,adjusted,0.982456,True,False,3,686d916dcb1b61b03ca54683964b239e7cb30a0bab55fc3a1bf349a3a2cc2f9f
321003,100,sparse,heteroscedastic,primary,0.2,fixed,0.9960489,True,False,3,b6a66de5a2075b11a69e7bd858db5f619461435842e11b3fc1d1bf6d1735c2ae
321003,100,sparse,heteroscedastic,primary,0.5,adjusted,0.9810352,True,False,3,f5eac2da738db51edab1ee9b60ac4ba2c3850a6dd78fcd9c57ad3e69e853b2ba
321003,100,sparse,heteroscedastic,primary,0.5,fixed,0.9940122,True,False,3,160000eb2cab34f6db26e161cd89af4051130d09c8e3136e07ded200690a0553
321004,100,sparse,heteroscedastic,primary,0.2,adjusted,0.9861822,True,False,3,2bb66aa851bff154b7e4e0b46194861e96b6e2b260e7d88abd708d001c903979
321004,100,sparse,heteroscedastic,primary,0.2,fixed,0.9990153,True,False,3,cada74b5b668127b7eadf71360001f38b80563e3ca36dcac0841ada463d72bef
321004,100,sparse,heteroscedastic,primary,0.5,adjusted,0.9829568,True,False,3,66fa226dc2419c3f63cc395c1913194ee48c2eb76e93e8ccb82d8b600be0a2c9
321004,100,sparse,heteroscedastic,primary,0.5,fixed,0.9820614,True,False,3,9bc7800f4806a45c753d064b2edc79c4cd88eac3638a8ae5497ead9cb14eeea3
320200,20,sparse,heteroscedastic,primary,0.2,adjusted,0.5928797,True,False,3,535d90b30294dc7cab7c1a234668e683ce2afd9c1995ec205264d73baddd3b04
320200,20,sparse,heteroscedastic,primary,0.2,fixed,0.5928797,True,False,3,ffb010ea9461ff07b8dd14964abcc4f036740e0159f561d164503a5dfe3d9430
320200,20,sparse,heteroscedastic,primary,0.5,adjusted,0.8161213,True,False,3,93964c00a5024c490d7d826c135e74fc480cdc9ade0c69c1a28669017f88dd50
320200,20,sparse,heteroscedastic,primary,0.5,fixed,0.9549178,True,False,3,48232ed7c26445d40017647eb4cc357fa37ae23597a13fbf5c15b0adbdbe97ba
320201,20,sparse,heteroscedastic,primary,0.2,adjusted,0.9739455,True,False,3,bd200c05211b3a42a23a38adefbcdd579d29e57eb4e7b26ed71dcacc8c97cff8
320201,20,sparse,heteroscedastic,primary,0.2,fixed,0.9907087,True,False,3,9e3081ac11bbbde48b99b30d0c5191e90a51ff15fcbce618e4ebc9bdc5c2c9d9
320201,20,sparse,heteroscedastic,primary,0.5,adjusted,0.9926458,True,False,3,5477bcd5a8fc6ebefb63823e7a336c628c04a679e0ac11d5ea6756ce307fdf00
320201,20,sparse,heteroscedastic,primary,0.5,fixed,0.9896886,True,False,3,292e2f4886dac06005668001ea28966bc4a129c9b926479c254f02e165785006
320202,20,sparse,heteroscedastic,primary,0.2,adjusted,0.969579,True,False,3,7e182c890089da85bd4a1e6e8554d202795d395fb8a548bcc2b5746989ab33ae
320202,20,sparse,heteroscedastic,primary,0.2,fixed,0.969579,True,False,3,b7d681b1a38044388128637368c78522c33461ce135ca44383443acd682f471a
320202,20,sparse,heteroscedastic,primary,0.5,adjusted,0.8468887,True,False,3,e780b934189964e21ec001c6c43706742bd12cb328e81c25672dc07fb4dbb534
320202,20,sparse,heteroscedastic,primary,0.5,fixed,0.776495,True,False,3,709c567db1ba8a8b34b9f07b28c82ba3f6bac2a89708f2d40db4e7ff4b7a8c9d
320203,20,sparse,heteroscedastic,primary,0.2,adjusted,0.8849428,True,False,3,2d3ee74bf1d7a4001d64130d271f1d3dfc5bf789fb9678752292ae04e3586ac2
320203,20,sparse,heteroscedastic,primary,0.2,fixed,0.8849428,True,False,3,c0683829f3800a3b1a557c0418cd7724a48c7b6e1affc6d8a4c124f587f208b5
320203,20,sparse,heteroscedastic,primary,0.5,adjusted,0.8664337,True,False,3,2e10b8700b31011be09f9cb28268083d30d10e19359b540f7cd6e9020b8a9d66
320203,20,sparse,heteroscedastic,primary,0.5,fixed,0.9468946,True,False,3,5b1c8118df6b325f85f42e2ff276e38812a847c941d20481afb63de2cd7966eb
320204,20,sparse,heteroscedastic,primary,0.2,adjusted,0.9201835,True,False,3,90df47fece4d78ef6945e3d8725111a6183eaa39272a131e700b317b7c77fc1d
320204,20,sparse,heteroscedastic,primary,0.2,fixed,0.9659635,True,False,3,59f48ec9036cfcfa519c7c3b98ec960ba8fa4e36287e9b0e59977adb5f67b03c
320204,20,sparse,heteroscedastic,primary,0.5,adjusted,0.7301493,True,False,3,0bc6a75733195bc84c6d6a335a3dbfc8e9c458b4b5c8063efd5b22a94b66a064
320204,20,sparse,heteroscedastic,primary,0.5,fixed,0.7615837,True,False,3,22f773b103a47a63b898af5b286f7a4bce7af70a8cb266032330017feb60e112
320500,50,sparse,heteroscedastic,fixed-total-1600,0.2,adjusted,0.9839581,True,False,3,ddd675166f836a2a0e5c79739747b90e7b60192f0c09450c859bd6baf02ca4fe
320500,50,sparse,heteroscedastic,fixed-total-1600,0.2,fixed,0.9801718,True,False,3,a9f11242fbd6ba1e956376763365dc7326ae3993a7d2cfccb38331eec67226b2
320500,50,sparse,heteroscedastic,fixed-total-1600,0.5,adjusted,0.9709299,True,False,3,d842cbe38e8d234b00dc926c2600078fc2ee2a111a25d6b46690acea9d2a820f
320500,50,sparse,heteroscedastic,fixed-total-1600,0.5,fixed,0.9745411,True,False,3,31042fd3b2db98d5da44b222d773c0c2305dae20c18efafbdf5eb7650d6b7076
320500,50,sparse,heteroscedastic,primary,0.2,adjusted,0.9776383,True,False,3,41519e7edc0225371e650d348c13b37ee4171f52619082c1f5c0749a03fb62bd
320500,50,sparse,heteroscedastic,primary,0.2,fixed,0.9928736,True,False,3,a6abe5073e25ccc2c9a998b68ee079acb2f312a0ecca09cd7724143b5203e219
320500,50,sparse,heteroscedastic,primary,0.5,adjusted,0.9410203,True,False,3,e0182e5cce165a73ce267f7000e1a611bb0dc901d29615e620114640f3d7ead8
320500,50,sparse,heteroscedastic,primary,0.5,fixed,0.978434,True,False,3,47fba85e30fbd602abe3628294b43c61e584962508d216e1c76a91f0d6be0746
320501,50,sparse,heteroscedastic,primary,0.2,adjusted,0.9680052,True,False,3,d98ff862b1439a69bba50c7f82b62d6c302cecf0ecfea5f0f54fc38e531c10c4
320501,50,sparse,heteroscedastic,primary,0.2,fixed,0.9626286,True,False,3,555fc09e686cfc6a21dfdddd1312c91cd2c8efdbd08b73b31958435ce7dafe4d
320501,50,sparse,heteroscedastic,primary,0.5,adjusted,0.9317862,True,False,3,2a9c927f36415666f66727eb54f930dfda8cd108ae62c1854adfafe8d46bffe1
320501,50,sparse,heteroscedastic,primary,0.5,fixed,0.9318054,True,False,3,c6b9b9ec0ff0e0daa3c018d4cecf19e43d026922e0013e236b5e95bce6d82566
320502,50,sparse,heteroscedastic,primary,0.2,adjusted,0.9773765,True,False,3,5878b8ce25a798bdf6c644713eea95eafe8c05107ed29df7883bbf2a78742d67
320502,50,sparse,heteroscedastic,primary,0.2,fixed,0.9773765,True,False,3,03da6a5b8d1b2a0912a0e23e500190fa2521f72ff036549d7c60becb567591ad
320502,50,sparse,heteroscedastic,primary,0.5,adjusted,0.970584,True,False,3,c25325dbfd1a26d974ac8f99f147ada42e901ed37e6df104db71f80f5670c22e
320502,50,sparse,heteroscedastic,primary,0.5,fixed,0.980364,True,False,3,0f53b7142ca2b4e8fac848771a7564a1e05ab31546d0d93b92f54abfcd0418d3
320503,50,sparse,heteroscedastic,primary,0.2,adjusted,0.98585,True,False,3,755b86829c0bcfc07c6328a5480214ccde337ac99b9ba396f99243e91d8c6179
320503,50,sparse,heteroscedastic,primary,0.2,fixed,0.9937571,True,False,3,ce31e3a61e7bd251b1289708896ff8d334bead68d8aa521ba7d17c3ded851572
320503,50,sparse,heteroscedastic,primary,0.5,adjusted,0.9894529,True,False,3,58c1e3f12460e8aaa12a89b0628c24d16103e9ca81093c5e4808bf6dfb0bcb54
320503,50,sparse,heteroscedastic,primary,0.5,fixed,0.9811137,True,False,3,01416ac45b92b461f2ce050e90bb0543dd793ba3277b2e6b646cd0d3e8254711
320504,50,sparse,heteroscedastic,primary,0.2,adjusted,0.977685,True,False,3,bfbdb11fc4f80217a0167b58b641a4fda52ccdc7f9657f63e72b6b53abaaea33
320504,50,sparse,heteroscedastic,primary,0.2,fixed,0.977685,True,False,3,677614d7fa136229e52b628b0fe966a2e45d7ae7d9cca2dd6b95e0f56a1266c4
320504,50,sparse,heteroscedastic,primary,0.5,adjusted,0.9672395,True,False,3,1bc532c62225e45fa56e4ba95d355b57c316c457fa14aa92ebfb9afdd2fa063f
320504,50,sparse,heteroscedastic,primary,0.5,fixed,0.9955417,True,False,3,c69584c61eb5007a62165a352dbf407927c5c5c27df3e780ec4a65ca6104f376
311000,100,sparse,nonlinear,primary,0.2,adjusted,0.9687003,True,False,3,370c89ea32c57b9732664ad8d3c6a320b634984e1624ef1f8f4796794094ed97
311000,100,sparse,nonlinear,primary,0.2,fixed,0.9687003,True,False,3,be4b2000923f8018dcb70d4b49ac3faf5015ae1b909d6d51f27477c14c373a0a
311000,100,sparse,nonlinear,primary,0.5,adjusted,0.9717839,True,False,3,cba0258d39e6096885fa2b89d92f1fa572186e9a032ef4f914f12aab26fece5a
311000,100,sparse,nonlinear,primary,0.5,fixed,0.9951504,True,False,3,82e5e57252154a4f302165cfea7cd34c827407fe148a56738e7015f251ae6fae
311001,100,sparse,nonlinear,primary,0.2,adjusted,0.990235,True,False,3,9400272d1a5b1fab81734d10a1c746ccd92f781726d22ba4a6200fb9da599ac1
311001,100,sparse,nonlinear,primary,0.2,fixed,0.9902425,True,False,3,4edd52d0b16b050a50d768cfb5e433cf1b2a63ca11cd0fb72ad4a465b94ce508
311001,100,sparse,nonlinear,primary,0.5,adjusted,0.9835774,True,False,3,87aaec98f141e04b68053413cd645e83ec18cb38bf56cca3ec6719065e893d88
311001,100,sparse,nonlinear,primary,0.5,fixed,0.9835774,True,False,3,41fe5d561eec3c8c0867854f18000af6bfbc57ae23c8666450f45a7f0a1f21b4
311002,100,sparse,nonlinear,primary,0.2,adjusted,0.9787089,True,False,3,79bf67be0e35fedfe96778439b84e3e9b007e3c1b60fdde17a02d1db08aadef5
311002,100,sparse,nonlinear,primary,0.2,fixed,0.9938176,True,False,3,ad4e761244e4869f9428067028bc75fa8dc389b83982c1abff232fd309ccc6df
311002,100,sparse,nonlinear,primary,0.5,adjusted,0.9762269,True,False,3,5138c065dc84d452eba649c352948de883bfb81843e15994fd9bca1aeb00df38
311002,100,sparse,nonlinear,primary,0.5,fixed,0.9946302,True,False,3,b9dc57253386988754f57619fc6b74a3f9b7856c46ddaac0840be98148e96a84
311003,100,sparse,nonlinear,primary,0.2,adjusted,0.9525504,True,False,3,ae8ea0ae856ce985e721b5489163c8e461d19c47bafb70303c8f376c2b6955f8
311003,100,sparse,nonlinear,primary,0.2,fixed,0.9887436,True,False,3,96841040fa32ffd053965c67ae16af0cd6233a2629badc83601f4cb924f4830c
311003,100,sparse,nonlinear,primary,0.5,adjusted,0.9634081,True,False,3,59e108abfbd531adc4f65b112fb6f527044f3ec150be2a0a2f4fca646a1d4190
311003,100,sparse,nonlinear,primary,0.5,fixed,0.9877911,True,False,3,91442d73c0e1525a42fa59b439cd30ffc23c5c6691528a85329cd04b698a957e
311004,100,sparse,nonlinear,primary,0.2,adjusted,0.9826597,True,False,3,471a72e8a2e9665d3c9ebef551ee81f87cd9dc46b5ae37731d3c9de3f1701645
311004,100,sparse,nonlinear,primary,0.2,fixed,0.9976941,True,False,3,973f105c89c5aec35e765075e2c54982b2ef099cc7aa7c2cbe087b52551a6d93
311004,100,sparse,nonlinear,primary,0.5,adjusted,0.97361,True,False,3,4d03e08b7d5a4ca05f98dff44a4be4e37b2cff4581fc7e104c05840c9abda1f1
311004,100,sparse,nonlinear,primary,0.5,fixed,0.9886711,True,False,3,22fe5fa1187f489e623fcb80da2239f11b5153feae66d92acd117c288d5d9c99
310200,20,sparse,nonlinear,primary,0.2,adjusted,0.9728989,True,False,3,6673e55558b614a3f62b57d799dfef0431c0676be29c14ef28e8b6ed2c54d618
310200,20,sparse,nonlinear,primary,0.2,fixed,0.9885286,True,False,3,16f8c0ac1ef746e08716821da0aaa9a4fd2b1776375f338deb80dc7c156f5ac8
310200,20,sparse,nonlinear,primary,0.5,adjusted,0.9577528,True,False,3,a556c5fd9810af1a01ba1bedd0287df80411b7d2f7225b5aebc5938d0b31b3ae
310200,20,sparse,nonlinear,primary,0.5,fixed,0.9696773,True,False,3,4a726336797c6f6bfac212ffaafd22731e36dc30c727a084f3a584cb0b59e07b
310201,20,sparse,nonlinear,primary,0.2,adjusted,0.7239358,True,False,3,0a3d55a1f08f7837eb40f00885b81d3274552314b4ed2417c72f75cc755cd308
310201,20,sparse,nonlinear,primary,0.2,fixed,0.7864218,True,False,3,0251d406363aba2459f8c7c3b61be1ae7c0487cfd1cb9e0801f0dca6cd59fd35
310201,20,sparse,nonlinear,primary,0.5,adjusted,0.9830754,True,False,3,35c29b9e5e800ad9f9dc709e91c1fb8d69e96b45abab32fefdb3c19f044e035d
310201,20,sparse,nonlinear,primary,0.5,fixed,0.9615567,True,False,3,1b9658e783a23631110f30f9b4afa67b109a2c41d26967c80de2aa3626adc98d
310202,20,sparse,nonlinear,primary,0.2,adjusted,0.80418,True,False,3,72a25264a81f6a79568e840290b7e55df5aa39eb9d5c329ad2094c36128fd6f3
310202,20,sparse,nonlinear,primary,0.2,fixed,0.7986597,True,False,3,75a8bced2f30dd9b290eebeec18f304dfe352e209fbf2067b922c4334a5d91c7
310202,20,sparse,nonlinear,primary,0.5,adjusted,0.9252692,True,False,3,b27c49182d50f22875e37cd54faa0e809c6b91d29c1c9d5fca5c15afb36c0e84
310202,20,sparse,nonlinear,primary,0.5,fixed,0.98323,True,False,3,e83c71e8739befbf54764978e940127af599fbd0fde73e6edaa08e29872a7f14
310203,20,sparse,nonlinear,primary,0.2,adjusted,0.9414572,True,False,3,3606fcd740e0cf7959128782a20c1a815edcbba5f252fc71fdd068f3a5dc2012
310203,20,sparse,nonlinear,primary,0.2,fixed,0.9644215,True,False,3,bc8cd39e5e12cf8d852359b562e9c5dccc48765104824cbb4860e5711c0da8e6
310203,20,sparse,nonlinear,primary,0.5,adjusted,0.9489883,True,False,3,8eab623d4ef76a7f0e21cfd8f9e9d8f17533541515d80e288e8e47df6d66f1b7
310203,20,sparse,nonlinear,primary,0.5,fixed,0.9489883,True,False,3,af0e1883efac4149a4806b6c34a175ae9a5f6384c9d024ee33a5832904894d7c
310204,20,sparse,nonlinear,primary,0.2,adjusted,0.8837131,True,False,3,a9bb9d8d60547bd9d97f2f23e164dff119fa14c32bbe7ef39d8011e48be3fa0e
310204,20,sparse,nonlinear,primary,0.2,fixed,0.8837131,True,False,3,88df2b972ea98869910c224728a8bdefb5b177491eb238f9b6a04dddfbcd6c1e
310204,20,sparse,nonlinear,primary,0.5,adjusted,0.8068984,True,False,3,5bd3f9e6e82869ef0ca747a15c78b7a54a041acc259f7ce57fd34698d69ca8b8
310204,20,sparse,nonlinear,primary,0.5,fixed,0.8068985,True,False,3,76dd04b9da5cf69e56e2385fd100401831d852e686aa0d0c5c6b3fbd0505fb85
310500,50,sparse,nonlinear,primary,0.2,adjusted,0.8930285,True,False,3,f6bebff22fa28327b2a6bcbcd2630656d5ff2778fa4055ab6f901641e4cb8ed9
310500,50,sparse,nonlinear,primary,0.2,fixed,0.9408018,True,False,3,c2672b11e2515c8020160ed8104af86f312cf1e6461d7a82ad1bfc828a8e924f
310500,50,sparse,nonlinear,primary,0.5,adjusted,0.9749928,True,False,3,03aad857a0ac0af3b7ee28c3ad0e61964f036bbf0f9db47389891c0a966e9166
310500,50,sparse,nonlinear,primary,0.5,fixed,0.9870758,True,False,3,6c4641443cd8971420513b41fd61638ad702a8a6ca7020f0c863c252cdcb197d
310501,50,sparse,nonlinear,primary,0.2,adjusted,0.9808746,True,False,3,1c66176d07195c97d7ce09f5388bda97fb5f97c4daf06f152c264748f18bfa52
310501,50,sparse,nonlinear,primary,0.2,fixed,0.9808746,True,False,3,c7825f4914734b303129ab46d2a1faef58b9ef85cb98023dc18a70c9643d459c
310501,50,sparse,nonlinear,primary,0.5,adjusted,0.986107,True,False,3,d8a2a947323a9e04e1b918fb915d132808d32d1c3f08b1de769b5710c6a4dae5
310501,50,sparse,nonlinear,primary,0.5,fixed,0.9826032,True,False,3,ce08bc0fd57c1084a84f19a35cf7d58161afb670735c3afc074cc7f0ff0cdfef
310502,50,sparse,nonlinear,primary,0.2,adjusted,0.9644039,True,False,3,a6431be955f8cbf9a845da085cadca836d1fcd3929bab26c2a65f3adfd1726ca
310502,50,sparse,nonlinear,primary,0.2,fixed,0.9644039,True,False,3,9f2712bb1d2736ccf12386657042ec10eb110c4a225d7b223a1ea632cf76859a
310502,50,sparse,nonlinear,primary,0.5,adjusted,0.9515052,True,False,3,db1521fc49f83bc8f6be14c98cdeda4778a11595224c07e1272140ab0b13a49a
310502,50,sparse,nonlinear,primary,0.5,fixed,0.9515052,True,False,3,a6dfc36b29c152cb559e79d74b2fa6bf3a4b1079a4cbb3003906bfb5ed56f8a5
310503,50,sparse,nonlinear,primary,0.2,adjusted,0.9828187,True,False,3,dfeb09b1e3b9cbb4a169aab6ac71c1d2c5e423afede9c370c50e9b086deaf80f
310503,50,sparse,nonlinear,primary,0.2,fixed,0.9771066,True,False,3,e03955fc05fba7e2dc15b776092a7cbd4533dc4de1a0b5cc42178513d4cc857e
310503,50,sparse,nonlinear,primary,0.5,adjusted,0.8989018,True,False,3,8972369fc7186f9b3a4636b4a35b528a9a2755055c25327d8ac871b205c8365c
310503,50,sparse,nonlinear,primary,0.5,fixed,0.9569841,True,False,3,be80d44ebe1cce3b3260b9fc7b3833b57e4638905263d2d003bee8db9aea144d
310504,50,sparse,nonlinear,primary,0.2,adjusted,0.9461481,True,False,3,38cf8891f37ff1f251ab4d2ac550e528ad46748e7671aee2b495d546ed3e8a70
310504,50,sparse,nonlinear,primary,0.2,fixed,0.9870625,True,False,3,2c11bf2ab6a17f380a6804f7f30353b78c6bc0050cd70912bdc0dab9311c54a5
310504,50,sparse,nonlinear,primary,0.5,adjusted,0.9622555,True,False,3,933d0b5c4a3e2f9b3e3669b29e42407f9d46357d09dddbe3b58f6ce6505cbb18
310504,50,sparse,nonlinear,primary,0.5,fixed,0.9914108,True,False,3,61b4f06058fb6895d0fd542ae4a79c80dc7b5e78c45091a9367c6c71ead74285
