scm,family,profile,d,budget,sensitivity,corruption,edit_operations,initial_graph_hash,initial_depth,initial_edges,initial_largest_component,initial_max_indegree,initial_max_outdegree,initial_mean_indegree,initial_nodes,initial_outdegree_cv,initial_top_decile_outgoing_fraction,initial_weak_components,initial_f1,initial_precision,initial_recall,initial_shd
320200,heteroscedastic,sparse,20,400,primary,0.2,7,e4fc0f4f1d9b020ffe1acfad77d2ea0c19d8dffaf09313acd2e8fd8ec8751e80,11,37,20,3,7,1.85,20,0.9710943,0.2972973,1,0.8648649,0.8648649,0.8648649,7
320200,heteroscedastic,sparse,20,400,primary,0.5,18,3dd7ac5331c6c68273517a6e54914bfaebd448353848d78d0f7fd254c158a09d,9,37,20,3,5,1.85,20,0.7884298,0.2432432,1,0.8108108,0.8108108,0.8108108,13
320201,heteroscedastic,sparse,20,400,primary,0.2,7,29c5476eefc5f7259f7e7fa5bf5493554c636bb165e90166983a6b0b9cffd29e,8,38,20,3,8,1.9,20,1.1757,0.3684211,1,0.9066667,0.8947368,0.9189189,5
320201,heteroscedastic,sparse,20,400,primary,0.5,18,ca92a1ff3e4360c18fc4d6de4db6ee06fe701a78a04ae9fc51164fe7de0681fa,8,37,20,3,6,1.85,20,1.150158,0.3243243,1,0.7297297,0.7297297,0.7297297,13
320202,heteroscedastic,sparse,20,400,primary,0.2,7,4b0d80c24a6c3f5f41e9ee6af278fcd6cf1b14b4992879f1266e6111c03c4a7a,8,37,20,3,6,1.85,20,0.9089282,0.3243243,1,0.8648649,0.8648649,0.8648649,7
320202,heteroscedastic,sparse,20,400,primary,0.5,18,722241c0636eb8c8df13444fcdf287bc530facc7955013e66ef61699b28ead8f,5,37,20,3,6,1.85,20,0.9089282,0.2702703,1,0.7297297,0.7297297,0.7297297,16
320203,heteroscedastic,sparse,20,400,primary,0.2,7,9d18bbab9200e2ee2777a9ea63e67623e0fabce88815cd333457006df1c05acc,11,38,20,3,6,1.9,20,0.8136645,0.2631579,1,0.88,0.8684211,0.8918919,7
320203,heteroscedastic,sparse,20,400,primary,0.5,18,c4e3c91c9ab6bd25786ff29c8c5f38338155950856247142183278bc1bbde713,11,37,20,3,4,1.85,20,0.7504564,0.2162162,1,0.7837838,0.7837838,0.7837838,13
320204,heteroscedastic,sparse,20,400,primary,0.2,7,ddabea274ed39ff0d71f5759631b2b29f7ce9d2d52af55843849d9297cd366cc,8,36,20,3,6,1.8,20,0.9718253,0.2777778,1,0.8767123,0.8888889,0.8648649,7
320204,heteroscedastic,sparse,20,400,primary,0.5,18,ac9248be1e1458991aa0581304b7739bbb1b2df6cc538e5f2eefc1388f2df119,11,37,20,3,6,1.85,20,0.8593575,0.2702703,1,0.7567568,0.7567568,0.7567568,15
310200,nonlinear,sparse,20,400,primary,0.2,7,31d914ae5cba1f6dbc59aa0bbcabcbd9e33204a17d5bfde7cf4863efcda0477d,8,38,20,3,5,1.9,20,0.8947368,0.2631579,1,0.88,0.8684211,0.8918919,7
310200,nonlinear,sparse,20,400,primary,0.5,18,255a77166f098258876ab84acb4293d5373fd357b523abc8e80905b692ac9ff2,9,37,20,3,5,1.85,20,0.73073,0.2432432,1,0.8108108,0.8108108,0.8108108,11
310201,nonlinear,sparse,20,400,primary,0.2,7,75c91171a9f8e72c716e03cec6a0786893e12bc82ab4c744ef58fb2b25b1017b,8,37,20,3,5,1.85,20,0.940525,0.2702703,1,0.8648649,0.8648649,0.8648649,7
310201,nonlinear,sparse,20,400,primary,0.5,18,3e0932cdd73f1b8249a14e0fea0dcec8a676a77891e2582a8506624e08177bc8,12,37,20,3,5,1.85,20,0.8421858,0.2702703,1,0.7297297,0.7297297,0.7297297,16
310202,nonlinear,sparse,20,400,primary,0.2,7,019605becf5538804638e5cc3683195db552ea71a89c5cba297275fdf23856c5,8,36,20,3,7,1.8,20,0.9875772,0.3055556,1,0.8767123,0.8888889,0.8648649,7
310202,nonlinear,sparse,20,400,primary,0.5,18,28a76ef415180ac1e529c7e558478d4f24f42b811af93eee469c1548515a8eaf,10,37,20,3,7,1.85,20,0.9089282,0.2972973,1,0.7567568,0.7567568,0.7567568,15
310203,nonlinear,sparse,20,400,primary,0.2,7,2976672405b3cdca59d9cd35d37e14b2c5af8a7b7cbeea9134150ca96e01682a,5,37,20,3,8,1.85,20,1.223999,0.3783784,1,0.8918919,0.8918919,0.8918919,6
310203,nonlinear,sparse,20,400,primary,0.5,18,8499c511fbcc5682ee0d0704b0f19be2e8b2a12ffb6bdc71ee6341b2dc70cdb3,11,37,20,3,6,1.85,20,0.8421858,0.2972973,1,0.7027027,0.7027027,0.7027027,16
310204,nonlinear,sparse,20,400,primary,0.2,7,15c81c87cf84a8f1d1a4cc7d3d728a3ba7c20d82c29fd0a7c9fd2ecd94ed3afa,7,37,20,3,6,1.85,20,1.029513,0.2972973,1,0.8648649,0.8648649,0.8648649,7
310204,nonlinear,sparse,20,400,primary,0.5,18,ecd15d2642cb212e68e8bbe874770575f6b87794654383c7edab4a41d87ea895,9,37,20,3,5,1.85,20,0.8761927,0.2432432,1,0.7027027,0.7027027,0.7027027,17
352000,heteroscedastic,deep,50,400,primary,0.2,19,631d30ea39102eeecb163ec63d92d33a8f5f6d56d838688489d9fcbb2671eb8a,46,96,50,3,4,1.92,50,0.3267581,0.1666667,1,0.8911917,0.8958333,0.8865979,15
352000,heteroscedastic,deep,50,400,primary,0.5,48,3a23657bb277552b86f4b8d78559e63145e91ac5362ac68f75e0136a66fa72a3,34,97,50,3,6,1.94,50,0.5494952,0.185567,1,0.7525773,0.7525773,0.7525773,39
352001,heteroscedastic,deep,50,400,primary,0.2,19,117918806cf3ecefa81125306fea768b9f96a0cb605fa1217167ccd3f126e0e2,47,98,50,3,4,1.96,50,0.381256,0.1632653,1,0.8717949,0.8673469,0.8762887,19
352001,heteroscedastic,deep,50,400,primary,0.5,48,6a9fa54c077a4a7d99ced8869c1ece8b3cd401219c9ac184d0c94b2edf46bdb0,32,97,50,3,4,1.94,50,0.5777796,0.1958763,1,0.6804124,0.6804124,0.6804124,46
352002,heteroscedastic,deep,50,400,primary,0.2,19,a5434b075592b3c38dcbdd20d1e9066767bd0549312ea22dd767e87bf1f40b1c,48,98,50,3,4,1.96,50,0.3378152,0.1734694,1,0.9025641,0.8979592,0.9072165,15
352002,heteroscedastic,deep,50,400,primary,0.5,48,1923ff1a797686c48f3aed6aa72f17bdd1b5d37e6163e4efbe718cb8e2a8f55a,31,97,50,3,5,1.94,50,0.5093451,0.1958763,1,0.7628866,0.7628866,0.7628866,36
352003,heteroscedastic,deep,50,400,primary,0.2,19,5ed792062274f645d147ad206827afca4448274ab81b51e1663efc0bf2e1ba5e,46,97,50,3,4,1.94,50,0.3631735,0.1649485,1,0.8865979,0.8865979,0.8865979,17
352003,heteroscedastic,deep,50,400,primary,0.5,48,5258494e6c4d56985be3f7646e6c73cb44800b637c20c1e2b98b3e361d7375cb,38,97,50,3,5,1.94,50,0.5196735,0.1752577,1,0.742268,0.742268,0.742268,40
352004,heteroscedastic,deep,50,400,primary,0.2,19,d6979b59616a7a4f3089a44108fca9ca1c36b1bfe5a7b771d73e2faeadf2eb84,46,97,50,3,3,1.94,50,0.332624,0.1546392,1,0.8865979,0.8865979,0.8865979,17
352004,heteroscedastic,deep,50,400,primary,0.5,48,aa50a0e1d64cf3dcd32e5a44668fe64866774670aa325c95b0cc95a29ec86900,37,97,50,3,5,1.94,50,0.5093451,0.1958763,1,0.7319588,0.7319588,0.7319588,41
350000,heteroscedastic,dense,50,400,primary,0.2,64,e242ae85cffa4840d67a4658047c1d3d530c6ba2753f941192af9d6d8ab700f4,30,321,50,8,25,6.42,50,0.9566907,0.3115265,1,0.9020218,0.9034268,0.9006211,52
350000,heteroscedastic,dense,50,400,primary,0.5,161,cd540d77a19cb95d641fff77eeb07b991c7b15a55be7c60d2e9d6aaff89be5e5,32,321,50,8,26,6.42,50,0.8872163,0.2928349,1,0.7682737,0.7694704,0.7670807,124
350001,heteroscedastic,dense,50,400,primary,0.2,64,41c5befaddeb859445fc294fb63e95b6095bae473dc54185abefa521ee169a85,32,323,50,8,23,6.46,50,0.9069728,0.2972136,1,0.896124,0.8947368,0.8975155,55
350001,heteroscedastic,dense,50,400,primary,0.5,161,0406281d6b685ffc7ac78ac538d17a16567ca382991c37278e23d21149513afc,32,323,50,8,21,6.46,50,0.8547415,0.2848297,1,0.8,0.7987616,0.8012422,111
350002,heteroscedastic,dense,50,400,primary,0.2,64,c6172b6255ad98c672b5cd94ac7a5d684892600e41235a5c6796e2438e12c1df,36,322,50,8,19,6.44,50,0.8850441,0.2763975,1,0.9006211,0.9006211,0.9006211,52
350002,heteroscedastic,dense,50,400,primary,0.5,161,efa5d4f671d40194a74e638fcf1c0a9cc28997e81223a44999ee2bd470886e1e,34,323,50,8,21,6.46,50,0.8669892,0.2693498,1,0.7968992,0.7956656,0.7981366,111
350003,heteroscedastic,dense,50,400,primary,0.2,64,eead22889b77687df503f7ce63d8019047d42034364bde7b8d57ea2e6a755e01,32,322,50,8,23,6.44,50,0.9033798,0.3074534,1,0.9037267,0.9037267,0.9037267,51
350003,heteroscedastic,dense,50,400,primary,0.5,161,ddd235bc4d70a705eb8cb606e0256156bb8dea9da9e7add0fa27bbf94e2b6f3d,28,321,50,8,23,6.42,50,0.8959244,0.3021807,1,0.7589425,0.7601246,0.757764,123
350004,heteroscedastic,dense,50,400,primary,0.2,64,a3a0cfbb490da0384057ef9d7c6423a07dfeb692e55d958ab4b30f2dcf1c7a8b,31,323,50,8,22,6.46,50,0.8354603,0.2755418,1,0.8930233,0.8916409,0.8944099,54
350004,heteroscedastic,dense,50,400,primary,0.5,161,5d6abb7524c6867799d294a422495b6e4ff719053413a3cd6073d741160be565,37,323,50,8,20,6.46,50,0.8080495,0.2631579,1,0.772093,0.7708978,0.7732919,120
351000,heteroscedastic,hub,50,400,primary,0.2,19,8cf3b931432b24a3ac67d668ec8fe6a8be56c1b397bbae9f226785bfeb57bb95,7,98,49,6,41,1.96,50,3.31901,0.8979592,2,0.9128205,0.9081633,0.9175258,14
351000,heteroscedastic,hub,50,400,primary,0.5,48,6e15899033946fc2932b14c4cb2a6e423031c426b9b5b92720e420447a720e44,10,97,45,5,30,1.94,50,2.569907,0.7113402,6,0.7010309,0.7010309,0.7010309,45
351001,heteroscedastic,hub,50,400,primary,0.2,19,ad26c68e487ead12e7662adcbfe53e8f74259664f62a975fce449dd231da4a68,8,97,48,5,34,1.94,50,3.213139,0.8865979,3,0.8762887,0.8762887,0.8762887,17
351001,heteroscedastic,hub,50,400,primary,0.5,48,07f038aeb2132fd84d67da922ba775d3ae6854164b9e17036d545f40d9dcb40b,9,97,49,5,26,1.94,50,2.604822,0.742268,2,0.7319588,0.7319588,0.7319588,41
351002,heteroscedastic,hub,50,400,primary,0.2,19,ec52da0c7b23326386847efe7616d4e9d3a127dba4a5c7ac90e638048c476d09,8,98,49,6,28,1.96,50,2.867982,0.8469388,2,0.8820513,0.877551,0.8865979,18
351002,heteroscedastic,hub,50,400,primary,0.5,48,7adb07ba37d12692981b5b6743ba95fb1f55654ee7b8d9d9950abd79b0d6662b,9,97,50,6,23,1.94,50,2.40763,0.7319588,1,0.7319588,0.7319588,0.7319588,42
351003,heteroscedastic,hub,50,400,primary,0.2,19,f6181bc1af324334284624310187e0ada03f15088675ae1af17eb88349e41222,7,98,49,4,38,1.96,50,3.153309,0.8571429,2,0.8923077,0.8877551,0.8969072,16
351003,heteroscedastic,hub,50,400,primary,0.5,48,35d14c5c97c8c3bcf7ec0bc2bffd5b48a627207e1b84cd4db101e39e7574f325,8,97,47,5,32,1.94,50,2.651329,0.7319588,4,0.7216495,0.7216495,0.7216495,43
351004,heteroscedastic,hub,50,400,primary,0.2,19,73ce423df588987efd48670a329a39739b479b0d802544409de8b5243bdebad4,9,98,50,6,36,1.96,50,3.035538,0.7959184,1,0.8717949,0.8673469,0.8762887,19
351004,heteroscedastic,hub,50,400,primary,0.5,48,e2fc5a9e6a67b25ee9961ee6e0735096a101ef720374929cdb002f47594ade61,13,97,49,5,30,1.94,50,2.681225,0.7010309,2,0.7216495,0.7216495,0.7216495,41
320500,heteroscedastic,sparse,50,160,fixed-total-1600,0.2,19,0b04963e9f30a47ef6295d7f08035d3f1162bf52daf5a58e4caaf52610b22d0e,14,97,50,3,12,1.94,50,1.16367,0.371134,1,0.8969072,0.8969072,0.8969072,15
320500,heteroscedastic,sparse,50,160,fixed-total-1600,0.5,48,e93a752b08f10bd156c9eb62a0ead0cf51805cd186184ccf2715825b90802557,12,97,50,3,11,1.94,50,1.063456,0.3298969,1,0.7319588,0.7319588,0.7319588,40
320500,heteroscedastic,sparse,50,400,primary,0.2,19,0b04963e9f30a47ef6295d7f08035d3f1162bf52daf5a58e4caaf52610b22d0e,14,97,50,3,12,1.94,50,1.16367,0.371134,1,0.8969072,0.8969072,0.8969072,15
320500,heteroscedastic,sparse,50,400,primary,0.5,48,e93a752b08f10bd156c9eb62a0ead0cf51805cd186184ccf2715825b90802557,12,97,50,3,11,1.94,50,1.063456,0.3298969,1,0.7319588,0.7319588,0.7319588,40
320501,heteroscedastic,sparse,50,400,primary,0.2,19,45cd8d722b87bbc4685458db20f2772a802a923c68b9af6f0798ab5c5f76f8c4,13,96,50,3,8,1.92,50,1.051206,0.3229167,1,0.880829,0.8854167,0.8762887,18
320501,heteroscedastic,sparse,50,400,primary,0.5,48,2fb811b2aaf7cb27544746571374f012c50d5cf58497d39a90a217bcca4d5359,15,97,50,3,7,1.94,50,0.9244497,0.2989691,1,0.7113402,0.7113402,0.7113402,44
320502,heteroscedastic,sparse,50,400,primary,0.2,19,755e86541967b0482c69648e2f3adb8041f2ea6d4c2803c3135bd2f1f43ab219,13,96,50,3,8,1.92,50,1.066577,0.3229167,1,0.880829,0.8854167,0.8762887,18
320502,heteroscedastic,sparse,50,400,primary,0.5,48,22752b6bb25aa847dc1a35ab0c64426aad0a4e63f575b7db6b3ed17796fa54ec,11,97,49,3,9,1.94,50,1.043277,0.3195876,2,0.7216495,0.7216495,0.7216495,41
320503,heteroscedastic,sparse,50,400,primary,0.2,19,dff338535c2610f87410e14a2e60da103e0c880519e5a4bc054bb227764db32d,16,96,50,3,7,1.92,50,0.9423486,0.3125,1,0.880829,0.8854167,0.8762887,18
320503,heteroscedastic,sparse,50,400,primary,0.5,48,92958685c659194be42969ac8ac98c13c6d7f8868a0c481a226c31029af66bb2,18,97,50,3,6,1.94,50,0.901163,0.2886598,1,0.7525773,0.7525773,0.7525773,38
320504,heteroscedastic,sparse,50,400,primary,0.2,19,de3a195fcfbd7dc1e19cfdaea19ca02940bae8ff83feb8390411274f1f11d734,15,97,50,3,9,1.94,50,1.131252,0.3814433,1,0.8969072,0.8969072,0.8969072,16
320504,heteroscedastic,sparse,50,400,primary,0.5,48,48b256124984a3d3f3a4fdce3ed58b35bdf3bd60eb3351e7ec1448a6281a0ee1,14,97,50,3,10,1.94,50,1.168228,0.3814433,1,0.7835052,0.7835052,0.7835052,36
310500,nonlinear,sparse,50,400,primary,0.2,19,cdefb4510a54f13b615f27424f9586152fb8d3456e1e97f8ba6305757eb50a6b,12,96,50,3,13,1.92,50,1.377365,0.4375,1,0.8704663,0.875,0.8659794,19
310500,nonlinear,sparse,50,400,primary,0.5,48,24dc6e588d15238058f520f9199faeabb64d2905b189290cc17d64511ee66944,15,97,50,3,12,1.94,50,1.230265,0.4020619,1,0.7319588,0.7319588,0.7319588,41
310501,nonlinear,sparse,50,400,primary,0.2,19,fe0bd895b3daccae9694e4cf3a6052d37a77676832793f42e69e31e715ebff2e,13,98,50,3,11,1.96,50,1.298607,0.4285714,1,0.8717949,0.8673469,0.8762887,19
310501,nonlinear,sparse,50,400,primary,0.5,48,7917fe7e2679a86639b106baee9155e16f023335da2a5e90de4d6cc18e9fbfb0,17,97,50,3,10,1.94,50,1.093027,0.371134,1,0.7319588,0.7319588,0.7319588,42
310502,nonlinear,sparse,50,400,primary,0.2,19,da4f11d1a45977c46d9a78637aa12042a02ec88acebb4244c10b8967dc0dd53b,12,96,50,3,9,1.92,50,1.140328,0.34375,1,0.8704663,0.875,0.8659794,19
310502,nonlinear,sparse,50,400,primary,0.5,48,3ba36e01ca4bae62ed96decd75b5678bac7ec20d5593d324d074266dc1be5603,17,97,50,3,8,1.94,50,1.058447,0.3298969,1,0.7628866,0.7628866,0.7628866,38
310503,nonlinear,sparse,50,400,primary,0.2,19,1dc8f6101685fd76cbab7675d4aafacec237bdd8862f3c07108d464da9afb8f5,14,98,50,3,13,1.96,50,1.140668,0.3265306,1,0.8717949,0.8673469,0.8762887,19
310503,nonlinear,sparse,50,400,primary,0.5,48,a02a8b1a7e834b5b5c41e40dad4aac34e6ab5148c7477ef0c2a1e705da55cb1b,12,97,50,3,13,1.94,50,1.117071,0.3298969,1,0.7319588,0.7319588,0.7319588,40
310504,nonlinear,sparse,50,400,primary,0.2,19,c03f98a1b0523fada989adfc1d6cf39fc325d853c84d4b4d9517767da8858fad,16,98,50,3,8,1.96,50,1.050376,0.3469388,1,0.8717949,0.8673469,0.8762887,19
310504,nonlinear,sparse,50,400,primary,0.5,48,04c3f943f8dc9eb2a7c9b293c65a50d23dbdeae11f6cf94653662646ea61a771,16,97,49,3,9,1.94,50,1.097878,0.3505155,2,0.7319588,0.7319588,0.7319588,41
321000,heteroscedastic,sparse,100,400,primary,0.2,39,ecadfd06b0331bd2d5e637683d49670285eae7aa72338e368e7070bd12fa788c,24,197,100,3,12,1.97,100,1.092149,0.3451777,1,0.8730964,0.8730964,0.8730964,38
321000,heteroscedastic,sparse,100,400,primary,0.5,98,6e8070600944e6d370d04f5260adb8d153d2c6a75a3d3da8eb12566322fb80bf,24,197,98,3,11,1.97,100,1.080288,0.3401015,3,0.7360406,0.7360406,0.7360406,82
321001,heteroscedastic,sparse,100,400,primary,0.2,39,660fbf10f80dbf5313a5e5f082ca4cf080a138611efe2805059a3c0620e7a30f,19,197,100,3,11,1.97,100,1.120103,0.3705584,1,0.8781726,0.8781726,0.8781726,37
321001,heteroscedastic,sparse,100,400,primary,0.5,98,b4f3f4340b1681ec90c0c27ed95cfbc1c3eab722d301377b8db761fe9f8d4a5a,23,198,100,3,9,1.98,100,1.115647,0.3787879,1,0.7594937,0.7575758,0.7614213,76
321002,heteroscedastic,sparse,100,400,primary,0.2,39,acfb87dd9184a9b37ad649df1db613f9052e3ce25e621fe40be8d32095a843de,22,197,100,3,12,1.97,100,1.096858,0.3604061,1,0.8781726,0.8781726,0.8781726,36
321002,heteroscedastic,sparse,100,400,primary,0.5,98,4269f82a4951c177fbcb8fb6fcb5f668d0e4ee1ae74d57c8e63989f9dd2450d9,20,196,100,3,11,1.96,100,1.089307,0.3520408,1,0.778626,0.7806122,0.7766497,70
321003,heteroscedastic,sparse,100,400,primary,0.2,39,d34af0483d5c1f0187d542e3ee451d14e3ad651bd3b391c0716135fcfc9b4519,22,197,100,3,11,1.97,100,1.178398,0.3807107,1,0.8680203,0.8680203,0.8680203,39
321003,heteroscedastic,sparse,100,400,primary,0.5,98,db058d0db61ecfdeffb8ac4c9143d545ee2e9671070c17491e65f31f82d0ac73,25,196,100,3,9,1.96,100,1.012521,0.3214286,1,0.7582697,0.7602041,0.7563452,77
321004,heteroscedastic,sparse,100,400,primary,0.2,39,c07a5d6a364f0d21bdd3cf101a60271b06735b9e1311fa8b43173c4bd31cafb5,22,197,100,3,10,1.97,100,1.129268,0.3756345,1,0.8781726,0.8781726,0.8781726,35
321004,heteroscedastic,sparse,100,400,primary,0.5,98,405e346ae8ae7315c97fcbec43076ebe14b6854305f6f1cff49629f908902bab,18,198,99,3,10,1.98,100,1.010051,0.3282828,2,0.7341772,0.7323232,0.7360406,82
311000,nonlinear,sparse,100,400,primary,0.2,39,d0da5b43f69e19003c7cee8b92ab131959a35a74394b5451d342cd272ca75cfd,14,197,99,3,13,1.97,100,1.129268,0.3451777,2,0.8832487,0.8832487,0.8832487,36
311000,nonlinear,sparse,100,400,primary,0.5,98,07c91e53d3884ba7f25aa5382db429f19e8db22caae0a8128483705d4f608d2c,30,196,98,3,14,1.96,100,1.1292,0.3469388,3,0.7379135,0.7397959,0.7360406,78
311001,nonlinear,sparse,100,400,primary,0.2,39,f65629852dd5c5d0ed32e8786f52998764b29876c36a6f7ea0ce1565f68f5523,17,197,99,3,13,1.97,100,1.204351,0.3857868,2,0.8730964,0.8730964,0.8730964,38
311001,nonlinear,sparse,100,400,primary,0.5,98,99f5c019ba985c7c2da10d6242f2040421f90bcb2e37342b2b2de50e3e34cb74,20,197,100,3,11,1.97,100,1.122401,0.3451777,1,0.7614213,0.7614213,0.7614213,77
311002,nonlinear,sparse,100,400,primary,0.2,39,8d84eb615075efbcfb789277e5e160a7b82ce70669cd60e87bd2d2c2b5379cf3,18,197,100,3,9,1.97,100,1.046363,0.3451777,1,0.8781726,0.8781726,0.8781726,37
311002,nonlinear,sparse,100,400,primary,0.5,98,b69d9b8402219f6e24d02197f0b0f366a2fb2fd15aca4cdead8ab55356fd1e10,38,196,98,3,9,1.96,100,0.929412,0.3214286,2,0.7175573,0.7193878,0.715736,86
311003,nonlinear,sparse,100,400,primary,0.2,39,f0da44ed93d7baa5d6b107f51efde527ec0c7ee3188ddb676ddb35b19cb5a4ef,22,197,100,3,11,1.97,100,1.082671,0.3451777,1,0.8883249,0.8883249,0.8883249,34
311003,nonlinear,sparse,100,400,primary,0.5,98,d91ab47b467a8932b61bbf3453939b701606ce4f738bea291f9e807343f0fcfa,31,197,100,3,9,1.97,100,1.048822,0.3451777,1,0.751269,0.751269,0.751269,76
311004,nonlinear,sparse,100,400,primary,0.2,39,98d2db40cb5fd9b0526009b8455b8d8236a2aa5eae5a081a9942818a523f5fd7,18,197,100,3,10,1.97,100,1.101546,0.3451777,1,0.8781726,0.8781726,0.8781726,36
311004,nonlinear,sparse,100,400,primary,0.5,98,d051bad9b57cabb58622c3dcdd723bbe8478135b6cf8af1f6b00671006b406b0,24,198,100,3,11,1.98,100,1.010051,0.3232323,1,0.764557,0.7626263,0.7664975,75
