method,logical_seconds,training_seconds,discovery_seconds,selection_seconds,fitting_updates,candidate_count,prediction_seconds,samples_per_arm,peak_vram_bytes,retained_initial,audit_pass,prediction_artifact,discovery_status,strict_convergence
refit1_M1,0.2774120774,0.2774120774,0,0,0,1,0.3023664728,4096,68208640,,,generated_samples/prediction-c6db67ddae3a4adb763143a35ef7406d57fcda67e5cacbf19fafc3ae8e46ff7d.npz,,
refit1_M3,245.1482276,215.8125486,0,8.490480606,16150,24,0.5915549975,4096,79987200,False,True,generated_samples/prediction-1303e9c80c87ad9d68f148e46e01ae735a66f6ad16de7527fe2ee6504012904f.npz,,
refit1_M4,244.8355648,215.8125486,0,8.177817842,16150,24,0.3732111976,4096,79987200,True,True,generated_samples/prediction-6a95cc6b55178e88962ecae79a4dd034fea9904658b6fbf7b25cbd02dd1f8b47.npz,,
refit1_M5,238.2781855,215.8125486,0,1.620438553,16150,24,0.849917518,4096,79987200,False,True,generated_samples/prediction-19546c55de396c151252e2af11c849dc722c4ef29d97d8ef133104cc7084d23f.npz,,
refit1_fixed,31.15656449,31.15656449,0,0,6150,1,0.3732111976,4096,41312256,,,generated_samples/prediction-6a95cc6b55178e88962ecae79a4dd034fea9904658b6fbf7b25cbd02dd1f8b47.npz,,
refit2_M1,0.263114376,0.263114376,0,0,0,1,0.07435617037,4096,67913216,,,generated_samples/prediction-fcdd48fa89e01f86148ae2432748946abcee92295affd65fb347767d1e7ba161.npz,,
refit2_M3,206.3758202,176.596767,0,8.47155969,13750,24,0.3100148607,4096,79887872,True,False,generated_samples/prediction-1bab711e548f8661282a435059e43f2b97162b4812eb127e99133021ee413e1d.npz,,
refit2_M4,206.02884,176.596767,0,8.124579534,13750,24,0.3100148607,4096,79887872,True,True,generated_samples/prediction-1bab711e548f8661282a435059e43f2b97162b4812eb127e99133021ee413e1d.npz,,
refit2_M5,199.5274186,176.596767,0,1.623158045,13750,24,0.7774080113,4096,79887872,False,True,generated_samples/prediction-7cca46ff6c3e7c40833e03f08627c1d0a3c58f0989dc7b49a5f1922d892c783f.npz,,
refit2_fixed,28.05470639,28.05470639,0,0,5800,1,0.3100148607,4096,41273344,,,generated_samples/prediction-1bab711e548f8661282a435059e43f2b97162b4812eb127e99133021ee413e1d.npz,,
refit3_M1,0.2763097212,0.2763097212,0,0,0,1,0.06472925656,4096,67930112,,,generated_samples/prediction-960a3ff0e99d15c0ec1546f82fef51fa7d487d152ea61920ebd12aa2af916734.npz,,
refit3_M3,211.1577071,183.7256705,0,7.798658798,14600,24,0.360594172,4096,79880192,True,False,generated_samples/prediction-80e8c7bf739500e27eb778b15afef9a349fbe9a1a3fe4759c3744d0d74d70c5e.npz,,
refit3_M4,210.869687,183.7256705,0,7.510638783,14600,24,0.360594172,4096,79880192,True,True,generated_samples/prediction-80e8c7bf739500e27eb778b15afef9a349fbe9a1a3fe4759c3744d0d74d70c5e.npz,,
refit3_M5,204.8035452,183.7256705,0,1.444496959,14600,24,0.6708820071,4096,79880192,False,True,generated_samples/prediction-2d146e14fd0592b56bc2d1605715d0fb30a488f1676d8da74eb84c1e9d42f054.npz,,
refit3_fixed,28.98509954,28.98509954,0,0,6250,1,0.360594172,4096,41278464,,,generated_samples/prediction-80e8c7bf739500e27eb778b15afef9a349fbe9a1a3fe4759c3744d0d74d70c5e.npz,,
refit4_M1,0.2797242664,0.2797242664,0,0,0,1,0.06892811693,4096,67983872,,,generated_samples/prediction-5291ec452a5f90299087e718f50d5dee211af64284c2d479bfc2f490a618d44f.npz,,
refit4_M3,196.9488466,168.6026025,0,8.082624229,13500,24,0.3726504222,4096,79937536,True,False,generated_samples/prediction-78df89716d1f4aec726cd46cb44877dc542e3aee52eacdc439459b6fdc3a9f46.npz,,
refit4_M4,196.9488115,168.6026025,0,8.082589118,13500,24,0.3726504222,4096,79937536,True,False,generated_samples/prediction-78df89716d1f4aec726cd46cb44877dc542e3aee52eacdc439459b6fdc3a9f46.npz,,
refit4_M5,190.4940829,168.6026025,0,1.627860595,13500,24,0.838697074,4096,79937536,False,True,generated_samples/prediction-f80b717303f88d5a038f7b7b041b5f09a64db001d4c35152e82dee00f42e81b8.npz,,
refit4_fixed,28.93403301,28.93403301,0,0,5950,1,0.3726504222,4096,41285120,,,generated_samples/prediction-78df89716d1f4aec726cd46cb44877dc542e3aee52eacdc439459b6fdc3a9f46.npz,,
refit5_M1,0.2730994597,0.2730994597,0,0,0,1,0.06900582463,4096,68158464,,,generated_samples/prediction-ffc33d65683b9cff225dfdf487f08d30929eb691b2412cad373a6d2fc0ee0496.npz,,
refit5_M3,234.077286,207.7830217,0,7.351195127,15900,24,0.4254789557,4096,79788032,False,True,generated_samples/prediction-81d57f5c88e837f3cd1e4248a33c0d0d0dba1855a58495a0d7bd85c013e23c49.npz,,
refit5_M4,233.7290153,207.7830217,0,7.002924396,15900,24,0.3171476312,4096,79788032,True,True,generated_samples/prediction-0fb12ad01af7134c0d9ae26ae1b2f17398c791badbf152c7ff31cebb091b6519.npz,,
refit5_M5,228.0825357,207.7830217,0,1.356444728,15900,24,0.6823358256,4096,79788032,False,True,generated_samples/prediction-65f1e3fa777d1dd7713ce1e05dda0d1471663594cbba5692b72b8d42eca2db6f.npz,,
refit5_fixed,27.96040791,27.96040791,0,0,6300,1,0.3171476312,4096,44501504,,,generated_samples/prediction-0fb12ad01af7134c0d9ae26ae1b2f17398c791badbf152c7ff31cebb091b6519.npz,,
semantic_M1,0.2665464804,0.2665464804,0,0,0,1,0.0642975159,4096,67989504,,,generated_samples/prediction-4a9182d2a6cd71da42ccb380207501e93d9fce3bf920ccfc95300b98abe37f94.npz,,
semantic_M3,245.782056,219.7103999,0,7.258039452,14750,24,0.3138060309,4096,80209408,False,True,generated_samples/prediction-8768cef02c52d13d715e1a80b6331c50f75414dde25df839dab3a40cb15a91b8.npz,,
semantic_M4,245.8058415,219.7103999,0,7.281824952,14750,24,0.3811826203,4096,80209408,False,True,generated_samples/prediction-fd1c79acf26db77a34c65787399d572678c7a3b27c7c81050b0b20545e8166e9.npz,,
semantic_M5,240.2594137,219.7103999,0,1.735397182,14750,24,0.9855135586,4096,80209408,False,True,generated_samples/prediction-4aaf0e37fb00b387a9f32e9467a5f2f456bcf0a5d31913f857ffcf1262a213be.npz,,
semantic_fixed,81.23099138,81.23099138,0,0,6150,1,0.3182647601,4096,47577600,,,generated_samples/prediction-2e6f06963b188c1b79e610165362d6ca88a8be65d3bc68f49703633b69934acf.npz,,
semantic_random,321.4875598,298.5883361,0,8.012348333,18100,24,0.3777049128,4096,79940096,False,True,generated_samples/prediction-b5a00d4cbc909abab92edb142d04e09c1d315f6a13d7ffd47f244ae226d89b41.npz,,
M0,0.0236521028,0.0236521028,0,0,0,1,0.03382422775,4096,35197952,,,generated_samples/prediction-fc7df230d581ea9658b04007e978b393c3ae1dadd076e3bcfdfc0e091b144278.npz,,
M1,0.4965802953,0.4965802953,0,0,0,1,0.07637793757,4096,34724352,,,generated_samples/prediction-e2686f2912fb86a990760b1cab7d3042fb6d6983865d232e8071229dcb01aea1.npz,,
M2,699.3135259,28.3263217,670.9872042,0,6200,1,0.1437706426,4096,77148672,,,generated_samples/prediction-eefaf570df8d23b5bb7c8034581b0ddfbf7f9fb089b4bcc6f2a584893bf57d35.npz,valid_capped_prediction,False
M3,296.8408817,268.722673,0,8.232900662,17900,24,0.4927896634,4096,80738304,False,True,generated_samples/prediction-1413cbb258f01384725d14e6a68c6b018839a67fd33dd26f9b13feed694f96e1.npz,,
M4,296.7775565,268.722673,0,8.169575451,17900,24,0.4364953134,4096,80738304,False,True,generated_samples/prediction-f4cde0c88caa424d703802b18751485aa7c7bee00fab776337db8e989b97bfbb.npz,,
M5,290.0215239,268.722673,0,1.413542876,17900,24,0.7906347215,4096,80738304,False,True,generated_samples/prediction-cb4a9767055dbd011668b9a83f725e2d3547b415e181c12881fa632c06bc2cc9.npz,,
checkpoint_diagnostic_fitting_updates_12000,157.4782826,145.6907002,0,3.747301204,11900,10,0.4927896634,4096,80738304,False,True,generated_samples/prediction-1413cbb258f01384725d14e6a68c6b018839a67fd33dd26f9b13feed694f96e1.npz,,
checkpoint_diagnostic_fitting_updates_24000,296.8406186,268.722673,0,8.232637497,17900,24,0.4927896634,4096,80738304,False,True,generated_samples/prediction-1413cbb258f01384725d14e6a68c6b018839a67fd33dd26f9b13feed694f96e1.npz,,
checkpoint_diagnostic_fitting_updates_36000,296.8406186,268.722673,0,8.232637497,17900,24,0.4927896634,4096,80738304,False,True,generated_samples/prediction-1413cbb258f01384725d14e6a68c6b018839a67fd33dd26f9b13feed694f96e1.npz,,
checkpoint_diagnostic_gpu_job_seconds_120,106.0109236,99.61615312,0,2.080111006,9600,5,0.4897320326,4096,80738304,False,True,generated_samples/prediction-f2ac34777332ae3315cb3358e6c33e5ae1e5d533e806ed1f4004fe8741db9984.npz,,
checkpoint_diagnostic_gpu_job_seconds_300,296.8406186,268.722673,0,8.232637497,17900,24,0.4927896634,4096,80738304,False,True,generated_samples/prediction-1413cbb258f01384725d14e6a68c6b018839a67fd33dd26f9b13feed694f96e1.npz,,
checkpoint_diagnostic_gpu_job_seconds_600,296.8406186,268.722673,0,8.232637497,17900,24,0.4927896634,4096,80738304,False,True,generated_samples/prediction-1413cbb258f01384725d14e6a68c6b018839a67fd33dd26f9b13feed694f96e1.npz,,
checkpoint_random_fitting_updates_12000,138.0135719,125.7516084,0,4.681106504,11450,12,0.5021199193,4096,79976960,False,True,generated_samples/prediction-a8bdf689e9f97b430aa7551eafaa10ccc0f095d4d4a049310ff0086022933d62.npz,,
checkpoint_random_fitting_updates_24000,276.7435104,252.4981825,0,8.821162457,17650,24,0.5021199193,4096,79976960,False,True,generated_samples/prediction-a8bdf689e9f97b430aa7551eafaa10ccc0f095d4d4a049310ff0086022933d62.npz,,
checkpoint_random_fitting_updates_36000,276.7435104,252.4981825,0,8.821162457,17650,24,0.5021199193,4096,79976960,False,True,generated_samples/prediction-a8bdf689e9f97b430aa7551eafaa10ccc0f095d4d4a049310ff0086022933d62.npz,,
checkpoint_random_gpu_job_seconds_120,118.7285026,110.3739988,0,3.311742187,10200,8,0.4927896634,4096,79976960,False,True,generated_samples/prediction-1413cbb258f01384725d14e6a68c6b018839a67fd33dd26f9b13feed694f96e1.npz,,
checkpoint_random_gpu_job_seconds_300,276.7435104,252.4981825,0,8.821162457,17650,24,0.5021199193,4096,79976960,False,True,generated_samples/prediction-a8bdf689e9f97b430aa7551eafaa10ccc0f095d4d4a049310ff0086022933d62.npz,,
checkpoint_random_gpu_job_seconds_600,276.7435104,252.4981825,0,8.821162457,17650,24,0.5021199193,4096,79976960,False,True,generated_samples/prediction-a8bdf689e9f97b430aa7551eafaa10ccc0f095d4d4a049310ff0086022933d62.npz,,
fixed,29.43926475,29.43926475,0,0,6150,1,0.3769170903,4096,41285632,,,generated_samples/prediction-94db97f8dacaa2c71a91898502f2f3dc2b9fe4638e3d6f242a135b4b54f29f0f.npz,,
random,276.7437735,252.4981825,0,8.821425535,17650,24,0.5021199193,4096,79976960,False,True,generated_samples/prediction-a8bdf689e9f97b430aa7551eafaa10ccc0f095d4d4a049310ff0086022933d62.npz,,
