method,run,chosen_arm,threshold_pa,observed_pressure_pa,observed_total_current_a,constraint_violation,measured_feasible_arms,feasible_current_regret_a,scope
semantic_M1,validate_load_in,0,6.1875,12.3375,0.3339450635,False,2,0,recorded binary alternatives; condition means
semantic_M1,validate_load_in_mic,0,6.1875,13.05670363,0.3331323905,False,2,0,recorded binary alternatives; condition means
semantic_M1,validate_load_out,0,6.1875,12.98641304,0.3339054996,False,1,0,recorded binary alternatives; condition means
semantic_M1,validate_load_out_mic,0,6.1875,23.60970395,0.3323414622,False,2,0,recorded binary alternatives; condition means
semantic_M1,validate_hatch_rpms,0,6.1875,29.13989049,0.4386107351,False,2,0.002107095953,recorded binary alternatives; condition means
semantic_M3,validate_load_in,0,6.1875,12.3375,0.3339450635,False,2,0,recorded binary alternatives; condition means
semantic_M3,validate_load_in_mic,0,6.1875,13.05670363,0.3331323905,False,2,0,recorded binary alternatives; condition means
semantic_M3,validate_load_out,0,6.1875,12.98641304,0.3339054996,False,1,0,recorded binary alternatives; condition means
semantic_M3,validate_load_out_mic,0,6.1875,23.60970395,0.3323414622,False,2,0,recorded binary alternatives; condition means
semantic_M3,validate_hatch_rpms,0,6.1875,29.13989049,0.4386107351,False,2,0.002107095953,recorded binary alternatives; condition means
semantic_M4,validate_load_in,0,6.1875,12.3375,0.3339450635,False,2,0,recorded binary alternatives; condition means
semantic_M4,validate_load_in_mic,0,6.1875,13.05670363,0.3331323905,False,2,0,recorded binary alternatives; condition means
semantic_M4,validate_load_out,0,6.1875,12.98641304,0.3339054996,False,1,0,recorded binary alternatives; condition means
semantic_M4,validate_load_out_mic,0,6.1875,23.60970395,0.3323414622,False,2,0,recorded binary alternatives; condition means
semantic_M4,validate_hatch_rpms,0,6.1875,29.13989049,0.4386107351,False,2,0.002107095953,recorded binary alternatives; condition means
semantic_M5,validate_load_in,0,6.1875,12.3375,0.3339450635,False,2,0,recorded binary alternatives; condition means
semantic_M5,validate_load_in_mic,0,6.1875,13.05670363,0.3331323905,False,2,0,recorded binary alternatives; condition means
semantic_M5,validate_load_out,0,6.1875,12.98641304,0.3339054996,False,1,0,recorded binary alternatives; condition means
semantic_M5,validate_load_out_mic,0,6.1875,23.60970395,0.3323414622,False,2,0,recorded binary alternatives; condition means
semantic_M5,validate_hatch_rpms,0,6.1875,29.13989049,0.4386107351,False,2,0.002107095953,recorded binary alternatives; condition means
semantic_fixed,validate_load_in,0,6.1875,12.3375,0.3339450635,False,2,0,recorded binary alternatives; condition means
semantic_fixed,validate_load_in_mic,0,6.1875,13.05670363,0.3331323905,False,2,0,recorded binary alternatives; condition means
semantic_fixed,validate_load_out,0,6.1875,12.98641304,0.3339054996,False,1,0,recorded binary alternatives; condition means
semantic_fixed,validate_load_out_mic,0,6.1875,23.60970395,0.3323414622,False,2,0,recorded binary alternatives; condition means
semantic_fixed,validate_hatch_rpms,0,6.1875,29.13989049,0.4386107351,False,2,0.002107095953,recorded binary alternatives; condition means
semantic_random,validate_load_in,0,6.1875,12.3375,0.3339450635,False,2,0,recorded binary alternatives; condition means
semantic_random,validate_load_in_mic,0,6.1875,13.05670363,0.3331323905,False,2,0,recorded binary alternatives; condition means
semantic_random,validate_load_out,0,6.1875,12.98641304,0.3339054996,False,1,0,recorded binary alternatives; condition means
semantic_random,validate_load_out_mic,0,6.1875,23.60970395,0.3323414622,False,2,0,recorded binary alternatives; condition means
semantic_random,validate_hatch_rpms,0,6.1875,29.13989049,0.4386107351,False,2,0.002107095953,recorded binary alternatives; condition means
M0,validate_load_in,0,6.1875,12.3375,0.3339450635,False,2,0,recorded binary alternatives; condition means
M0,validate_load_in_mic,0,6.1875,13.05670363,0.3331323905,False,2,0,recorded binary alternatives; condition means
M0,validate_load_out,0,6.1875,12.98641304,0.3339054996,False,1,0,recorded binary alternatives; condition means
M0,validate_load_out_mic,0,6.1875,23.60970395,0.3323414622,False,2,0,recorded binary alternatives; condition means
M0,validate_hatch_rpms,0,6.1875,29.13989049,0.4386107351,False,2,0.002107095953,recorded binary alternatives; condition means
M1,validate_load_in,0,6.1875,12.3375,0.3339450635,False,2,0,recorded binary alternatives; condition means
M1,validate_load_in_mic,0,6.1875,13.05670363,0.3331323905,False,2,0,recorded binary alternatives; condition means
M1,validate_load_out,0,6.1875,12.98641304,0.3339054996,False,1,0,recorded binary alternatives; condition means
M1,validate_load_out_mic,0,6.1875,23.60970395,0.3323414622,False,2,0,recorded binary alternatives; condition means
M1,validate_hatch_rpms,0,6.1875,29.13989049,0.4386107351,False,2,0.002107095953,recorded binary alternatives; condition means
M2,validate_load_in,0,6.1875,12.3375,0.3339450635,False,2,0,recorded binary alternatives; condition means
M2,validate_load_in_mic,0,6.1875,13.05670363,0.3331323905,False,2,0,recorded binary alternatives; condition means
M2,validate_load_out,0,6.1875,12.98641304,0.3339054996,False,1,0,recorded binary alternatives; condition means
M2,validate_load_out_mic,0,6.1875,23.60970395,0.3323414622,False,2,0,recorded binary alternatives; condition means
M2,validate_hatch_rpms,0,6.1875,29.13989049,0.4386107351,False,2,0.002107095953,recorded binary alternatives; condition means
M3,validate_load_in,0,6.1875,12.3375,0.3339450635,False,2,0,recorded binary alternatives; condition means
M3,validate_load_in_mic,0,6.1875,13.05670363,0.3331323905,False,2,0,recorded binary alternatives; condition means
M3,validate_load_out,0,6.1875,12.98641304,0.3339054996,False,1,0,recorded binary alternatives; condition means
M3,validate_load_out_mic,0,6.1875,23.60970395,0.3323414622,False,2,0,recorded binary alternatives; condition means
M3,validate_hatch_rpms,0,6.1875,29.13989049,0.4386107351,False,2,0.002107095953,recorded binary alternatives; condition means
M4,validate_load_in,0,6.1875,12.3375,0.3339450635,False,2,0,recorded binary alternatives; condition means
M4,validate_load_in_mic,0,6.1875,13.05670363,0.3331323905,False,2,0,recorded binary alternatives; condition means
M4,validate_load_out,0,6.1875,12.98641304,0.3339054996,False,1,0,recorded binary alternatives; condition means
M4,validate_load_out_mic,0,6.1875,23.60970395,0.3323414622,False,2,0,recorded binary alternatives; condition means
M4,validate_hatch_rpms,0,6.1875,29.13989049,0.4386107351,False,2,0.002107095953,recorded binary alternatives; condition means
M5,validate_load_in,0,6.1875,12.3375,0.3339450635,False,2,0,recorded binary alternatives; condition means
M5,validate_load_in_mic,0,6.1875,13.05670363,0.3331323905,False,2,0,recorded binary alternatives; condition means
M5,validate_load_out,0,6.1875,12.98641304,0.3339054996,False,1,0,recorded binary alternatives; condition means
M5,validate_load_out_mic,0,6.1875,23.60970395,0.3323414622,False,2,0,recorded binary alternatives; condition means
M5,validate_hatch_rpms,0,6.1875,29.13989049,0.4386107351,False,2,0.002107095953,recorded binary alternatives; condition means
fixed,validate_load_in,0,6.1875,12.3375,0.3339450635,False,2,0,recorded binary alternatives; condition means
fixed,validate_load_in_mic,0,6.1875,13.05670363,0.3331323905,False,2,0,recorded binary alternatives; condition means
fixed,validate_load_out,0,6.1875,12.98641304,0.3339054996,False,1,0,recorded binary alternatives; condition means
fixed,validate_load_out_mic,0,6.1875,23.60970395,0.3323414622,False,2,0,recorded binary alternatives; condition means
fixed,validate_hatch_rpms,0,6.1875,29.13989049,0.4386107351,False,2,0.002107095953,recorded binary alternatives; condition means
random,validate_load_in,0,6.1875,12.3375,0.3339450635,False,2,0,recorded binary alternatives; condition means
random,validate_load_in_mic,0,6.1875,13.05670363,0.3331323905,False,2,0,recorded binary alternatives; condition means
random,validate_load_out,0,6.1875,12.98641304,0.3339054996,False,1,0,recorded binary alternatives; condition means
random,validate_load_out_mic,0,6.1875,23.60970395,0.3323414622,False,2,0,recorded binary alternatives; condition means
random,validate_hatch_rpms,0,6.1875,29.13989049,0.4386107351,False,2,0.002107095953,recorded binary alternatives; condition means
