method,run,outcome,pred_low,pred_high,pred_effect,observed_effect,absolute_error,mc_se,marginal_w1
M0,validate_load_in,current_in,0.2069339177,0.2069339177,0,0.1060300098,0.1060300098,0,0.05313432117
M0,validate_load_in,current_out,0.1985916583,0.1985916583,0,-0.001726392962,0.001726392962,0,0.03406451005
M0,validate_load_in,pressure_upwind,13.37072754,13.37072754,0,26.5059375,26.5059375,0,17.38731086
M0,validate_load_in,pressure_downwind,-5.753486636,-5.753486636,0,15.8325,15.8325,0,17.02877227
M0,validate_load_in,pressure_intake,-2.149295807,-2.149295807,0,-2.773125,2.773125,0,4.454977572
M0,validate_load_in_mic,current_in,0.2076949741,0.2076949741,0,0.1092819594,0.1092819594,0,0.05474237083
M0,validate_load_in_mic,current_out,0.1986664905,0.1986664905,0,-0.001100297371,0.001100297371,0,0.03425346738
M0,validate_load_in_mic,pressure_upwind,13.79858207,13.79858207,0,27.10159076,27.10159076,0,17.88246335
M0,validate_load_in_mic,pressure_downwind,-5.715284351,-5.715284351,0,16.0547613,16.0547613,0,16.74854408
M0,validate_load_in_mic,pressure_intake,-2.28717232,-2.28717232,0,-2.139461486,2.139461486,0,4.434031838
M0,validate_load_out,current_in,0.2070362259,0.2070362259,0,-0.0008295818254,0.0008295818254,0,0.03951125973
M0,validate_load_out,current_out,0.1984912707,0.1984912707,0,0.1079453056,0.1079453056,0,0.05397306807
M0,validate_load_out,pressure_upwind,13.86149024,13.86149024,0,-17.93322795,17.93322795,0,14.47167669
M0,validate_load_out,pressure_downwind,-5.784683232,-5.784683232,0,-26.14911685,26.14911685,0,14.62989342
M0,validate_load_out,pressure_intake,-2.356899263,-2.356899263,0,-1.589491012,1.589491012,0,4.499156287
M0,validate_load_out_mic,current_in,0.2064429492,0.2064429492,0,-0.001276299253,0.001276299253,0,0.03970781589
M0,validate_load_out_mic,current_out,0.1980234526,0.1980234526,0,0.1055790209,0.1055790209,0,0.05278997759
M0,validate_load_out_mic,pressure_upwind,13.55630493,13.55630493,0,-15.81297776,15.81297776,0,9.365348223
M0,validate_load_out_mic,pressure_downwind,-5.733789441,-5.733789441,0,-23.74890742,23.74890742,0,12.5019614
M0,validate_load_out_mic,pressure_intake,-2.339817046,-2.339817046,0,-1.30171131,1.30171131,0,12.75778387
M0,validate_hatch_rpms,current_in,0.2069877968,0.2069877968,0,-0.002438019617,0.002438019617,0,0.06730089394
M0,validate_hatch_rpms,current_out,0.1985558772,0.1985558772,0,0.0003309236646,0.0003309236646,0,0.03479426686
M0,validate_hatch_rpms,pressure_upwind,13.24948501,13.24948501,0,-5.425564437,5.425564437,0,13.61596213
M0,validate_hatch_rpms,pressure_downwind,-5.761146543,-5.761146543,0,-7.606337208,7.606337208,0,10.42744503
M0,validate_hatch_rpms,pressure_intake,-2.262109755,-2.262109755,0,-1.716878733,1.716878733,0,11.5041297
M0,validate_load_in_current_out,current_in,0.2061358171,0.2061358171,0,0.09702319127,0.09702319127,0,0.04869048354
M0,validate_load_in_current_out,current_out,0.1985673832,0.1985673832,0,-0.02080610646,0.02080610646,0,0.060673898
M0,validate_load_in_current_out,pressure_upwind,13.84557723,13.84557723,0,28.94857674,28.94857674,0,15.59550919
M0,validate_load_in_current_out,pressure_downwind,-5.544837956,-5.544837956,0,17.01115227,17.01115227,0,12.66882235
M0,validate_load_in_current_out,pressure_intake,-2.401281351,-2.401281351,0,-3.02300402,3.02300402,0,4.42154762
M0,validate_load_out_current_in,current_in,0.2068477871,0.2068477871,0,-0.0140316058,0.0140316058,0,0.06429713534
M0,validate_load_out_current_in,current_out,0.1983756917,0.1983756917,0,0.08214036054,0.08214036054,0,0.0413204989
M0,validate_load_out_current_in,pressure_upwind,13.77554129,13.77554129,0,-14.40319878,14.40319878,0,14.25497452
M0,validate_load_out_current_in,pressure_downwind,-5.690111158,-5.690111158,0,-22.09748587,22.09748587,0,13.25934095
M0,validate_load_out_current_in,pressure_intake,-2.255111696,-2.255111696,0,-2.457142232,2.457142232,0,6.65741644
M0,validate_load_out_pressure_intake,current_in,0.2062081924,0.2062081924,0,-0.001089371823,0.001089371823,0,0.03904318446
M0,validate_load_out_pressure_intake,current_out,0.1979321487,0.1979321487,0,0.1055264694,0.1055264694,0,0.05276352037
M0,validate_load_out_pressure_intake,pressure_upwind,13.82731627,13.82731627,0,-17.91941374,17.91941374,0,22.18467446
M0,validate_load_out_pressure_intake,pressure_downwind,-5.781188961,-5.781188961,0,-24.26895595,24.26895595,0,15.4353805
M0,validate_load_out_pressure_intake,pressure_intake,-2.228929521,-2.228929521,0,-0.7612311589,0.7612311589,0,3.28035996
M1,validate_load_in,current_in,0.1779945231,0.2258053011,0.04781077799,0.1060300098,0.05821923178,2.355890317e-11,0.0325809886
M1,validate_load_in,current_out,0.1719193504,0.1660912195,-0.005828130882,-0.001726392962,0.00410173792,1.953067471e-11,0.01319405634
M1,validate_load_in,pressure_upwind,7.535672491,20.05018335,12.51451086,26.5059375,13.99142664,6.389021472e-09,12.32063637
M1,validate_load_in,pressure_downwind,-4.984369908,-1.064183695,3.920186213,15.8325,11.91231379,2.285758605e-09,13.69162358
M1,validate_load_in,pressure_intake,-4.928554092,-4.677083797,0.2514702952,-2.773125,3.024595295,3.945515056e-09,5.054785176
M1,validate_load_in_mic,current_in,0.1784027759,0.2262135539,0.04781077797,0.1092819594,0.0614711814,2.122067633e-11,0.03384817447
M1,validate_load_in_mic,current_out,0.171702358,0.1658742271,-0.005828130863,-0.001100297371,0.004727833492,2.346811593e-11,0.01375625816
M1,validate_load_in_mic,pressure_upwind,7.750666811,20.26517768,12.51451087,27.10159076,14.5870799,8.249643171e-09,13.09473684
M1,validate_load_in_mic,pressure_downwind,-4.949811658,-1.02962544,3.920186218,16.0547613,12.13457508,5.861749293e-09,13.34078803
M1,validate_load_in_mic,pressure_intake,-5.054911581,-4.803441279,0.251470302,-2.139461486,2.390931788,3.744015997e-09,5.437457102
M1,validate_load_out,current_in,0.1779779905,0.1767964876,-0.001181502802,-0.0008295818254,0.0003519209763,2.512780994e-11,0.01685744015
M1,validate_load_out,current_out,0.1717793896,0.2181072026,0.04632781299,0.1079453056,0.06161749263,2.48384339e-11,0.03455878129
M1,validate_load_out,pressure_upwind,7.770508688,6.025404201,-1.745104487,-17.93322795,16.18812346,5.199259245e-09,8.700450441
M1,validate_load_out,pressure_downwind,-4.992969516,-9.561938674,-4.568969158,-26.14911685,21.58014769,3.467607178e-09,11.49345521
M1,validate_load_out,pressure_intake,-5.138718554,-1.722269768,3.416448786,-1.589491012,5.005939798,3.48247929e-09,4.948061915
M1,validate_load_out_mic,current_in,0.1777959574,0.1766144546,-0.001181502773,-0.001276299253,9.47964792e-05,1.583895772e-11,0.01656364198
M1,validate_load_out_mic,current_out,0.1713876917,0.2177155047,0.04632781299,0.1055790209,0.05925120788,2.055068969e-11,0.03333265081
M1,validate_load_out_mic,pressure_upwind,7.654455771,5.909351287,-1.745104484,-15.81297776,14.06787327,1.29789318e-08,9.35922532
M1,validate_load_out_mic,pressure_downwind,-4.915016141,-9.483985302,-4.568969161,-23.74890742,19.17993826,5.506053785e-09,9.973742973
M1,validate_load_out_mic,pressure_intake,-5.112569212,-1.696120423,3.41644879,-1.30171131,4.718160099,8.563064918e-09,13.82504914
M1,validate_hatch_rpms,current_in,0.2256321675,0.2256321675,0,-0.002438019617,0.002438019617,0,0.04816033919
M1,validate_hatch_rpms,current_out,0.1658673409,0.1658673409,0,0.0003309236646,0.0003309236646,0,0.01356590284
M1,validate_hatch_rpms,pressure_upwind,19.96768471,19.96768471,0,-5.425564437,5.425564437,0,6.838330604
M1,validate_hatch_rpms,pressure_downwind,-1.089148152,-1.089148152,0,-7.606337208,7.606337208,0,6.241667533
M1,validate_hatch_rpms,pressure_intake,-4.791746089,-4.791746089,0,-1.716878733,1.716878733,0,9.04634601
M1,validate_load_in_current_out,current_in,0.1763793698,0.2241901477,0.04781077798,0.09702319127,0.04921241329,3.034087406e-11,0.02814516597
M1,validate_load_in_current_out,current_out,0.2179846118,0.212156479,-0.005828132737,-0.02080610646,0.01497797373,6.505921307e-12,0.04408410312
M1,validate_load_in_current_out,pressure_upwind,6.068888807,18.58339958,12.51451077,28.94857674,16.43406597,1.184841662e-08,8.712777176
M1,validate_load_in_current_out,pressure_downwind,-9.41543936,-5.495252951,3.920186409,17.01115227,13.09096586,2.869263429e-09,9.255472762
M1,validate_load_in_current_out,pressure_intake,-1.753031111,-1.501560808,0.251470303,-3.02300402,3.274474323,1.593059636e-09,4.260132008
M1,validate_load_out_current_in,current_in,0.2257652486,0.2245837459,-0.001181502795,-0.0140316058,0.012850103,1.616350911e-11,0.04574647462
M1,validate_load_out_current_in,current_out,0.1658422806,0.2121700917,0.04632781112,0.08214036054,0.03581254942,1.088711825e-11,0.02373841283
M1,validate_load_out_current_in,pressure_upwind,20.27935469,18.53425011,-1.745104576,-14.40319878,12.6580942,2.997215799e-09,8.190028416
M1,validate_load_out_current_in,pressure_downwind,-0.9551214902,-5.524090463,-4.568968972,-22.09748587,17.5285169,6.054393515e-09,9.58122589
M1,validate_load_out_current_in,pressure_intake,-4.772633642,-1.35618485,3.416448792,-2.457142232,5.873591024,4.459826494e-09,6.20691674
M1,validate_load_out_pressure_intake,current_in,0.1818886123,0.1807071096,-0.001181502695,-0.001089371823,9.213087266e-05,2.294366921e-11,0.01855715638
M1,validate_load_out_pressure_intake,current_out,0.1708011978,0.2171290108,0.04632781298,0.1055264694,0.05919865643,2.091296359e-11,0.03382302899
M1,validate_load_out_pressure_intake,pressure_upwind,8.926982207,7.181877727,-1.745104479,-17.91941374,16.17430927,6.933474976e-09,16.10509662
M1,validate_load_out_pressure_intake,pressure_downwind,-4.5826446,-9.151613764,-4.568969164,-24.26895595,19.69998678,4.321552172e-09,12.4225165
M1,validate_load_out_pressure_intake,pressure_intake,-4.975917788,-1.559469,3.416448788,-0.7612311589,4.177679947,7.233420953e-09,3.471258978
M2,validate_load_in,current_in,0.1682741385,0.2735568003,0.1052826618,0.1060300098,0.0007473479819,0.0001148351631,0.001770150431
M2,validate_load_in,current_out,0.1644923206,0.1639556864,-0.0005366341346,-0.001726392962,0.001189758827,1.75543481e-05,0.0009460745142
M2,validate_load_in,pressure_upwind,9.553863433,31.54556394,21.99170051,26.5059375,4.514236992,0.009585516994,5.345676179
M2,validate_load_in,pressure_downwind,-2.161081845,13.48211272,15.64319457,15.8325,0.1893054306,0.0214645877,4.80780004
M2,validate_load_in,pressure_intake,-3.684127441,-8.51195458,-4.82782714,-2.773125,2.05470214,0.01580785365,5.303039487
M2,validate_load_in_mic,current_in,0.168391882,0.2736751162,0.1052832341,0.1092819594,0.003998725228,0.0001042134152,0.002360394058
M2,validate_load_in_mic,current_out,0.1643911454,0.1639203291,-0.0004708162941,-0.001100297371,0.000629481077,1.871357159e-05,0.0005402553736
M2,validate_load_in_mic,pressure_upwind,9.695656002,31.6996678,22.0040118,27.10159076,5.097578963,0.008084279344,6.169958787
M2,validate_load_in_mic,pressure_downwind,-2.15571368,13.48153897,15.63725265,16.0547613,0.4175086517,0.02104932633,4.466356791
M2,validate_load_in_mic,pressure_intake,-3.817709722,-8.641224254,-4.823514532,-2.139461486,2.684053046,0.0186650919,6.02644585
M2,validate_load_out,current_in,0.1683179917,0.168010007,-0.0003079847754,-0.0008295818254,0.0005215970499,1.429682137e-05,0.0009998713663
M2,validate_load_out,current_out,0.1644247049,0.2694239412,0.1049992363,0.1079453056,0.002946069353,9.318686216e-05,0.003167254491
M2,validate_load_out,pressure_upwind,9.718958429,-16.64157323,-26.36053166,-17.93322795,8.42730371,0.02303367679,7.798270692
M2,validate_load_out,pressure_downwind,-2.190495552,-28.9528781,-26.76238255,-26.14911685,0.6132657036,0.01203400535,3.288896637
M2,validate_load_out,pressure_intake,-3.883409994,-0.7695251366,3.113884858,-1.589491012,4.703375869,0.007507149627,4.587562229
M2,validate_load_out_mic,current_in,0.1683573062,0.1680578902,-0.0002994160174,-0.001276299253,0.0009768832351,6.687791965e-06,0.001499767994
M2,validate_load_out_mic,current_out,0.1643425297,0.269213222,0.1048706923,0.1055790209,0.0007083285349,8.064636093e-05,0.001187740131
M2,validate_load_out_mic,pressure_upwind,9.629272358,-16.75057574,-26.3798481,-15.81297776,10.56687034,0.01791085932,19.28135637
M2,validate_load_out_mic,pressure_downwind,-2.159005971,-28.91192928,-26.75292331,-23.74890742,3.004015881,0.02815256126,16.48799336
M2,validate_load_out_mic,pressure_intake,-3.87641997,-0.7493673853,3.127052585,-1.30171131,4.428763895,0.03407610992,12.7320822
M2,validate_hatch_rpms,current_in,0.2735807009,0.2735807009,0,-0.002438019617,0.002438019617,0,0.001932196035
M2,validate_hatch_rpms,current_out,0.1639416682,0.1639416682,0,0.0003309236646,0.0003309236646,0,0.0004045594148
M2,validate_hatch_rpms,pressure_upwind,31.48883187,25.45386318,-6.034968694,-5.425564437,0.6094042564,0.02166542155,2.947164372
M2,validate_hatch_rpms,pressure_downwind,13.45698478,7.894888786,-5.562095998,-7.606337208,2.044241209,0.01411558934,7.27740368
M2,validate_hatch_rpms,pressure_intake,-8.60393531,-8.60393531,0,-1.716878733,1.716878733,0,5.532565054
M2,validate_load_in_current_out,current_in,0.1679561386,0.2623736184,0.09441747972,0.09702319127,0.002605711559,9.311766234e-05,0.00157047032
M2,validate_load_in_current_out,current_out,0.2693499379,0.2465811728,-0.02276876512,-0.02080610646,0.001962658661,2.910469332e-05,0.001739261304
M2,validate_load_in_current_out,pressure_upwind,-16.63868325,22.02004152,38.65872476,28.94857674,9.710148025,0.01672882577,7.160163167
M2,validate_load_in_current_out,pressure_downwind,-28.8921701,-8.576030485,20.31613961,17.01115227,3.304987344,0.02615042228,3.916604026
M2,validate_load_in_current_out,pressure_intake,-0.7965599006,0.2762125453,1.072772446,-3.02300402,4.095776465,0.01527591911,4.846310433
M2,validate_load_out_current_in,current_in,0.2734892931,0.2625521793,-0.0109371138,-0.0140316058,0.003094491995,2.661767267e-05,0.003443383333
M2,validate_load_out_current_in,current_out,0.1639327644,0.2466111293,0.08267836491,0.08214036054,0.0005380043707,0.0001078330639,0.0009622425592
M2,validate_load_out_current_in,pressure_upwind,31.68771933,21.96904447,-9.718674855,-14.40319878,4.684523924,0.02508894692,3.028828432
M2,validate_load_out_current_in,pressure_downwind,13.5016945,-8.606217375,-22.10791188,-22.09748587,0.01042600695,0.008595091536,2.143830695
M2,validate_load_out_current_in,pressure_intake,-8.630988719,0.4081891889,9.039177907,-2.457142232,11.49632014,0.004896462293,6.761742161
M2,validate_load_out_pressure_intake,current_in,0.168919751,0.1681156842,-0.0008040668273,-0.001089371823,0.0002853049953,1.026062236e-05,0.001408675775
M2,validate_load_out_pressure_intake,current_out,0.1643855103,0.2685928474,0.1042073372,0.1055264694,0.001319132257,0.0001090347542,0.002097121479
M2,validate_load_out_pressure_intake,pressure_upwind,10.98165784,-14.78986058,-25.77151842,-17.91941374,7.852104679,0.02142040864,6.305518574
M2,validate_load_out_pressure_intake,pressure_downwind,-1.855345913,-28.44753619,-26.59219027,-24.26895595,2.323234326,0.0204087609,3.379674658
M2,validate_load_out_pressure_intake,pressure_intake,-4.150871848,-0.5862778234,3.564594025,-0.7612311589,4.325825184,0.02185874007,3.345067325
M3,validate_load_in,current_in,0.1688271606,0.2694147461,0.1005875855,0.1060300098,0.005442424248,0.0001494064492,0.003226045143
M3,validate_load_in,current_out,0.1638064658,0.1624850165,-0.001321449325,-0.001726392962,0.0004049436368,2.435561377e-05,0.001713193162
M3,validate_load_in,pressure_upwind,8.200810788,31.25740106,23.05659028,26.5059375,3.449347224,0.01671484212,6.166742765
M3,validate_load_in,pressure_downwind,-3.945172536,10.29006735,14.23523989,15.8325,1.597260111,0.02438443183,7.328540548
M3,validate_load_in,pressure_intake,-5.63471736,-5.63471736,0,-2.773125,2.773125,0,4.900942936
M3,validate_load_in_mic,current_in,0.1689696372,0.2695936349,0.1006239977,0.1092819594,0.008657961617,0.0001368206885,0.00449721642
M3,validate_load_in_mic,current_out,0.1636983784,0.1624232352,-0.001275143185,-0.001100297371,0.0001748458141,1.218390883e-05,0.001555348392
M3,validate_load_in_mic,pressure_upwind,8.277447021,31.36392834,23.08648132,27.10159076,4.01510944,0.02130712994,7.014380338
M3,validate_load_in_mic,pressure_downwind,-3.962569959,10.26174515,14.22431511,16.0547613,1.83044619,0.03601500572,7.001427194
M3,validate_load_in_mic,pressure_intake,-5.739779474,-5.739779474,0,-2.139461486,2.139461486,0,5.479686393
M3,validate_load_out,current_in,0.16888786,0.1684883558,-0.0003995041877,-0.0008295818254,0.0004300776376,1.43425827e-05,0.001331947863
M3,validate_load_out,current_out,0.1637422887,0.266862481,0.1031201924,0.1079453056,0.004825113273,7.002472606e-05,0.004876314496
M3,validate_load_out,pressure_upwind,8.197536513,-5.125623696,-13.32316021,-17.93322795,4.610067738,0.07263485099,5.154768414
M3,validate_load_out,pressure_downwind,-4.062646779,-21.48666371,-17.42401693,-26.14911685,8.725099921,0.05120627564,5.042853029
M3,validate_load_out,pressure_intake,-5.80301497,-0.2353135973,5.567701372,-1.589491012,7.157192384,0.0063510149,5.050681031
M3,validate_load_out_mic,current_in,0.1689421324,0.1685615197,-0.0003806126618,-0.001276299253,0.0008956865908,1.521306463e-05,0.002043953618
M3,validate_load_out_mic,current_out,0.1636530132,0.2666444583,0.1029914451,0.1055790209,0.002587575798,3.731391666e-05,0.002826781564
M3,validate_load_out_mic,pressure_upwind,8.191490895,-5.208438959,-13.39992985,-15.81297776,2.413047902,0.07542193039,14.27450526
M3,validate_load_out_mic,pressure_downwind,-3.990645558,-21.44154667,-17.45090111,-23.74890742,6.298006318,0.04846789013,13.67371032
M3,validate_load_out_mic,pressure_intake,-5.792036718,-0.2161519902,5.575884728,-1.30171131,6.877596037,0.0175038771,13.42353431
M3,validate_hatch_rpms,current_in,0.2693716058,0.2693716058,0,-0.002438019617,0.002438019617,0,0.004462741324
M3,validate_hatch_rpms,current_out,0.1624528438,0.1624528438,0,0.0003309236646,0.0003309236646,0,0.001499146291
M3,validate_hatch_rpms,pressure_upwind,31.15951633,31.15951633,0,-5.425564437,5.425564437,0,5.308012448
M3,validate_hatch_rpms,pressure_downwind,10.19984745,10.19984745,0,-7.606337208,7.606337208,0,6.882809323
M3,validate_hatch_rpms,pressure_intake,-5.734568486,-5.734568486,0,-1.716878733,1.716878733,0,8.07277579
M3,validate_load_in_current_out,current_in,0.1684517076,0.267798282,0.09934657436,0.09702319127,0.00232338309,0.0001242035601,0.002970612853
M3,validate_load_in_current_out,current_out,0.2666581859,0.2501810871,-0.01647709883,-0.02080610646,0.004329007633,2.130214043e-05,0.002717508916
M3,validate_load_in_current_out,pressure_upwind,-5.048089988,24.83842854,29.88651853,28.94857674,0.9379417932,0.01693730927,4.203150163
M3,validate_load_in_current_out,pressure_downwind,-21.40759622,-6.683002441,14.72459378,17.01115227,2.286558492,0.01593473728,3.408888574
M3,validate_load_in_current_out,pressure_intake,-0.2751834042,-0.2751834042,0,-3.02300402,3.02300402,0,4.35895237
M3,validate_load_out_current_in,current_in,0.2693820969,0.2679745492,-0.001407547711,-0.0140316058,0.01262405809,1.945772704e-05,0.006432566673
M3,validate_load_out_current_in,current_out,0.1624253057,0.2502858217,0.08786051606,0.08214036054,0.005720155516,9.8682239e-05,0.00305787326
M3,validate_load_out_current_in,pressure_upwind,31.38916135,24.81339283,-6.575768521,-14.40319878,7.827430258,0.03405685596,4.39821322
M3,validate_load_out_current_in,pressure_downwind,10.29448744,-6.660133579,-16.95462102,-22.09748587,5.142864849,0.008899054268,3.589072071
M3,validate_load_out_current_in,pressure_intake,-5.716025938,-0.1607087759,5.555317162,-2.457142232,8.012459394,0.01123082449,6.263554812
M3,validate_load_out_pressure_intake,current_in,0.1689994801,0.1686415833,-0.0003578967308,-0.001089371823,0.0007314750919,7.4959688e-06,0.001699265677
M3,validate_load_out_pressure_intake,current_out,0.1638640468,0.2665382631,0.1026742163,0.1055264694,0.002852253142,7.393084793e-05,0.00356565485
M3,validate_load_out_pressure_intake,pressure_upwind,8.257441659,-4.364962743,-12.6224044,-17.91941374,5.297009343,0.03729165505,10.0114131
M3,validate_load_out_pressure_intake,pressure_downwind,-4.160634207,-21.57793702,-17.41730281,-24.26895595,6.851653134,0.04379355824,5.714784635
M3,validate_load_out_pressure_intake,pressure_intake,-5.696616032,-0.1274091721,5.569206859,-0.7612311589,6.330438018,0.01355047023,3.631905449
M4,validate_load_in,current_in,0.1688423277,0.2692982903,0.1004559625,0.1060300098,0.005574047271,0.0001558536682,0.003281024687
M4,validate_load_in,current_out,0.1638064658,0.1624850165,-0.001321449325,-0.001726392962,0.0004049436368,2.435561377e-05,0.001713193162
M4,validate_load_in,pressure_upwind,8.870595314,30.90088342,22.0302881,26.5059375,4.475649397,0.02741615689,6.113978021
M4,validate_load_in,pressure_downwind,-3.182964058,9.788579685,12.97154374,15.8325,2.860956258,0.009429136664,7.291444292
M4,validate_load_in,pressure_intake,-8.267533649,-3.815889337,4.451644312,-2.773125,7.224769312,0.01988530778,5.973439786
M4,validate_load_in_mic,current_in,0.1689883853,0.2694950654,0.1005066801,0.1092819594,0.008775279232,0.0001358857655,0.004550522182
M4,validate_load_in_mic,current_out,0.1636983784,0.1624232352,-0.001275143185,-0.001100297371,0.0001748458141,1.218390883e-05,0.001555348392
M4,validate_load_in_mic,pressure_upwind,9.009247797,31.03476982,22.02552203,27.10159076,5.076068738,0.01634231461,6.928150641
M4,validate_load_in_mic,pressure_downwind,-3.144530245,9.807283796,12.95181404,16.0547613,3.102947258,0.00677237067,6.932326925
M4,validate_load_in_mic,pressure_intake,-8.351491343,-3.898214064,4.453277279,-2.139461486,6.592738765,0.01416008496,6.188571671
M4,validate_load_out,current_in,0.1689093437,0.1684489457,-0.0004603980198,-0.0008295818254,0.0003691838055,1.840077636e-05,0.001319872933
M4,validate_load_out,current_out,0.1637422887,0.266862481,0.1031201924,0.1079453056,0.004825113273,7.002472606e-05,0.004876314496
M4,validate_load_out,pressure_upwind,8.946927996,-6.428177289,-15.37510529,-17.93322795,2.558122662,0.0451344712,4.959355093
M4,validate_load_out,pressure_downwind,-3.214065317,-22.85234664,-19.63828133,-26.14911685,6.51083552,0.01129367501,4.42225749
M4,validate_load_out,pressure_intake,-8.433371669,-2.902428802,5.530942867,-1.589491012,7.120433879,0.0167092483,6.42635333
M4,validate_load_out_mic,current_in,0.1689623506,0.1685241752,-0.0004381754472,-0.001276299253,0.0008381238053,1.521319187e-05,0.002035303953
M4,validate_load_out_mic,current_out,0.1636530132,0.2666444583,0.1029914451,0.1055790209,0.002587575798,3.731391666e-05,0.002826781564
M4,validate_load_out_mic,pressure_upwind,8.941560207,-6.467928144,-15.40948835,-15.81297776,0.4034894062,0.03961014657,14.52043164
M4,validate_load_out_mic,pressure_downwind,-3.136555585,-22.76748345,-19.63092787,-23.74890742,4.117979557,0.008363036974,13.91831492
M4,validate_load_out_mic,pressure_intake,-8.39937102,-2.82317843,5.57619259,-1.30171131,6.877903899,0.02252552123,16.03049638
M4,validate_hatch_rpms,current_in,0.2692665175,0.2692665175,0,-0.002438019617,0.002438019617,0,0.00456716366
M4,validate_hatch_rpms,current_out,0.1624528438,0.1624528438,0,0.0003309236646,0.0003309236646,0,0.001499146291
M4,validate_hatch_rpms,pressure_upwind,30.81096219,30.81096219,0,-5.425564437,5.425564437,0,5.039683746
M4,validate_hatch_rpms,pressure_downwind,9.73507862,9.73507862,0,-7.606337208,7.606337208,0,6.519309164
M4,validate_hatch_rpms,pressure_intake,-3.935487371,-3.935487371,0,-1.716878733,1.716878733,0,9.834729378
M4,validate_load_in_current_out,current_in,0.168417786,0.2678740743,0.09945628836,0.09702319127,0.002433097087,0.0001309588332,0.002985552501
M4,validate_load_in_current_out,current_out,0.2666581859,0.2501810871,-0.01647709883,-0.02080610646,0.004329007633,2.130214043e-05,0.002717508916
M4,validate_load_in_current_out,pressure_upwind,-6.277651303,25.60862458,31.88627588,28.94857674,2.937699143,0.0341837986,4.209373356
M4,validate_load_in_current_out,pressure_downwind,-22.7022678,-5.845824211,16.85644359,17.01115227,0.1547086805,0.02391581874,3.144347983
M4,validate_load_in_current_out,pressure_intake,-2.863500397,2.583767632,5.44726803,-3.02300402,8.470272049,0.04039965022,5.707925462
M4,validate_load_out_current_in,current_in,0.2692792061,0.268052337,-0.001226869057,-0.0140316058,0.01280473674,1.169888515e-05,0.00651722712
M4,validate_load_out_current_in,current_out,0.1624253057,0.2502858217,0.08786051606,0.08214036054,0.005720155516,9.8682239e-05,0.00305787326
M4,validate_load_out_current_in,pressure_upwind,31.05277197,25.52781237,-5.524959597,-14.40319878,8.878239183,0.02006792313,4.814368908
M4,validate_load_out_current_in,pressure_downwind,9.837582762,-5.87485944,-15.7124422,-22.09748587,6.385043667,0.007662293041,3.87695053
M4,validate_load_out_current_in,pressure_intake,-3.881488522,2.697597745,6.579086267,-2.457142232,9.036228499,0.005536922401,8.418465045
M4,validate_load_out_pressure_intake,current_in,0.1690173347,0.1686065592,-0.0004107755435,-0.001089371823,0.0006785962791,8.67279906e-06,0.001690998165
M4,validate_load_out_pressure_intake,current_out,0.1638640468,0.2665382631,0.1026742163,0.1055264694,0.002852253142,7.393084793e-05,0.00356565485
M4,validate_load_out_pressure_intake,pressure_upwind,8.981610548,-5.610301212,-14.59191176,-17.91941374,3.327501985,0.008150652772,9.746528087
M4,validate_load_out_pressure_intake,pressure_downwind,-3.379051006,-22.8745583,-19.49550729,-24.26895595,4.773448656,0.02086870417,5.424619015
M4,validate_load_out_pressure_intake,pressure_intake,-8.402544524,-2.757838509,5.644706015,-0.7612311589,6.405937174,0.005619103048,4.514496829
M5,validate_load_in,current_in,0.1688339394,0.2694511544,0.1006172151,0.1060300098,0.00541279472,0.0001548981818,0.003205942734
M5,validate_load_in,current_out,0.1638064663,0.1624850172,-0.001321449117,-0.001726392962,0.0004049438449,2.435561918e-05,0.001713192572
M5,validate_load_in,pressure_upwind,8.647844348,31.59047549,22.94263115,26.5059375,3.563306353,0.01674538578,5.948924455
M5,validate_load_in,pressure_downwind,-3.107034118,9.901393341,13.00842746,15.8325,2.824072541,0.008927297006,7.221813512
M5,validate_load_in,pressure_intake,-7.808902963,-3.734823307,4.074079656,-2.773125,6.847204656,0.03147569382,5.856028821
M5,validate_load_in_mic,current_in,0.1689800118,0.2696457296,0.1006657178,0.1092819594,0.008616241567,0.0001300851682,0.004473525234
M5,validate_load_in_mic,current_out,0.1636983789,0.162423236,-0.00127514299,-0.001100297371,0.0001748456189,1.218394275e-05,0.001555347759
M5,validate_load_in_mic,pressure_upwind,8.808511853,31.7383314,22.92981954,27.10159076,4.17177122,0.03942778121,6.758765801
M5,validate_load_in_mic,pressure_downwind,-3.084385571,9.925313802,13.00969937,16.0547613,3.045061927,0.01204671116,6.855021938
M5,validate_load_in_mic,pressure_intake,-7.873304989,-3.81488364,4.058421349,-2.139461486,6.197882836,0.03102051892,6.044129448
M5,validate_load_out,current_in,0.1689012886,0.1684002503,-0.0005010383425,-0.0008295818254,0.0003285434829,1.757335133e-05,0.001293439462
M5,validate_load_out,current_out,0.1637422892,0.2668624813,0.103120192,0.1079453056,0.00482511358,7.002475599e-05,0.004876314141
M5,validate_load_out,pressure_upwind,8.766288158,-7.993190189,-16.75947835,-17.93322795,1.1737496,0.03670766371,5.108623391
M5,validate_load_out,pressure_downwind,-3.131261651,-22.83426293,-19.70300128,-26.14911685,6.446115568,0.01416520593,4.412725658
M5,validate_load_out,pressure_intake,-7.969271524,-2.895765517,5.073506007,-1.589491012,6.662997018,0.02081909408,6.280612008
M5,validate_load_out_mic,current_in,0.1689581939,0.1684762823,-0.00048191158,-0.001276299253,0.0007943876725,1.630978993e-05,0.002009536235
M5,validate_load_out_mic,current_out,0.1636530137,0.2666444585,0.1029914447,0.1055790209,0.00258757612,3.731391468e-05,0.002826781226
M5,validate_load_out_mic,pressure_upwind,8.737550374,-8.057389192,-16.79493957,-15.81297776,0.981961809,0.02305000398,15.39869499
M5,validate_load_out_mic,pressure_downwind,-3.075010732,-22.75715076,-19.68214003,-23.74890742,4.066767399,0.02198728804,13.88174635
M5,validate_load_out_mic,pressure_intake,-7.966441459,-2.842167612,5.124273847,-1.30171131,6.425985156,0.02002294665,15.82357815
M5,validate_hatch_rpms,current_in,0.2694144175,0.2694144175,0,-0.002438019617,0.002438019617,0,0.004419954347
M5,validate_hatch_rpms,current_out,0.1624528445,0.1624528445,0,0.0003309236646,0.0003309236646,0,0.001499145594
M5,validate_hatch_rpms,pressure_upwind,31.51139261,31.51139261,0,-5.425564437,5.425564437,0,5.428142298
M5,validate_hatch_rpms,pressure_downwind,9.858245644,9.858245644,0,-7.606337208,7.606337208,0,6.622145176
M5,validate_hatch_rpms,pressure_intake,-3.852454038,-3.852454038,0,-1.716878733,1.716878733,0,9.92076761
M5,validate_load_in_current_out,current_in,0.1683690485,0.2677224661,0.09935341764,0.09702319127,0.002330226368,0.0001280705042,0.002896655752
M5,validate_load_in_current_out,current_out,0.2666581861,0.2501810892,-0.01647709695,-0.02080610646,0.004329009516,2.130222657e-05,0.00271750962
M5,validate_load_in_current_out,pressure_upwind,-7.884429114,23.90308386,31.78751297,28.94857674,2.838936233,0.03327667804,3.920582781
M5,validate_load_in_current_out,pressure_downwind,-22.69376219,-6.069138852,16.62462334,17.01115227,0.3865289302,0.03198093883,3.191697111
M5,validate_load_in_current_out,pressure_intake,-2.884605516,2.079993376,4.964598892,-3.02300402,7.987602911,0.05837259409,5.608821677
M5,validate_load_out_current_in,current_in,0.2694261905,0.2679020035,-0.001524186999,-0.0140316058,0.0125074188,2.701581031e-05,0.006378049541
M5,validate_load_out_current_in,current_out,0.1624253064,0.2502858237,0.08786051727,0.08214036054,0.005720156723,9.868222878e-05,0.003057873836
M5,validate_load_out_current_in,pressure_upwind,31.7591662,23.84735143,-7.91181477,-14.40319878,6.491384009,0.03634048902,3.778810715
M5,validate_load_out_current_in,pressure_downwind,9.964821702,-6.066709749,-16.03153145,-22.09748587,6.065954418,0.02443134075,3.787905158
M5,validate_load_out_current_in,pressure_intake,-3.8130369,2.218657022,6.031693922,-2.457142232,8.488836154,0.02132669834,8.222189674
M5,validate_load_out_pressure_intake,current_in,0.1690145069,0.1685595537,-0.0004549532034,-0.001089371823,0.0006344186192,1.078050259e-05,0.00166619065
M5,validate_load_out_pressure_intake,current_out,0.1638640469,0.2665382631,0.1026742162,0.1055264694,0.002852253178,7.393085975e-05,0.003565654832
M5,validate_load_out_pressure_intake,pressure_upwind,8.805369854,-7.366854635,-16.17222449,-17.91941374,1.747189256,0.02868505594,8.791803916
M5,validate_load_out_pressure_intake,pressure_downwind,-3.292446069,-22.84899976,-19.55655369,-24.26895595,4.712402261,0.01344070012,5.483011222
M5,validate_load_out_pressure_intake,pressure_intake,-7.96973808,-2.764991016,5.204747063,-0.7612311589,5.965978222,0.01346327157,4.392853246
fixed,validate_load_in,current_in,0.16883273,0.2694385679,0.1006058379,0.1060300098,0.005424171851,0.0001533686405,0.003213093049
fixed,validate_load_in,current_out,0.1638064658,0.1624850165,-0.001321449325,-0.001726392962,0.0004049436368,2.435561377e-05,0.001713193162
fixed,validate_load_in,pressure_upwind,8.557497214,31.57679818,23.01930097,26.5059375,3.486636534,0.02705366882,5.97004992
fixed,validate_load_in,pressure_downwind,-3.182964058,9.788579685,12.97154374,15.8325,2.860956258,0.009429136664,7.291444292
fixed,validate_load_in,pressure_intake,-8.267533649,-3.815889337,4.451644312,-2.773125,7.224769312,0.01988530778,5.973439786
fixed,validate_load_in_mic,current_in,0.1689788044,0.2696308351,0.1006520307,0.1092819594,0.00862992865,0.0001300742347,0.004480726502
fixed,validate_load_in_mic,current_out,0.1636983784,0.1624232352,-0.001275143185,-0.001100297371,0.0001748458141,1.218390883e-05,0.001555348392
fixed,validate_load_in_mic,pressure_upwind,8.733955136,31.71727912,22.98332398,27.10159076,4.118266784,0.0329132181,6.791634177
fixed,validate_load_in_mic,pressure_downwind,-3.144530245,9.807283796,12.95181404,16.0547613,3.102947258,0.00677237067,6.932326925
fixed,validate_load_in_mic,pressure_intake,-8.351491343,-3.898214064,4.453277279,-2.139461486,6.592738765,0.01416008496,6.188571671
fixed,validate_load_out,current_in,0.1688986021,0.168395784,-0.0005028180342,-0.0008295818254,0.0003267637912,1.814799951e-05,0.001290237495
fixed,validate_load_out,current_out,0.1637422887,0.266862481,0.1031201924,0.1079453056,0.004825113273,7.002472606e-05,0.004876314496
fixed,validate_load_out,pressure_upwind,8.664505471,-8.148112735,-16.81261821,-17.93322795,1.120609742,0.02977237585,5.164794108
fixed,validate_load_out,pressure_downwind,-3.214065317,-22.85234664,-19.63828133,-26.14911685,6.51083552,0.01129367501,4.42225749
fixed,validate_load_out,pressure_intake,-8.433371669,-2.902428802,5.530942867,-1.589491012,7.120433879,0.0167092483,6.42635333
fixed,validate_load_out_mic,current_in,0.1689562077,0.168471733,-0.0004844746736,-0.001276299253,0.0007918245789,1.629542683e-05,0.002006268434
fixed,validate_load_out_mic,current_out,0.1636530132,0.2666444583,0.1029914451,0.1055790209,0.002587575798,3.731391666e-05,0.002826781564
fixed,validate_load_out_mic,pressure_upwind,8.650712992,-8.208801413,-16.85951441,-15.81297776,1.046536649,0.01194817275,15.51771062
fixed,validate_load_out_mic,pressure_downwind,-3.136555585,-22.76748345,-19.63092787,-23.74890742,4.117979557,0.008363036974,13.91831492
fixed,validate_load_out_mic,pressure_intake,-8.39937102,-2.82317843,5.57619259,-1.30171131,6.877903899,0.02252552123,16.03049638
fixed,validate_hatch_rpms,current_in,0.2693980085,0.2693980085,0,-0.002438019617,0.002438019617,0,0.00443651624
fixed,validate_hatch_rpms,current_out,0.1624528438,0.1624528438,0,0.0003309236646,0.0003309236646,0,0.001499146291
fixed,validate_hatch_rpms,pressure_upwind,31.47768767,31.47768767,0,-5.425564437,5.425564437,0,5.385960422
fixed,validate_hatch_rpms,pressure_downwind,9.73507862,9.73507862,0,-7.606337208,7.606337208,0,6.519309164
fixed,validate_hatch_rpms,pressure_intake,-3.935487371,-3.935487371,0,-1.716878733,1.716878733,0,9.834729378
fixed,validate_load_in_current_out,current_in,0.1683651619,0.2677252122,0.09936005031,0.09702319127,0.002336859038,0.0001277502396,0.002895433687
fixed,validate_load_in_current_out,current_out,0.2666581859,0.2501810871,-0.01647709883,-0.02080610646,0.004329007633,2.130214043e-05,0.002717508916
fixed,validate_load_in_current_out,pressure_upwind,-8.038036281,23.96970041,32.0077367,28.94857674,3.059159956,0.03170538213,3.916015205
fixed,validate_load_in_current_out,pressure_downwind,-22.7022678,-5.845824211,16.85644359,17.01115227,0.1547086805,0.02391581874,3.144347983
fixed,validate_load_in_current_out,pressure_intake,-2.863500397,2.583767632,5.44726803,-3.02300402,8.470272049,0.04039965022,5.707925462
fixed,validate_load_out_current_in,current_in,0.2694053444,0.2679076291,-0.001497715364,-0.0140316058,0.01253389044,2.356536181e-05,0.006390597591
fixed,validate_load_out_current_in,current_out,0.1624253057,0.2502858217,0.08786051606,0.08214036054,0.005720155516,9.8682239e-05,0.00305787326
fixed,validate_load_out_current_in,pressure_upwind,31.71626415,23.89327773,-7.822986424,-14.40319878,6.580212355,0.02985300519,3.791428613
fixed,validate_load_out_current_in,pressure_downwind,9.837582762,-5.87485944,-15.7124422,-22.09748587,6.385043667,0.007662293041,3.87695053
fixed,validate_load_out_current_in,pressure_intake,-3.881488522,2.697597745,6.579086267,-2.457142232,9.036228499,0.005536922401,8.418465045
fixed,validate_load_out_pressure_intake,current_in,0.169011359,0.1685553774,-0.0004559816235,-0.001089371823,0.0006333901992,9.78650192e-06,0.001662631262
fixed,validate_load_out_pressure_intake,current_out,0.1638640468,0.2665382631,0.1026742163,0.1055264694,0.002852253142,7.393084793e-05,0.00356565485
fixed,validate_load_out_pressure_intake,pressure_upwind,8.711149301,-7.529289179,-16.24043848,-17.91941374,1.678975265,0.01693034706,8.663476366
fixed,validate_load_out_pressure_intake,pressure_downwind,-3.379051006,-22.8745583,-19.49550729,-24.26895595,4.773448656,0.02086870417,5.424619015
fixed,validate_load_out_pressure_intake,pressure_intake,-8.402544524,-2.757838509,5.644706015,-0.7612311589,6.405937174,0.005619103048,4.514496829
random,validate_load_in,current_in,0.1688220394,0.2693008193,0.1004787799,0.1060300098,0.005551229881,0.0001499452534,0.003282111533
random,validate_load_in,current_out,0.1644923206,0.1639556864,-0.0005366341346,-0.001726392962,0.001189758827,1.75543481e-05,0.0009460745142
random,validate_load_in,pressure_upwind,8.008602716,30.86414375,22.85554104,26.5059375,3.650396463,0.0176831225,6.428569554
random,validate_load_in,pressure_downwind,-4.161981971,9.786648407,13.94863038,15.8325,1.883869621,0.02423249823,7.668962209
random,validate_load_in,pressure_intake,-5.63471736,-5.63471736,0,-2.773125,2.773125,0,4.900942936
random,validate_load_in_mic,current_in,0.1689642932,0.2694763729,0.1005120797,0.1092819594,0.008769879623,0.0001378419795,0.004554595435
random,validate_load_in_mic,current_out,0.1643911454,0.1639203291,-0.0004708162941,-0.001100297371,0.000629481077,1.871357159e-05,0.0005402553736
random,validate_load_in_mic,pressure_upwind,8.086133658,30.9688482,22.88271454,27.10159076,4.218876225,0.02388906544,7.285547581
random,validate_load_in_mic,pressure_downwind,-4.180537786,9.750998528,13.93153631,16.0547613,2.123224985,0.03802776106,7.338227618
random,validate_load_in_mic,pressure_intake,-5.739779474,-5.739779474,0,-2.139461486,2.139461486,0,5.479686393
random,validate_load_out,current_in,0.1688827735,0.1684835666,-0.0003992068701,-0.0008295818254,0.0004303749553,1.436491836e-05,0.001328121883
random,validate_load_out,current_out,0.1644247049,0.2694239412,0.1049992363,0.1079453056,0.002946069353,9.318686216e-05,0.003167254491
random,validate_load_out,pressure_upwind,8.009163799,-5.285690721,-13.29485452,-17.93322795,4.638373427,0.06775247921,5.229086652
random,validate_load_out,pressure_downwind,-4.276106339,-21.65822596,-17.38211962,-26.14911685,8.766997228,0.04439181069,5.066220559
random,validate_load_out,pressure_intake,-5.80301497,-0.2353135973,5.567701372,-1.589491012,7.157192384,0.0063510149,5.050681031
random,validate_load_out_mic,current_in,0.1689368736,0.1685566728,-0.0003802007828,-0.001276299253,0.0008960984698,1.500656495e-05,0.002038924588
random,validate_load_out_mic,current_out,0.1643425297,0.269213222,0.1048706923,0.1055790209,0.0007083285349,8.064636093e-05,0.001187740131
random,validate_load_out_mic,pressure_upwind,7.998941179,-5.372616083,-13.37155726,-15.81297776,2.441420494,0.0712391019,14.4503955
random,validate_load_out_mic,pressure_downwind,-4.208288544,-21.61857324,-17.41028469,-23.74890742,6.338622731,0.04368433977,13.87028145
random,validate_load_out_mic,pressure_intake,-5.792036718,-0.2161519902,5.575884728,-1.30171131,6.877596037,0.0175038771,13.42353431
random,validate_hatch_rpms,current_in,0.2692572574,0.2692572574,0,-0.002438019617,0.002438019617,0,0.004576616876
random,validate_hatch_rpms,current_out,0.1639416682,0.1639416682,0,0.0003309236646,0.0003309236646,0,0.0004045594148
random,validate_hatch_rpms,pressure_upwind,30.75705102,30.75705102,0,-5.425564437,5.425564437,0,5.010424392
random,validate_hatch_rpms,pressure_downwind,9.68987899,9.68987899,0,-7.606337208,7.606337208,0,6.440864879
random,validate_hatch_rpms,pressure_intake,-5.734568486,-5.734568486,0,-1.716878733,1.716878733,0,8.07277579
random,validate_load_in_current_out,current_in,0.168446606,0.26784515,0.09939854402,0.09702319127,0.002375352746,0.0001245311272,0.002989264369
random,validate_load_in_current_out,current_out,0.2693499379,0.2465811728,-0.02276876512,-0.02080610646,0.001962658661,2.910469332e-05,0.001739261304
random,validate_load_in_current_out,pressure_upwind,-5.219143135,25.20450732,30.42365046,28.94857674,1.475073719,0.01495186474,4.264225766
random,validate_load_in_current_out,pressure_downwind,-21.59171719,-6.29505468,15.29666251,17.01115227,1.714489757,0.01448993102,3.430520688
random,validate_load_in_current_out,pressure_intake,-0.2751834042,-0.2751834042,0,-3.02300402,3.02300402,0,4.35895237
random,validate_load_out_current_in,current_in,0.2692656296,0.2680219019,-0.001243727754,-0.0140316058,0.01278787805,1.758958582e-05,0.006511921824
random,validate_load_out_current_in,current_out,0.1639327644,0.2466111293,0.08267836491,0.08214036054,0.0005380043707,0.0001078330639,0.0009622425592
random,validate_load_out_current_in,pressure_upwind,30.99204883,25.18582272,-5.806226109,-14.40319878,8.59697267,0.02846077986,4.691854015
random,validate_load_out_current_in,pressure_downwind,9.779505204,-6.263783561,-16.04328876,-22.09748587,6.054197104,0.008882891858,3.879598403
random,validate_load_out_current_in,pressure_intake,-5.716025938,-0.1607087759,5.555317162,-2.457142232,8.012459394,0.01123082449,6.263554812
random,validate_load_out_pressure_intake,current_in,0.1689950398,0.1686380626,-0.0003569772827,-0.001089371823,0.0007323945399,7.295804843e-06,0.001695305341
random,validate_load_out_pressure_intake,current_out,0.1643855103,0.2685928474,0.1042073372,0.1055264694,0.001319132257,0.0001090347542,0.002097121479
random,validate_load_out_pressure_intake,pressure_upwind,8.106134534,-4.494818059,-12.60095259,-17.91941374,5.318461151,0.03729925861,9.870260569
random,validate_load_out_pressure_intake,pressure_downwind,-4.326516384,-21.71842858,-17.39191219,-24.26895595,6.877043753,0.04377471559,5.567978783
random,validate_load_out_pressure_intake,pressure_intake,-5.696616032,-0.1274091721,5.569206859,-0.7612311589,6.330438018,0.01355047023,3.631905449
