method,effect_error,ci_low,ci_high,joint_sw1,worst_run_sw1,coverage90,width90_standardized
refit1_M1,0.8430448553,0.8018432237,0.8790577687,2.842825282,6.992458582,0.6754250563,2.177681254
refit1_M3,0.3084954755,0.2825261551,0.3393050399,2.701329267,7.052772045,0.7274825927,1.265802609
refit1_M4,0.3183811908,0.2952249736,0.3456181989,2.708748198,7.051726103,0.709815193,1.294268272
refit1_M5,0.3407950255,0.3072219906,0.3731982323,2.713304937,7.04784441,0.7569172698,1.472439525
refit1_fixed,0.3183811908,0.2952249736,0.3456181989,2.708748198,7.051726103,0.709815193,1.294268272
refit2_M1,0.8188194111,0.7789612201,0.8544209498,3.166018081,6.950358152,0.6797157023,2.089333532
refit2_M3,0.4834708589,0.4438319401,0.5204505895,3.090913594,6.966905117,0.6132441775,1.384220196
refit2_M4,0.4834708589,0.4438319401,0.5204505895,3.090913594,6.966905117,0.6132441775,1.384220196
refit2_M5,0.4724579273,0.4324889179,0.5095996614,3.089828658,6.966121912,0.6160675742,1.401487844
refit2_fixed,0.4834708589,0.4438319401,0.5204505895,3.090913594,6.966905117,0.6132441775,1.384220196
refit3_M1,0.8386123907,0.7972737896,0.8746253043,2.72641598,6.272425175,0.6696193294,2.084880294
refit3_M3,0.3726211857,0.3406234068,0.4041395709,2.635087264,6.279514313,0.5714863623,1.160444403
refit3_M4,0.3726211857,0.3406234068,0.4041395709,2.635087264,6.279514313,0.5714863623,1.160444403
refit3_M5,0.3579713724,0.326199039,0.3893290138,2.628915346,6.279293537,0.5918247364,1.193492642
refit3_fixed,0.3726211857,0.3406234068,0.4041395709,2.635087264,6.279514313,0.5714863623,1.160444403
refit4_M1,0.7911840895,0.7498454882,0.8271970029,2.672496808,6.365247011,0.6779340384,2.08842634
refit4_M3,0.3081707529,0.2819127519,0.3357479499,2.543254328,6.417583704,0.6887251868,1.252721782
refit4_M4,0.3081707529,0.2819127519,0.3357479499,2.543254328,6.417583704,0.6887251868,1.252721782
refit4_M5,0.2978279504,0.2672625648,0.3278363648,2.54246012,6.417369127,0.6907608175,1.256664183
refit4_fixed,0.3081707529,0.2819127519,0.3357479499,2.543254328,6.417583704,0.6887251868,1.252721782
refit5_M1,0.7622287363,0.7208901352,0.7982416499,3.350731337,8.683297157,0.6816049312,2.170882828
refit5_M3,0.2643693716,0.2381469328,0.2916220804,3.242372847,8.771142483,0.6981203461,1.267546088
refit5_M4,0.3132096327,0.2876748445,0.3404128054,3.247086549,8.758618832,0.7122893053,1.271189695
refit5_M5,0.3107652294,0.2852349515,0.3378891549,3.24633044,8.758948326,0.7125302692,1.275133469
refit5_fixed,0.3132096327,0.2876748445,0.3404128054,3.247086549,8.758618832,0.7122893053,1.271189695
semantic_M1,0.8770372638,0.8374110121,0.9123454184,2.75216918,6.507584095,0.6942920178,2.559861992
semantic_M3,0.5019913664,0.4719121161,0.5318808124,2.633191299,6.541597605,0.7901757987,1.727152772
semantic_M4,0.5791344658,0.5489036415,0.6091754858,2.652421916,6.53605032,0.7779535764,1.840890481
semantic_M5,0.5189648418,0.4893449297,0.5538717679,2.63872894,6.538893938,0.790386325,1.786095611
semantic_fixed,0.5563871401,0.5174665038,0.5916757899,2.650304604,6.534407139,0.7876553486,1.818197956
semantic_random,0.4799191104,0.4538030578,0.5072980982,2.621697104,6.539349318,0.789797514,1.718504098
M0,1.091071374,1.051445122,1.126379528,2.915790105,6.592515945,0.6167224647,3.11699353
M1,0.8131179419,0.7725937295,0.848990629,2.716443145,6.523093462,0.6789877833,2.163396799
M2,0.219901851,0.1986510823,0.246181786,2.577970994,6.596660376,0.7299789754,1.139453373
M3,0.3310476955,0.2915055891,0.3663917416,2.581856036,6.575716019,0.7224531429,1.291476846
M4,0.3679594464,0.3298700877,0.4029594409,2.595338082,6.575555563,0.6679864481,1.321556159
M5,0.350595685,0.3200235156,0.3811101881,2.595367777,6.578980684,0.6869739788,1.339617245
checkpoint_diagnostic_fitting_updates_12000,0.3310476955,0.2915055891,0.3663917416,2.581856036,6.575716019,0.7224531429,1.291476846
checkpoint_diagnostic_fitting_updates_24000,0.3310476955,0.2915055891,0.3663917416,2.581856036,6.575716019,0.7224531429,1.291476846
checkpoint_diagnostic_fitting_updates_36000,0.3310476955,0.2915055891,0.3663917416,2.581856036,6.575716019,0.7224531429,1.291476846
checkpoint_diagnostic_gpu_job_seconds_120,0.3165517053,0.2770398452,0.3518685582,2.583223152,6.580084085,0.7096631343,1.285245167
checkpoint_diagnostic_gpu_job_seconds_300,0.3310476955,0.2915055891,0.3663917416,2.581856036,6.575716019,0.7224531429,1.291476846
checkpoint_diagnostic_gpu_job_seconds_600,0.3310476955,0.2915055891,0.3663917416,2.581856036,6.575716019,0.7224531429,1.291476846
checkpoint_random_fitting_updates_12000,0.3320352358,0.2926918162,0.367445551,2.582532561,6.576674461,0.7167239053,1.29261927
checkpoint_random_fitting_updates_24000,0.3320352358,0.2926918162,0.367445551,2.582532561,6.576674461,0.7167239053,1.29261927
checkpoint_random_fitting_updates_36000,0.3320352358,0.2926918162,0.367445551,2.582532561,6.576674461,0.7167239053,1.29261927
checkpoint_random_gpu_job_seconds_120,0.3310476955,0.2915055891,0.3663917416,2.581856036,6.575716019,0.7224531429,1.291476846
checkpoint_random_gpu_job_seconds_300,0.3320352358,0.2926918162,0.367445551,2.582532561,6.576674461,0.7167239053,1.29261927
checkpoint_random_gpu_job_seconds_600,0.3320352358,0.2926918162,0.367445551,2.582532561,6.576674461,0.7167239053,1.29261927
fixed,0.3601575909,0.3298348471,0.3904283958,2.596608114,6.579529762,0.6574645957,1.316189097
random,0.3320352358,0.2926918162,0.367445551,2.582532561,6.576674461,0.7167239053,1.29261927
