run_id,d,family,budget,corruption,method,seed,x,sw1
benchmark-linear-d5-s11001-B100-fixed-c0.2-none,5,linear,100,0.2,fixed,11001,0.17800000000000002,0.2799157351255417
benchmark-linear-d5-s11002-B100-fixed-c0.2-none,5,linear,100,0.2,fixed,11002,0.17800000000000002,0.0755040347576141
benchmark-linear-d5-s11003-B100-fixed-c0.2-none,5,linear,100,0.2,fixed,11003,0.17800000000000002,0.0933418696125348
benchmark-linear-d5-s11004-B100-fixed-c0.2-none,5,linear,100,0.2,fixed,11004,0.17800000000000002,0.0664857079585393
benchmark-linear-d5-s11005-B100-fixed-c0.2-none,5,linear,100,0.2,fixed,11005,0.17800000000000002,0.0981924956043561
benchmark-linear-d5-s11001-B100-fixed-c0.5-none,5,linear,100,0.5,fixed,11001,0.478,0.4027353922526042
benchmark-linear-d5-s11002-B100-fixed-c0.5-none,5,linear,100,0.5,fixed,11002,0.478,0.3044820328553517
benchmark-linear-d5-s11003-B100-fixed-c0.5-none,5,linear,100,0.5,fixed,11003,0.478,0.4665527939796448
benchmark-linear-d5-s11004-B100-fixed-c0.5-none,5,linear,100,0.5,fixed,11004,0.478,0.246528555949529
benchmark-linear-d5-s11005-B100-fixed-c0.5-none,5,linear,100,0.5,fixed,11005,0.478,0.2076604167620341
benchmark-linear-d5-s11001-B100-random-c0.2-none,5,linear,100,0.2,random,11001,0.2,0.0799085895220438
benchmark-linear-d5-s11002-B100-random-c0.2-none,5,linear,100,0.2,random,11002,0.2,0.1172550916671752
benchmark-linear-d5-s11003-B100-random-c0.2-none,5,linear,100,0.2,random,11003,0.2,0.0933418696125348
benchmark-linear-d5-s11004-B100-random-c0.2-none,5,linear,100,0.2,random,11004,0.2,0.0652205695708592
benchmark-linear-d5-s11005-B100-random-c0.2-none,5,linear,100,0.2,random,11005,0.2,0.0981924956043561
benchmark-linear-d5-s11001-B100-random-c0.5-none,5,linear,100,0.5,random,11001,0.5,0.3929633498191833
benchmark-linear-d5-s11002-B100-random-c0.5-none,5,linear,100,0.5,random,11002,0.5,0.0731098751227061
benchmark-linear-d5-s11003-B100-random-c0.5-none,5,linear,100,0.5,random,11003,0.5,0.3267194926738739
benchmark-linear-d5-s11004-B100-random-c0.5-none,5,linear,100,0.5,random,11004,0.5,0.324314812819163
benchmark-linear-d5-s11005-B100-random-c0.5-none,5,linear,100,0.5,random,11005,0.5,0.1023739924033482
benchmark-linear-d5-s11001-B100-diagnostic-c0.2-none,5,linear,100,0.2,diagnostic,11001,0.222,0.1869382560253143
benchmark-linear-d5-s11002-B100-diagnostic-c0.2-none,5,linear,100,0.2,diagnostic,11002,0.222,0.1257361198465029
benchmark-linear-d5-s11003-B100-diagnostic-c0.2-none,5,linear,100,0.2,diagnostic,11003,0.222,0.0933418696125348
benchmark-linear-d5-s11004-B100-diagnostic-c0.2-none,5,linear,100,0.2,diagnostic,11004,0.222,0.0664857079585393
benchmark-linear-d5-s11005-B100-diagnostic-c0.2-none,5,linear,100,0.2,diagnostic,11005,0.222,0.0981924956043561
benchmark-linear-d5-s11001-B100-diagnostic-c0.5-none,5,linear,100,0.5,diagnostic,11001,0.522,0.1951435332496961
benchmark-linear-d5-s11002-B100-diagnostic-c0.5-none,5,linear,100,0.5,diagnostic,11002,0.522,0.1114738980929056
benchmark-linear-d5-s11003-B100-diagnostic-c0.5-none,5,linear,100,0.5,diagnostic,11003,0.522,0.088641233742237
benchmark-linear-d5-s11004-B100-diagnostic-c0.5-none,5,linear,100,0.5,diagnostic,11004,0.522,0.3015081733465194
benchmark-linear-d5-s11005-B100-diagnostic-c0.5-none,5,linear,100,0.5,diagnostic,11005,0.522,0.1023739924033482
benchmark-linear-d5-s11001-B400-fixed-c0.2-none,5,linear,400,0.2,fixed,11001,0.17800000000000002,0.2815396822988987
benchmark-linear-d5-s11002-B400-fixed-c0.2-none,5,linear,400,0.2,fixed,11002,0.17800000000000002,0.0580896983544031
benchmark-linear-d5-s11003-B400-fixed-c0.2-none,5,linear,400,0.2,fixed,11003,0.17800000000000002,0.102663516998291
benchmark-linear-d5-s11004-B400-fixed-c0.2-none,5,linear,400,0.2,fixed,11004,0.17800000000000002,0.0533968607584635
benchmark-linear-d5-s11005-B400-fixed-c0.2-none,5,linear,400,0.2,fixed,11005,0.17800000000000002,0.051761416097482
benchmark-linear-d5-s11001-B400-fixed-c0.5-none,5,linear,400,0.5,fixed,11001,0.478,0.4289158384005229
benchmark-linear-d5-s11002-B400-fixed-c0.5-none,5,linear,400,0.5,fixed,11002,0.478,0.2992978692054748
benchmark-linear-d5-s11003-B400-fixed-c0.5-none,5,linear,400,0.5,fixed,11003,0.478,0.4660980900128682
benchmark-linear-d5-s11004-B400-fixed-c0.5-none,5,linear,400,0.5,fixed,11004,0.478,0.233254740635554
benchmark-linear-d5-s11005-B400-fixed-c0.5-none,5,linear,400,0.5,fixed,11005,0.478,0.1673355003197988
benchmark-linear-d5-s11001-B400-random-c0.2-none,5,linear,400,0.2,random,11001,0.2,0.0487708759804566
benchmark-linear-d5-s11002-B400-random-c0.2-none,5,linear,400,0.2,random,11002,0.2,0.0738197142879168
benchmark-linear-d5-s11003-B400-random-c0.2-none,5,linear,400,0.2,random,11003,0.2,0.102663516998291
benchmark-linear-d5-s11004-B400-random-c0.2-none,5,linear,400,0.2,random,11004,0.2,0.0559092834591865
benchmark-linear-d5-s11005-B400-random-c0.2-none,5,linear,400,0.2,random,11005,0.2,0.051761416097482
benchmark-linear-d5-s11001-B400-random-c0.5-none,5,linear,400,0.5,random,11001,0.5,0.2281067570050557
benchmark-linear-d5-s11002-B400-random-c0.5-none,5,linear,400,0.5,random,11002,0.5,0.0437987099091211
benchmark-linear-d5-s11003-B400-random-c0.5-none,5,linear,400,0.5,random,11003,0.5,0.3675392021735509
benchmark-linear-d5-s11004-B400-random-c0.5-none,5,linear,400,0.5,random,11004,0.5,0.2834222316741943
benchmark-linear-d5-s11005-B400-random-c0.5-none,5,linear,400,0.5,random,11005,0.5,0.04655230914553
benchmark-linear-d5-s11001-B400-diagnostic-c0.2-none,5,linear,400,0.2,diagnostic,11001,0.222,0.0487708759804566
benchmark-linear-d5-s11002-B400-diagnostic-c0.2-none,5,linear,400,0.2,diagnostic,11002,0.222,0.0580896983544031
benchmark-linear-d5-s11003-B400-diagnostic-c0.2-none,5,linear,400,0.2,diagnostic,11003,0.222,0.0577913522720336
benchmark-linear-d5-s11004-B400-diagnostic-c0.2-none,5,linear,400,0.2,diagnostic,11004,0.222,0.0533968607584635
benchmark-linear-d5-s11005-B400-diagnostic-c0.2-none,5,linear,400,0.2,diagnostic,11005,0.222,0.051761416097482
benchmark-linear-d5-s11001-B400-diagnostic-c0.5-none,5,linear,400,0.5,diagnostic,11001,0.522,0.048902366310358
benchmark-linear-d5-s11002-B400-diagnostic-c0.5-none,5,linear,400,0.5,diagnostic,11002,0.522,0.0437987099091211
benchmark-linear-d5-s11003-B400-diagnostic-c0.5-none,5,linear,400,0.5,diagnostic,11003,0.522,0.1092700486381848
benchmark-linear-d5-s11004-B400-diagnostic-c0.5-none,5,linear,400,0.5,diagnostic,11004,0.522,0.2620628376801808
benchmark-linear-d5-s11005-B400-diagnostic-c0.5-none,5,linear,400,0.5,diagnostic,11005,0.522,0.04655230914553
benchmark-nonlinear-d5-s12001-B100-fixed-c0.2-none,5,nonlinear,100,0.2,fixed,12001,0.17800000000000002,0.1822355935970942
benchmark-nonlinear-d5-s12002-B100-fixed-c0.2-none,5,nonlinear,100,0.2,fixed,12002,0.17800000000000002,0.2498713135719299
benchmark-nonlinear-d5-s12003-B100-fixed-c0.2-none,5,nonlinear,100,0.2,fixed,12003,0.17800000000000002,0.314245380461216
benchmark-nonlinear-d5-s12004-B100-fixed-c0.2-none,5,nonlinear,100,0.2,fixed,12004,0.17800000000000002,0.0674145271380742
benchmark-nonlinear-d5-s12005-B100-fixed-c0.2-none,5,nonlinear,100,0.2,fixed,12005,0.17800000000000002,0.3670018315315246
benchmark-nonlinear-d5-s12001-B100-fixed-c0.5-none,5,nonlinear,100,0.5,fixed,12001,0.478,0.2405129174391428
benchmark-nonlinear-d5-s12002-B100-fixed-c0.5-none,5,nonlinear,100,0.5,fixed,12002,0.478,0.1293423349658648
benchmark-nonlinear-d5-s12003-B100-fixed-c0.5-none,5,nonlinear,100,0.5,fixed,12003,0.478,0.4108726431926091
benchmark-nonlinear-d5-s12004-B100-fixed-c0.5-none,5,nonlinear,100,0.5,fixed,12004,0.478,0.0804845591386159
benchmark-nonlinear-d5-s12005-B100-fixed-c0.5-none,5,nonlinear,100,0.5,fixed,12005,0.478,0.1812147845824559
benchmark-nonlinear-d5-s12001-B100-random-c0.2-none,5,nonlinear,100,0.2,random,12001,0.2,0.2866442004839579
benchmark-nonlinear-d5-s12002-B100-random-c0.2-none,5,nonlinear,100,0.2,random,12002,0.2,0.2513313790162404
benchmark-nonlinear-d5-s12003-B100-random-c0.2-none,5,nonlinear,100,0.2,random,12003,0.2,0.1211062769095103
benchmark-nonlinear-d5-s12004-B100-random-c0.2-none,5,nonlinear,100,0.2,random,12004,0.2,0.0674145271380742
benchmark-nonlinear-d5-s12005-B100-random-c0.2-none,5,nonlinear,100,0.2,random,12005,0.2,0.5117209305365881
benchmark-nonlinear-d5-s12001-B100-random-c0.5-none,5,nonlinear,100,0.5,random,12001,0.5,0.1941653937101364
benchmark-nonlinear-d5-s12002-B100-random-c0.5-none,5,nonlinear,100,0.5,random,12002,0.5,0.0893616639077663
benchmark-nonlinear-d5-s12003-B100-random-c0.5-none,5,nonlinear,100,0.5,random,12003,0.5,0.1670711090167363
benchmark-nonlinear-d5-s12004-B100-random-c0.5-none,5,nonlinear,100,0.5,random,12004,0.5,0.0804845591386159
benchmark-nonlinear-d5-s12005-B100-random-c0.5-none,5,nonlinear,100,0.5,random,12005,0.5,0.0781287079056104
benchmark-nonlinear-d5-s12001-B100-diagnostic-c0.2-none,5,nonlinear,100,0.2,diagnostic,12001,0.222,0.1125349476933479
benchmark-nonlinear-d5-s12002-B100-diagnostic-c0.2-none,5,nonlinear,100,0.2,diagnostic,12002,0.222,0.0979859294990698
benchmark-nonlinear-d5-s12003-B100-diagnostic-c0.2-none,5,nonlinear,100,0.2,diagnostic,12003,0.222,0.1292341450850168
benchmark-nonlinear-d5-s12004-B100-diagnostic-c0.2-none,5,nonlinear,100,0.2,diagnostic,12004,0.222,0.0736164475480715
benchmark-nonlinear-d5-s12005-B100-diagnostic-c0.2-none,5,nonlinear,100,0.2,diagnostic,12005,0.222,0.0834869022170702
benchmark-nonlinear-d5-s12001-B100-diagnostic-c0.5-none,5,nonlinear,100,0.5,diagnostic,12001,0.522,0.1941653937101364
benchmark-nonlinear-d5-s12002-B100-diagnostic-c0.5-none,5,nonlinear,100,0.5,diagnostic,12002,0.522,0.0950973878304163
benchmark-nonlinear-d5-s12003-B100-diagnostic-c0.5-none,5,nonlinear,100,0.5,diagnostic,12003,0.522,0.152924026052157
benchmark-nonlinear-d5-s12004-B100-diagnostic-c0.5-none,5,nonlinear,100,0.5,diagnostic,12004,0.522,0.0736164475480715
benchmark-nonlinear-d5-s12005-B100-diagnostic-c0.5-none,5,nonlinear,100,0.5,diagnostic,12005,0.522,0.0834869022170702
benchmark-nonlinear-d5-s12001-B400-fixed-c0.2-none,5,nonlinear,400,0.2,fixed,12001,0.17800000000000002,0.1892791936794916
benchmark-nonlinear-d5-s12002-B400-fixed-c0.2-none,5,nonlinear,400,0.2,fixed,12002,0.17800000000000002,0.2400721659262975
benchmark-nonlinear-d5-s12003-B400-fixed-c0.2-none,5,nonlinear,400,0.2,fixed,12003,0.17800000000000002,0.3582236965497334
benchmark-nonlinear-d5-s12004-B400-fixed-c0.2-none,5,nonlinear,400,0.2,fixed,12004,0.17800000000000002,0.1026072899500529
benchmark-nonlinear-d5-s12005-B400-fixed-c0.2-none,5,nonlinear,400,0.2,fixed,12005,0.17800000000000002,0.3608563194672267
benchmark-nonlinear-d5-s12001-B400-fixed-c0.5-none,5,nonlinear,400,0.5,fixed,12001,0.478,0.2276506821314493
benchmark-nonlinear-d5-s12002-B400-fixed-c0.5-none,5,nonlinear,400,0.5,fixed,12002,0.478,0.0996608585119247
benchmark-nonlinear-d5-s12003-B400-fixed-c0.5-none,5,nonlinear,400,0.5,fixed,12003,0.478,0.3798483163118362
benchmark-nonlinear-d5-s12004-B400-fixed-c0.5-none,5,nonlinear,400,0.5,fixed,12004,0.478,0.097142939766248
benchmark-nonlinear-d5-s12005-B400-fixed-c0.5-none,5,nonlinear,400,0.5,fixed,12005,0.478,0.1714632262786229
benchmark-nonlinear-d5-s12001-B400-random-c0.2-none,5,nonlinear,400,0.2,random,12001,0.2,0.0663709255556265
benchmark-nonlinear-d5-s12002-B400-random-c0.2-none,5,nonlinear,400,0.2,random,12002,0.2,0.0554341599345207
benchmark-nonlinear-d5-s12003-B400-random-c0.2-none,5,nonlinear,400,0.2,random,12003,0.2,0.3529730439186096
benchmark-nonlinear-d5-s12004-B400-random-c0.2-none,5,nonlinear,400,0.2,random,12004,0.2,0.0625603434940179
benchmark-nonlinear-d5-s12005-B400-random-c0.2-none,5,nonlinear,400,0.2,random,12005,0.2,0.3930846303701401
benchmark-nonlinear-d5-s12001-B400-random-c0.5-none,5,nonlinear,400,0.5,random,12001,0.5,0.1844548235336939
benchmark-nonlinear-d5-s12002-B400-random-c0.5-none,5,nonlinear,400,0.5,random,12002,0.5,0.0543576292693614
benchmark-nonlinear-d5-s12003-B400-random-c0.5-none,5,nonlinear,400,0.5,random,12003,0.5,0.1380374431610107
benchmark-nonlinear-d5-s12004-B400-random-c0.5-none,5,nonlinear,400,0.5,random,12004,0.5,0.097142939766248
benchmark-nonlinear-d5-s12005-B400-random-c0.5-none,5,nonlinear,400,0.5,random,12005,0.5,0.0591898411512374
benchmark-nonlinear-d5-s12001-B400-diagnostic-c0.2-none,5,nonlinear,400,0.2,diagnostic,12001,0.222,0.1143706267078717
benchmark-nonlinear-d5-s12002-B400-diagnostic-c0.2-none,5,nonlinear,400,0.2,diagnostic,12002,0.222,0.0554341599345207
benchmark-nonlinear-d5-s12003-B400-diagnostic-c0.2-none,5,nonlinear,400,0.2,diagnostic,12003,0.222,0.0649344722429911
benchmark-nonlinear-d5-s12004-B400-diagnostic-c0.2-none,5,nonlinear,400,0.2,diagnostic,12004,0.222,0.0625603434940179
benchmark-nonlinear-d5-s12005-B400-diagnostic-c0.2-none,5,nonlinear,400,0.2,diagnostic,12005,0.222,0.0568556090195973
benchmark-nonlinear-d5-s12001-B400-diagnostic-c0.5-none,5,nonlinear,400,0.5,diagnostic,12001,0.522,0.1148337225119272
benchmark-nonlinear-d5-s12002-B400-diagnostic-c0.5-none,5,nonlinear,400,0.5,diagnostic,12002,0.522,0.0543576292693614
benchmark-nonlinear-d5-s12003-B400-diagnostic-c0.5-none,5,nonlinear,400,0.5,diagnostic,12003,0.522,0.1142611404259999
benchmark-nonlinear-d5-s12004-B400-diagnostic-c0.5-none,5,nonlinear,400,0.5,diagnostic,12004,0.522,0.0625603434940179
benchmark-nonlinear-d5-s12005-B400-diagnostic-c0.5-none,5,nonlinear,400,0.5,diagnostic,12005,0.522,0.0568556090195973
benchmark-heteroscedastic-d5-s13001-B100-fixed-c0.2-none,5,heteroscedastic,100,0.2,fixed,13001,0.17800000000000002,0.1228770762681961
benchmark-heteroscedastic-d5-s13002-B100-fixed-c0.2-none,5,heteroscedastic,100,0.2,fixed,13002,0.17800000000000002,0.0869177281856536
benchmark-heteroscedastic-d5-s13003-B100-fixed-c0.2-none,5,heteroscedastic,100,0.2,fixed,13003,0.17800000000000002,0.0910263483723004
benchmark-heteroscedastic-d5-s13004-B100-fixed-c0.2-none,5,heteroscedastic,100,0.2,fixed,13004,0.17800000000000002,0.0949874271949132
benchmark-heteroscedastic-d5-s13005-B100-fixed-c0.2-none,5,heteroscedastic,100,0.2,fixed,13005,0.17800000000000002,0.0769439091285069
benchmark-heteroscedastic-d5-s13001-B100-fixed-c0.5-none,5,heteroscedastic,100,0.5,fixed,13001,0.478,0.2150790989398956
benchmark-heteroscedastic-d5-s13002-B100-fixed-c0.5-none,5,heteroscedastic,100,0.5,fixed,13002,0.478,0.0976817334691683
benchmark-heteroscedastic-d5-s13003-B100-fixed-c0.5-none,5,heteroscedastic,100,0.5,fixed,13003,0.478,0.2037013719479243
benchmark-heteroscedastic-d5-s13004-B100-fixed-c0.5-none,5,heteroscedastic,100,0.5,fixed,13004,0.478,0.2431195825338363
benchmark-heteroscedastic-d5-s13005-B100-fixed-c0.5-none,5,heteroscedastic,100,0.5,fixed,13005,0.478,0.2789763708909352
benchmark-heteroscedastic-d5-s13001-B100-random-c0.2-none,5,heteroscedastic,100,0.2,random,13001,0.2,0.0953687330087025
benchmark-heteroscedastic-d5-s13002-B100-random-c0.2-none,5,heteroscedastic,100,0.2,random,13002,0.2,0.0869177281856536
benchmark-heteroscedastic-d5-s13003-B100-random-c0.2-none,5,heteroscedastic,100,0.2,random,13003,0.2,0.1272645642360051
benchmark-heteroscedastic-d5-s13004-B100-random-c0.2-none,5,heteroscedastic,100,0.2,random,13004,0.2,0.0704043582081794
benchmark-heteroscedastic-d5-s13005-B100-random-c0.2-none,5,heteroscedastic,100,0.2,random,13005,0.2,0.088119866947333
benchmark-heteroscedastic-d5-s13001-B100-random-c0.5-none,5,heteroscedastic,100,0.5,random,13001,0.5,0.0951827441652615
benchmark-heteroscedastic-d5-s13002-B100-random-c0.5-none,5,heteroscedastic,100,0.5,random,13002,0.5,0.0895457218090693
benchmark-heteroscedastic-d5-s13003-B100-random-c0.5-none,5,heteroscedastic,100,0.5,random,13003,0.5,0.1669502208630243
benchmark-heteroscedastic-d5-s13004-B100-random-c0.5-none,5,heteroscedastic,100,0.5,random,13004,0.5,0.0704043582081794
benchmark-heteroscedastic-d5-s13005-B100-random-c0.5-none,5,heteroscedastic,100,0.5,random,13005,0.5,0.2789763708909352
benchmark-heteroscedastic-d5-s13001-B100-diagnostic-c0.2-none,5,heteroscedastic,100,0.2,diagnostic,13001,0.222,0.1279757680992285
benchmark-heteroscedastic-d5-s13002-B100-diagnostic-c0.2-none,5,heteroscedastic,100,0.2,diagnostic,13002,0.222,0.0869177281856536
benchmark-heteroscedastic-d5-s13003-B100-diagnostic-c0.2-none,5,heteroscedastic,100,0.2,diagnostic,13003,0.222,0.0854269464810689
benchmark-heteroscedastic-d5-s13004-B100-diagnostic-c0.2-none,5,heteroscedastic,100,0.2,diagnostic,13004,0.222,0.0693469469745953
benchmark-heteroscedastic-d5-s13005-B100-diagnostic-c0.2-none,5,heteroscedastic,100,0.2,diagnostic,13005,0.222,0.0774541720747947
benchmark-heteroscedastic-d5-s13001-B100-diagnostic-c0.5-none,5,heteroscedastic,100,0.5,diagnostic,13001,0.522,0.0951827441652615
benchmark-heteroscedastic-d5-s13002-B100-diagnostic-c0.5-none,5,heteroscedastic,100,0.5,diagnostic,13002,0.522,0.0976817334691683
benchmark-heteroscedastic-d5-s13003-B100-diagnostic-c0.5-none,5,heteroscedastic,100,0.5,diagnostic,13003,0.522,0.0984080781539281
benchmark-heteroscedastic-d5-s13004-B100-diagnostic-c0.5-none,5,heteroscedastic,100,0.5,diagnostic,13004,0.522,0.0693469469745953
benchmark-heteroscedastic-d5-s13005-B100-diagnostic-c0.5-none,5,heteroscedastic,100,0.5,diagnostic,13005,0.522,0.0787728130817413
benchmark-heteroscedastic-d5-s13001-B400-fixed-c0.2-none,5,heteroscedastic,400,0.2,fixed,13001,0.17800000000000002,0.0840037589271863
benchmark-heteroscedastic-d5-s13002-B400-fixed-c0.2-none,5,heteroscedastic,400,0.2,fixed,13002,0.17800000000000002,0.0751792838176091
benchmark-heteroscedastic-d5-s13003-B400-fixed-c0.2-none,5,heteroscedastic,400,0.2,fixed,13003,0.17800000000000002,0.0880072017510732
benchmark-heteroscedastic-d5-s13004-B400-fixed-c0.2-none,5,heteroscedastic,400,0.2,fixed,13004,0.17800000000000002,0.1029115319252014
benchmark-heteroscedastic-d5-s13005-B400-fixed-c0.2-none,5,heteroscedastic,400,0.2,fixed,13005,0.17800000000000002,0.0668634002407391
benchmark-heteroscedastic-d5-s13001-B400-fixed-c0.5-none,5,heteroscedastic,400,0.5,fixed,13001,0.478,0.2166699295242627
benchmark-heteroscedastic-d5-s13002-B400-fixed-c0.5-none,5,heteroscedastic,400,0.5,fixed,13002,0.478,0.0801777665813763
benchmark-heteroscedastic-d5-s13003-B400-fixed-c0.5-none,5,heteroscedastic,400,0.5,fixed,13003,0.478,0.2001065214474996
benchmark-heteroscedastic-d5-s13004-B400-fixed-c0.5-none,5,heteroscedastic,400,0.5,fixed,13004,0.478,0.2377475102742513
benchmark-heteroscedastic-d5-s13005-B400-fixed-c0.5-none,5,heteroscedastic,400,0.5,fixed,13005,0.478,0.2687305361032486
benchmark-heteroscedastic-d5-s13001-B400-random-c0.2-none,5,heteroscedastic,400,0.2,random,13001,0.2,0.0840037589271863
benchmark-heteroscedastic-d5-s13002-B400-random-c0.2-none,5,heteroscedastic,400,0.2,random,13002,0.2,0.0751792838176091
benchmark-heteroscedastic-d5-s13003-B400-random-c0.2-none,5,heteroscedastic,400,0.2,random,13003,0.2,0.1004943400621414
benchmark-heteroscedastic-d5-s13004-B400-random-c0.2-none,5,heteroscedastic,400,0.2,random,13004,0.2,0.1503738363583882
benchmark-heteroscedastic-d5-s13005-B400-random-c0.2-none,5,heteroscedastic,400,0.2,random,13005,0.2,0.0639824147025744
benchmark-heteroscedastic-d5-s13001-B400-random-c0.5-none,5,heteroscedastic,400,0.5,random,13001,0.5,0.0654510073363781
benchmark-heteroscedastic-d5-s13002-B400-random-c0.5-none,5,heteroscedastic,400,0.5,random,13002,0.5,0.0749592880407969
benchmark-heteroscedastic-d5-s13003-B400-random-c0.5-none,5,heteroscedastic,400,0.5,random,13003,0.5,0.1262440184752146
benchmark-heteroscedastic-d5-s13004-B400-random-c0.5-none,5,heteroscedastic,400,0.5,random,13004,0.5,0.0929863775769869
benchmark-heteroscedastic-d5-s13005-B400-random-c0.5-none,5,heteroscedastic,400,0.5,random,13005,0.5,0.2687305361032486
benchmark-heteroscedastic-d5-s13001-B400-diagnostic-c0.2-none,5,heteroscedastic,400,0.2,diagnostic,13001,0.222,0.0840037589271863
benchmark-heteroscedastic-d5-s13002-B400-diagnostic-c0.2-none,5,heteroscedastic,400,0.2,diagnostic,13002,0.222,0.0751792838176091
benchmark-heteroscedastic-d5-s13003-B400-diagnostic-c0.2-none,5,heteroscedastic,400,0.2,diagnostic,13003,0.222,0.1004943400621414
benchmark-heteroscedastic-d5-s13004-B400-diagnostic-c0.2-none,5,heteroscedastic,400,0.2,diagnostic,13004,0.222,0.0929863775769869
benchmark-heteroscedastic-d5-s13005-B400-diagnostic-c0.2-none,5,heteroscedastic,400,0.2,diagnostic,13005,0.222,0.0668634002407391
benchmark-heteroscedastic-d5-s13001-B400-diagnostic-c0.5-none,5,heteroscedastic,400,0.5,diagnostic,13001,0.522,0.0654510073363781
benchmark-heteroscedastic-d5-s13002-B400-diagnostic-c0.5-none,5,heteroscedastic,400,0.5,diagnostic,13002,0.522,0.0749592880407969
benchmark-heteroscedastic-d5-s13003-B400-diagnostic-c0.5-none,5,heteroscedastic,400,0.5,diagnostic,13003,0.522,0.1174457420905431
benchmark-heteroscedastic-d5-s13004-B400-diagnostic-c0.5-none,5,heteroscedastic,400,0.5,diagnostic,13004,0.522,0.0929863775769869
benchmark-heteroscedastic-d5-s13005-B400-diagnostic-c0.5-none,5,heteroscedastic,400,0.5,diagnostic,13005,0.522,0.0639824147025744
benchmark-linear-d10-s11501-B100-fixed-c0.2-none,10,linear,100,0.2,fixed,11501,0.17800000000000002,0.1916698018709818
benchmark-linear-d10-s11502-B100-fixed-c0.2-none,10,linear,100,0.2,fixed,11502,0.17800000000000002,0.0573897206534942
benchmark-linear-d10-s11503-B100-fixed-c0.2-none,10,linear,100,0.2,fixed,11503,0.17800000000000002,0.1686330375572045
benchmark-linear-d10-s11504-B100-fixed-c0.2-none,10,linear,100,0.2,fixed,11504,0.17800000000000002,0.1241545627514521
benchmark-linear-d10-s11505-B100-fixed-c0.2-none,10,linear,100,0.2,fixed,11505,0.17800000000000002,0.1417640236516793
benchmark-linear-d10-s11501-B100-fixed-c0.5-none,10,linear,100,0.5,fixed,11501,0.478,0.171031321088473
benchmark-linear-d10-s11502-B100-fixed-c0.5-none,10,linear,100,0.5,fixed,11502,0.478,0.1610129947463671
benchmark-linear-d10-s11503-B100-fixed-c0.5-none,10,linear,100,0.5,fixed,11503,0.478,0.2215299854675928
benchmark-linear-d10-s11504-B100-fixed-c0.5-none,10,linear,100,0.5,fixed,11504,0.478,0.2287750393152237
benchmark-linear-d10-s11505-B100-fixed-c0.5-none,10,linear,100,0.5,fixed,11505,0.478,0.2167206729451815
benchmark-linear-d10-s11501-B100-random-c0.2-none,10,linear,100,0.2,random,11501,0.2,0.1916698018709818
benchmark-linear-d10-s11502-B100-random-c0.2-none,10,linear,100,0.2,random,11502,0.2,0.0598807701220115
benchmark-linear-d10-s11503-B100-random-c0.2-none,10,linear,100,0.2,random,11503,0.2,0.1686330375572045
benchmark-linear-d10-s11504-B100-random-c0.2-none,10,linear,100,0.2,random,11504,0.2,0.1241545627514521
benchmark-linear-d10-s11505-B100-random-c0.2-none,10,linear,100,0.2,random,11505,0.2,0.1415915116667747
benchmark-linear-d10-s11501-B100-random-c0.5-none,10,linear,100,0.5,random,11501,0.5,0.1580938808619976
benchmark-linear-d10-s11502-B100-random-c0.5-none,10,linear,100,0.5,random,11502,0.5,0.1610129947463671
benchmark-linear-d10-s11503-B100-random-c0.5-none,10,linear,100,0.5,random,11503,0.5,0.2049555455644925
benchmark-linear-d10-s11504-B100-random-c0.5-none,10,linear,100,0.5,random,11504,0.5,0.2480985559523105
benchmark-linear-d10-s11505-B100-random-c0.5-none,10,linear,100,0.5,random,11505,0.5,0.2167206729451815
benchmark-linear-d10-s11501-B100-diagnostic-c0.2-none,10,linear,100,0.2,diagnostic,11501,0.222,0.0806220782299836
benchmark-linear-d10-s11502-B100-diagnostic-c0.2-none,10,linear,100,0.2,diagnostic,11502,0.222,0.0598807701220115
benchmark-linear-d10-s11503-B100-diagnostic-c0.2-none,10,linear,100,0.2,diagnostic,11503,0.222,0.1189399895568688
benchmark-linear-d10-s11504-B100-diagnostic-c0.2-none,10,linear,100,0.2,diagnostic,11504,0.222,0.1241545627514521
benchmark-linear-d10-s11505-B100-diagnostic-c0.2-none,10,linear,100,0.2,diagnostic,11505,0.222,0.1455454938113689
benchmark-linear-d10-s11501-B100-diagnostic-c0.5-none,10,linear,100,0.5,diagnostic,11501,0.522,0.1593883757789929
benchmark-linear-d10-s11502-B100-diagnostic-c0.5-none,10,linear,100,0.5,diagnostic,11502,0.522,0.0604388502736886
benchmark-linear-d10-s11503-B100-diagnostic-c0.5-none,10,linear,100,0.5,diagnostic,11503,0.522,0.1283684372901916
benchmark-linear-d10-s11504-B100-diagnostic-c0.5-none,10,linear,100,0.5,diagnostic,11504,0.522,0.1239474887649218
benchmark-linear-d10-s11505-B100-diagnostic-c0.5-none,10,linear,100,0.5,diagnostic,11505,0.522,0.0910170997182528
benchmark-linear-d10-s11501-B400-fixed-c0.2-none,10,linear,400,0.2,fixed,11501,0.17800000000000002,0.1885142525037129
benchmark-linear-d10-s11502-B400-fixed-c0.2-none,10,linear,400,0.2,fixed,11502,0.17800000000000002,0.052537428215146
benchmark-linear-d10-s11503-B400-fixed-c0.2-none,10,linear,400,0.2,fixed,11503,0.17800000000000002,0.1614984975506862
benchmark-linear-d10-s11504-B400-fixed-c0.2-none,10,linear,400,0.2,fixed,11504,0.17800000000000002,0.1234473399817943
benchmark-linear-d10-s11505-B400-fixed-c0.2-none,10,linear,400,0.2,fixed,11505,0.17800000000000002,0.1350105628371238
benchmark-linear-d10-s11501-B400-fixed-c0.5-none,10,linear,400,0.5,fixed,11501,0.478,0.1568653645614783
benchmark-linear-d10-s11502-B400-fixed-c0.5-none,10,linear,400,0.5,fixed,11502,0.478,0.1535816732794046
benchmark-linear-d10-s11503-B400-fixed-c0.5-none,10,linear,400,0.5,fixed,11503,0.478,0.2289883159101009
benchmark-linear-d10-s11504-B400-fixed-c0.5-none,10,linear,400,0.5,fixed,11504,0.478,0.2339840879042943
benchmark-linear-d10-s11505-B400-fixed-c0.5-none,10,linear,400,0.5,fixed,11505,0.478,0.2049852510293325
benchmark-linear-d10-s11501-B400-random-c0.2-none,10,linear,400,0.2,random,11501,0.2,0.1885142525037129
benchmark-linear-d10-s11502-B400-random-c0.2-none,10,linear,400,0.2,random,11502,0.2,0.052537428215146
benchmark-linear-d10-s11503-B400-random-c0.2-none,10,linear,400,0.2,random,11503,0.2,0.1614984975506862
benchmark-linear-d10-s11504-B400-random-c0.2-none,10,linear,400,0.2,random,11504,0.2,0.1234473399817943
benchmark-linear-d10-s11505-B400-random-c0.2-none,10,linear,400,0.2,random,11505,0.2,0.1350105628371238
benchmark-linear-d10-s11501-B400-random-c0.5-none,10,linear,400,0.5,random,11501,0.5,0.1460201777517795
benchmark-linear-d10-s11502-B400-random-c0.5-none,10,linear,400,0.5,random,11502,0.5,0.1682579219341278
benchmark-linear-d10-s11503-B400-random-c0.5-none,10,linear,400,0.5,random,11503,0.5,0.1693995433549086
benchmark-linear-d10-s11504-B400-random-c0.5-none,10,linear,400,0.5,random,11504,0.5,0.1301998794078827
benchmark-linear-d10-s11505-B400-random-c0.5-none,10,linear,400,0.5,random,11505,0.5,0.1984281366070111
benchmark-linear-d10-s11501-B400-diagnostic-c0.2-none,10,linear,400,0.2,diagnostic,11501,0.222,0.0572809701164563
benchmark-linear-d10-s11502-B400-diagnostic-c0.2-none,10,linear,400,0.2,diagnostic,11502,0.222,0.052537428215146
benchmark-linear-d10-s11503-B400-diagnostic-c0.2-none,10,linear,400,0.2,diagnostic,11503,0.222,0.0710035655647516
benchmark-linear-d10-s11504-B400-diagnostic-c0.2-none,10,linear,400,0.2,diagnostic,11504,0.222,0.1060130583743254
benchmark-linear-d10-s11505-B400-diagnostic-c0.2-none,10,linear,400,0.2,diagnostic,11505,0.222,0.05605292879045
benchmark-linear-d10-s11501-B400-diagnostic-c0.5-none,10,linear,400,0.5,diagnostic,11501,0.522,0.1552101771036783
benchmark-linear-d10-s11502-B400-diagnostic-c0.5-none,10,linear,400,0.5,diagnostic,11502,0.522,0.0516310247282187
benchmark-linear-d10-s11503-B400-diagnostic-c0.5-none,10,linear,400,0.5,diagnostic,11503,0.522,0.1049692599723736
benchmark-linear-d10-s11504-B400-diagnostic-c0.5-none,10,linear,400,0.5,diagnostic,11504,0.522,0.1691181063652038
benchmark-linear-d10-s11505-B400-diagnostic-c0.5-none,10,linear,400,0.5,diagnostic,11505,0.522,0.1142543318370978
benchmark-nonlinear-d10-s12501-B100-fixed-c0.2-none,10,nonlinear,100,0.2,fixed,12501,0.17800000000000002,0.151511937379837
benchmark-nonlinear-d10-s12502-B100-fixed-c0.2-none,10,nonlinear,100,0.2,fixed,12502,0.17800000000000002,0.0878788704673449
benchmark-nonlinear-d10-s12503-B100-fixed-c0.2-none,10,nonlinear,100,0.2,fixed,12503,0.17800000000000002,0.1972807248433431
benchmark-nonlinear-d10-s12504-B100-fixed-c0.2-none,10,nonlinear,100,0.2,fixed,12504,0.17800000000000002,0.1266660429537296
benchmark-nonlinear-d10-s12505-B100-fixed-c0.2-none,10,nonlinear,100,0.2,fixed,12505,0.17800000000000002,0.1851599713166555
benchmark-nonlinear-d10-s12501-B100-fixed-c0.5-none,10,nonlinear,100,0.5,fixed,12501,0.478,0.1957101436952749
benchmark-nonlinear-d10-s12502-B100-fixed-c0.5-none,10,nonlinear,100,0.5,fixed,12502,0.478,0.1326412434379259
benchmark-nonlinear-d10-s12503-B100-fixed-c0.5-none,10,nonlinear,100,0.5,fixed,12503,0.478,0.2378459398945172
benchmark-nonlinear-d10-s12504-B100-fixed-c0.5-none,10,nonlinear,100,0.5,fixed,12504,0.478,0.1632515316208203
benchmark-nonlinear-d10-s12505-B100-fixed-c0.5-none,10,nonlinear,100,0.5,fixed,12505,0.478,0.1519169211387634
benchmark-nonlinear-d10-s12501-B100-random-c0.2-none,10,nonlinear,100,0.2,random,12501,0.2,0.151511937379837
benchmark-nonlinear-d10-s12502-B100-random-c0.2-none,10,nonlinear,100,0.2,random,12502,0.2,0.0878788704673449
benchmark-nonlinear-d10-s12503-B100-random-c0.2-none,10,nonlinear,100,0.2,random,12503,0.2,0.1972807248433431
benchmark-nonlinear-d10-s12504-B100-random-c0.2-none,10,nonlinear,100,0.2,random,12504,0.2,0.1266660429537296
benchmark-nonlinear-d10-s12505-B100-random-c0.2-none,10,nonlinear,100,0.2,random,12505,0.2,0.1875440900524457
benchmark-nonlinear-d10-s12501-B100-random-c0.5-none,10,nonlinear,100,0.5,random,12501,0.5,0.1348599580427011
benchmark-nonlinear-d10-s12502-B100-random-c0.5-none,10,nonlinear,100,0.5,random,12502,0.5,0.1326412434379259
benchmark-nonlinear-d10-s12503-B100-random-c0.5-none,10,nonlinear,100,0.5,random,12503,0.5,0.2378459398945172
benchmark-nonlinear-d10-s12504-B100-random-c0.5-none,10,nonlinear,100,0.5,random,12504,0.5,0.1486230865120887
benchmark-nonlinear-d10-s12505-B100-random-c0.5-none,10,nonlinear,100,0.5,random,12505,0.5,0.1519169211387634
benchmark-nonlinear-d10-s12501-B100-diagnostic-c0.2-none,10,nonlinear,100,0.2,diagnostic,12501,0.222,0.0741663457204898
benchmark-nonlinear-d10-s12502-B100-diagnostic-c0.2-none,10,nonlinear,100,0.2,diagnostic,12502,0.222,0.0899527408182621
benchmark-nonlinear-d10-s12503-B100-diagnostic-c0.2-none,10,nonlinear,100,0.2,diagnostic,12503,0.222,0.0623730942606925
benchmark-nonlinear-d10-s12504-B100-diagnostic-c0.2-none,10,nonlinear,100,0.2,diagnostic,12504,0.222,0.1266660429537296
benchmark-nonlinear-d10-s12505-B100-diagnostic-c0.2-none,10,nonlinear,100,0.2,diagnostic,12505,0.222,0.1704726728300253
benchmark-nonlinear-d10-s12501-B100-diagnostic-c0.5-none,10,nonlinear,100,0.5,diagnostic,12501,0.522,0.1348599580427011
benchmark-nonlinear-d10-s12502-B100-diagnostic-c0.5-none,10,nonlinear,100,0.5,diagnostic,12502,0.522,0.1436774904529253
benchmark-nonlinear-d10-s12503-B100-diagnostic-c0.5-none,10,nonlinear,100,0.5,diagnostic,12503,0.522,0.1258536664148171
benchmark-nonlinear-d10-s12504-B100-diagnostic-c0.5-none,10,nonlinear,100,0.5,diagnostic,12504,0.522,0.1325825241704782
benchmark-nonlinear-d10-s12505-B100-diagnostic-c0.5-none,10,nonlinear,100,0.5,diagnostic,12505,0.522,0.1623203170796235
benchmark-nonlinear-d10-s12501-B400-fixed-c0.2-none,10,nonlinear,400,0.2,fixed,12501,0.17800000000000002,0.1693783774971962
benchmark-nonlinear-d10-s12502-B400-fixed-c0.2-none,10,nonlinear,400,0.2,fixed,12502,0.17800000000000002,0.0634505984683831
benchmark-nonlinear-d10-s12503-B400-fixed-c0.2-none,10,nonlinear,400,0.2,fixed,12503,0.17800000000000002,0.2059977129101753
benchmark-nonlinear-d10-s12504-B400-fixed-c0.2-none,10,nonlinear,400,0.2,fixed,12504,0.17800000000000002,0.1119562784830729
benchmark-nonlinear-d10-s12505-B400-fixed-c0.2-none,10,nonlinear,400,0.2,fixed,12505,0.17800000000000002,0.1548761799931526
benchmark-nonlinear-d10-s12501-B400-fixed-c0.5-none,10,nonlinear,400,0.5,fixed,12501,0.478,0.2060034250219663
benchmark-nonlinear-d10-s12502-B400-fixed-c0.5-none,10,nonlinear,400,0.5,fixed,12502,0.478,0.1141354752083619
benchmark-nonlinear-d10-s12503-B400-fixed-c0.5-none,10,nonlinear,400,0.5,fixed,12503,0.478,0.2300141317149003
benchmark-nonlinear-d10-s12504-B400-fixed-c0.5-none,10,nonlinear,400,0.5,fixed,12504,0.478,0.1427139602601528
benchmark-nonlinear-d10-s12505-B400-fixed-c0.5-none,10,nonlinear,400,0.5,fixed,12505,0.478,0.1497662054995695
benchmark-nonlinear-d10-s12501-B400-random-c0.2-none,10,nonlinear,400,0.2,random,12501,0.2,0.1693783774971962
benchmark-nonlinear-d10-s12502-B400-random-c0.2-none,10,nonlinear,400,0.2,random,12502,0.2,0.0634505984683831
benchmark-nonlinear-d10-s12503-B400-random-c0.2-none,10,nonlinear,400,0.2,random,12503,0.2,0.2059977129101753
benchmark-nonlinear-d10-s12504-B400-random-c0.2-none,10,nonlinear,400,0.2,random,12504,0.2,0.0613266807049512
benchmark-nonlinear-d10-s12505-B400-random-c0.2-none,10,nonlinear,400,0.2,random,12505,0.2,0.1304988612731298
benchmark-nonlinear-d10-s12501-B400-random-c0.5-none,10,nonlinear,400,0.5,random,12501,0.5,0.1293791582187017
benchmark-nonlinear-d10-s12502-B400-random-c0.5-none,10,nonlinear,400,0.5,random,12502,0.5,0.1141354752083619
benchmark-nonlinear-d10-s12503-B400-random-c0.5-none,10,nonlinear,400,0.5,random,12503,0.5,0.2300141317149003
benchmark-nonlinear-d10-s12504-B400-random-c0.5-none,10,nonlinear,400,0.5,random,12504,0.5,0.1222717364629109
benchmark-nonlinear-d10-s12505-B400-random-c0.5-none,10,nonlinear,400,0.5,random,12505,0.5,0.1497662054995695
benchmark-nonlinear-d10-s12501-B400-diagnostic-c0.2-none,10,nonlinear,400,0.2,diagnostic,12501,0.222,0.0569995815555254
benchmark-nonlinear-d10-s12502-B400-diagnostic-c0.2-none,10,nonlinear,400,0.2,diagnostic,12502,0.222,0.0634505984683831
benchmark-nonlinear-d10-s12503-B400-diagnostic-c0.2-none,10,nonlinear,400,0.2,diagnostic,12503,0.222,0.049978332594037
benchmark-nonlinear-d10-s12504-B400-diagnostic-c0.2-none,10,nonlinear,400,0.2,diagnostic,12504,0.222,0.0619798519959052
benchmark-nonlinear-d10-s12505-B400-diagnostic-c0.2-none,10,nonlinear,400,0.2,diagnostic,12505,0.222,0.1138313114643096
benchmark-nonlinear-d10-s12501-B400-diagnostic-c0.5-none,10,nonlinear,400,0.5,diagnostic,12501,0.522,0.1225931420922279
benchmark-nonlinear-d10-s12502-B400-diagnostic-c0.5-none,10,nonlinear,400,0.5,diagnostic,12502,0.522,0.1141354752083619
benchmark-nonlinear-d10-s12503-B400-diagnostic-c0.5-none,10,nonlinear,400,0.5,diagnostic,12503,0.522,0.1194361311693986
benchmark-nonlinear-d10-s12504-B400-diagnostic-c0.5-none,10,nonlinear,400,0.5,diagnostic,12504,0.522,0.0687983470658461
benchmark-nonlinear-d10-s12505-B400-diagnostic-c0.5-none,10,nonlinear,400,0.5,diagnostic,12505,0.522,0.1286025842030843
benchmark-heteroscedastic-d10-s13501-B100-fixed-c0.2-none,10,heteroscedastic,100,0.2,fixed,13501,0.17800000000000002,0.0769641262789567
benchmark-heteroscedastic-d10-s13502-B100-fixed-c0.2-none,10,heteroscedastic,100,0.2,fixed,13502,0.17800000000000002,0.1841992909709612
benchmark-heteroscedastic-d10-s13503-B100-fixed-c0.2-none,10,heteroscedastic,100,0.2,fixed,13503,0.17800000000000002,0.1163782998919487
benchmark-heteroscedastic-d10-s13504-B100-fixed-c0.2-none,10,heteroscedastic,100,0.2,fixed,13504,0.17800000000000002,0.1431296380857626
benchmark-heteroscedastic-d10-s13505-B100-fixed-c0.2-none,10,heteroscedastic,100,0.2,fixed,13505,0.17800000000000002,0.1871225734551747
benchmark-heteroscedastic-d10-s13501-B100-fixed-c0.5-none,10,heteroscedastic,100,0.5,fixed,13501,0.478,0.1169962224860986
benchmark-heteroscedastic-d10-s13502-B100-fixed-c0.5-none,10,heteroscedastic,100,0.5,fixed,13502,0.478,0.2254435867071151
benchmark-heteroscedastic-d10-s13503-B100-fixed-c0.5-none,10,heteroscedastic,100,0.5,fixed,13503,0.478,0.0872191277643044
benchmark-heteroscedastic-d10-s13504-B100-fixed-c0.5-none,10,heteroscedastic,100,0.5,fixed,13504,0.478,0.1857271591822306
benchmark-heteroscedastic-d10-s13505-B100-fixed-c0.5-none,10,heteroscedastic,100,0.5,fixed,13505,0.478,0.2228249572217464
benchmark-heteroscedastic-d10-s13501-B100-random-c0.2-none,10,heteroscedastic,100,0.2,random,13501,0.2,0.0769641262789567
benchmark-heteroscedastic-d10-s13502-B100-random-c0.2-none,10,heteroscedastic,100,0.2,random,13502,0.2,0.1841992909709612
benchmark-heteroscedastic-d10-s13503-B100-random-c0.2-none,10,heteroscedastic,100,0.2,random,13503,0.2,0.1163782998919487
benchmark-heteroscedastic-d10-s13504-B100-random-c0.2-none,10,heteroscedastic,100,0.2,random,13504,0.2,0.1431296380857626
benchmark-heteroscedastic-d10-s13505-B100-random-c0.2-none,10,heteroscedastic,100,0.2,random,13505,0.2,0.1871225734551747
benchmark-heteroscedastic-d10-s13501-B100-random-c0.5-none,10,heteroscedastic,100,0.5,random,13501,0.5,0.1169962224860986
benchmark-heteroscedastic-d10-s13502-B100-random-c0.5-none,10,heteroscedastic,100,0.5,random,13502,0.5,0.2254435867071151
benchmark-heteroscedastic-d10-s13503-B100-random-c0.5-none,10,heteroscedastic,100,0.5,random,13503,0.5,0.0928135129312674
benchmark-heteroscedastic-d10-s13504-B100-random-c0.5-none,10,heteroscedastic,100,0.5,random,13504,0.5,0.1843164935708046
benchmark-heteroscedastic-d10-s13505-B100-random-c0.5-none,10,heteroscedastic,100,0.5,random,13505,0.5,0.2228249572217464
benchmark-heteroscedastic-d10-s13501-B100-diagnostic-c0.2-none,10,heteroscedastic,100,0.2,diagnostic,13501,0.222,0.0769641262789567
benchmark-heteroscedastic-d10-s13502-B100-diagnostic-c0.2-none,10,heteroscedastic,100,0.2,diagnostic,13502,0.222,0.0752101329465707
benchmark-heteroscedastic-d10-s13503-B100-diagnostic-c0.2-none,10,heteroscedastic,100,0.2,diagnostic,13503,0.222,0.0816298040250937
benchmark-heteroscedastic-d10-s13504-B100-diagnostic-c0.2-none,10,heteroscedastic,100,0.2,diagnostic,13504,0.222,0.1637039023141066
benchmark-heteroscedastic-d10-s13505-B100-diagnostic-c0.2-none,10,heteroscedastic,100,0.2,diagnostic,13505,0.222,0.110550961146752
benchmark-heteroscedastic-d10-s13501-B100-diagnostic-c0.5-none,10,heteroscedastic,100,0.5,diagnostic,13501,0.522,0.0818303835888703
benchmark-heteroscedastic-d10-s13502-B100-diagnostic-c0.5-none,10,heteroscedastic,100,0.5,diagnostic,13502,0.522,0.0779974001149336
benchmark-heteroscedastic-d10-s13503-B100-diagnostic-c0.5-none,10,heteroscedastic,100,0.5,diagnostic,13503,0.522,0.0872191277643044
benchmark-heteroscedastic-d10-s13504-B100-diagnostic-c0.5-none,10,heteroscedastic,100,0.5,diagnostic,13504,0.522,0.2011737364033858
benchmark-heteroscedastic-d10-s13505-B100-diagnostic-c0.5-none,10,heteroscedastic,100,0.5,diagnostic,13505,0.522,0.1435533910989761
benchmark-heteroscedastic-d10-s13501-B400-fixed-c0.2-none,10,heteroscedastic,400,0.2,fixed,13501,0.17800000000000002,0.0684701291223367
benchmark-heteroscedastic-d10-s13502-B400-fixed-c0.2-none,10,heteroscedastic,400,0.2,fixed,13502,0.17800000000000002,0.1794110710422198
benchmark-heteroscedastic-d10-s13503-B400-fixed-c0.2-none,10,heteroscedastic,400,0.2,fixed,13503,0.17800000000000002,0.1111015503605206
benchmark-heteroscedastic-d10-s13504-B400-fixed-c0.2-none,10,heteroscedastic,400,0.2,fixed,13504,0.17800000000000002,0.1486191389461358
benchmark-heteroscedastic-d10-s13505-B400-fixed-c0.2-none,10,heteroscedastic,400,0.2,fixed,13505,0.17800000000000002,0.1563543925682703
benchmark-heteroscedastic-d10-s13501-B400-fixed-c0.5-none,10,heteroscedastic,400,0.5,fixed,13501,0.478,0.1231152092417081
benchmark-heteroscedastic-d10-s13502-B400-fixed-c0.5-none,10,heteroscedastic,400,0.5,fixed,13502,0.478,0.21819860364
benchmark-heteroscedastic-d10-s13503-B400-fixed-c0.5-none,10,heteroscedastic,400,0.5,fixed,13503,0.478,0.0714151908953984
benchmark-heteroscedastic-d10-s13504-B400-fixed-c0.5-none,10,heteroscedastic,400,0.5,fixed,13504,0.478,0.1709147567550341
benchmark-heteroscedastic-d10-s13505-B400-fixed-c0.5-none,10,heteroscedastic,400,0.5,fixed,13505,0.478,0.2307926478485266
benchmark-heteroscedastic-d10-s13501-B400-random-c0.2-none,10,heteroscedastic,400,0.2,random,13501,0.2,0.0684701291223367
benchmark-heteroscedastic-d10-s13502-B400-random-c0.2-none,10,heteroscedastic,400,0.2,random,13502,0.2,0.1794110710422198
benchmark-heteroscedastic-d10-s13503-B400-random-c0.2-none,10,heteroscedastic,400,0.2,random,13503,0.2,0.1111015503605206
benchmark-heteroscedastic-d10-s13504-B400-random-c0.2-none,10,heteroscedastic,400,0.2,random,13504,0.2,0.1486191389461358
benchmark-heteroscedastic-d10-s13505-B400-random-c0.2-none,10,heteroscedastic,400,0.2,random,13505,0.2,0.1422577301661173
benchmark-heteroscedastic-d10-s13501-B400-random-c0.5-none,10,heteroscedastic,400,0.5,random,13501,0.5,0.1231152092417081
benchmark-heteroscedastic-d10-s13502-B400-random-c0.5-none,10,heteroscedastic,400,0.5,random,13502,0.5,0.21819860364
benchmark-heteroscedastic-d10-s13503-B400-random-c0.5-none,10,heteroscedastic,400,0.5,random,13503,0.5,0.1115368735045194
benchmark-heteroscedastic-d10-s13504-B400-random-c0.5-none,10,heteroscedastic,400,0.5,random,13504,0.5,0.1791880739231904
benchmark-heteroscedastic-d10-s13505-B400-random-c0.5-none,10,heteroscedastic,400,0.5,random,13505,0.5,0.2307926478485266
benchmark-heteroscedastic-d10-s13501-B400-diagnostic-c0.2-none,10,heteroscedastic,400,0.2,diagnostic,13501,0.222,0.0684701291223367
benchmark-heteroscedastic-d10-s13502-B400-diagnostic-c0.2-none,10,heteroscedastic,400,0.2,diagnostic,13502,0.222,0.0578148296723763
benchmark-heteroscedastic-d10-s13503-B400-diagnostic-c0.2-none,10,heteroscedastic,400,0.2,diagnostic,13503,0.222,0.0834311681489149
benchmark-heteroscedastic-d10-s13504-B400-diagnostic-c0.2-none,10,heteroscedastic,400,0.2,diagnostic,13504,0.222,0.1486191389461358
benchmark-heteroscedastic-d10-s13505-B400-diagnostic-c0.2-none,10,heteroscedastic,400,0.2,diagnostic,13505,0.222,0.100882975384593
benchmark-heteroscedastic-d10-s13501-B400-diagnostic-c0.5-none,10,heteroscedastic,400,0.5,diagnostic,13501,0.522,0.0945317856967449
benchmark-heteroscedastic-d10-s13502-B400-diagnostic-c0.5-none,10,heteroscedastic,400,0.5,diagnostic,13502,0.522,0.0625490465511878
benchmark-heteroscedastic-d10-s13503-B400-diagnostic-c0.5-none,10,heteroscedastic,400,0.5,diagnostic,13503,0.522,0.0860912799835205
benchmark-heteroscedastic-d10-s13504-B400-diagnostic-c0.5-none,10,heteroscedastic,400,0.5,diagnostic,13504,0.522,0.09763112043341
benchmark-heteroscedastic-d10-s13505-B400-diagnostic-c0.5-none,10,heteroscedastic,400,0.5,diagnostic,13505,0.522,0.1347646191716194
