run_id,method,d,family,seed,budget,corruption,canonical_optimizer_updates,sw1,method_component_seconds,wall_seconds,peak_vram_bytes
benchmark-linear-d5-s11001-B100-diagnostic-c0.2-none,diagnostic,5,linear,11001,100,0.2,7050,0.1869382560253143,78.49475406855345,78.49475406855345,111618048
benchmark-linear-d5-s11001-B100-random-c0.2-none,random,5,linear,11001,100,0.2,5650,0.0799085895220438,34.89782591164112,34.89782591164112,70527488
benchmark-linear-d5-s11001-B100-diagnostic-c0.5-none,diagnostic,5,linear,11001,100,0.5,8100,0.1951435332496961,45.913425389677286,45.913425389677286,111680000
benchmark-linear-d5-s11001-B100-random-c0.5-none,random,5,linear,11001,100,0.5,6250,0.3929633498191833,31.05858900025487,31.05858900025487,70927872
benchmark-linear-d5-s11001-B400-diagnostic-c0.2-none,diagnostic,5,linear,11001,400,0.2,8900,0.0487708759804566,125.71067416109145,125.71067416109145,111231488
benchmark-linear-d5-s11001-B400-random-c0.2-none,random,5,linear,11001,400,0.2,7450,0.0487708759804566,15.34016346372664,15.34016346372664,70536192
benchmark-linear-d5-s11001-B400-diagnostic-c0.5-none,diagnostic,5,linear,11001,400,0.5,9850,0.048902366310358,66.30119179189205,66.30119179189205,111664128
benchmark-linear-d5-s11001-B400-random-c0.5-none,random,5,linear,11001,400,0.5,8850,0.2281067570050557,66.73332132026553,66.73332132026553,71220736
benchmark-linear-d5-s11002-B100-diagnostic-c0.2-none,diagnostic,5,linear,11002,100,0.2,7450,0.1257361198465029,119.47994313761592,119.47994313761592,111408128
benchmark-linear-d5-s11002-B100-random-c0.2-none,random,5,linear,11002,100,0.2,5200,0.1172550916671752,23.208718279376622,23.208718279376622,70588928
benchmark-linear-d5-s11002-B100-diagnostic-c0.5-none,diagnostic,5,linear,11002,100,0.5,6750,0.1114738980929056,46.433988282456994,46.433988282456994,111502848
benchmark-linear-d5-s11002-B100-random-c0.5-none,random,5,linear,11002,100,0.5,5350,0.0731098751227061,25.52157463878393,25.52157463878393,70533120
benchmark-linear-d5-s11002-B400-diagnostic-c0.2-none,diagnostic,5,linear,11002,400,0.2,5300,0.0580896983544031,22.227733001112934,22.227733001112934,110849536
benchmark-linear-d5-s11002-B400-random-c0.2-none,random,5,linear,11002,400,0.2,6050,0.0738197142879168,50.07967568933964,50.07967568933964,70712832
benchmark-linear-d5-s11002-B400-diagnostic-c0.5-none,diagnostic,5,linear,11002,400,0.5,6750,0.0437987099091211,28.16172472201288,28.16172472201288,111157248
benchmark-linear-d5-s11002-B400-random-c0.5-none,random,5,linear,11002,400,0.5,5600,0.0437987099091211,19.156715482473373,19.156715482473373,70618624
benchmark-linear-d5-s11003-B100-diagnostic-c0.2-none,diagnostic,5,linear,11003,100,0.2,5200,0.0933418696125348,64.91348437219858,64.91348437219858,110909440
benchmark-linear-d5-s11003-B100-random-c0.2-none,random,5,linear,11003,100,0.2,5350,0.0933418696125348,16.664250509813428,16.664250509813428,70303744
benchmark-linear-d5-s11003-B100-diagnostic-c0.5-none,diagnostic,5,linear,11003,100,0.5,6600,0.088641233742237,18.309578098356724,18.309578098356724,111559168
benchmark-linear-d5-s11003-B100-random-c0.5-none,random,5,linear,11003,100,0.5,6700,0.3267194926738739,21.27951923198998,21.27951923198998,70806016
benchmark-linear-d5-s11003-B400-diagnostic-c0.2-none,diagnostic,5,linear,11003,400,0.2,7850,0.0577913522720336,75.33900283277035,75.33900283277035,111269376
benchmark-linear-d5-s11003-B400-random-c0.2-none,random,5,linear,11003,400,0.2,6150,0.102663516998291,2.11858886666596,2.11858886666596,70106624
benchmark-linear-d5-s11003-B400-diagnostic-c0.5-none,diagnostic,5,linear,11003,400,0.5,7850,0.1092700486381848,41.87110133096576,41.87110133096576,111457280
benchmark-linear-d5-s11003-B400-random-c0.5-none,random,5,linear,11003,400,0.5,7850,0.3675392021735509,22.548256881535053,22.548256881535053,70727680
benchmark-linear-d5-s11004-B100-diagnostic-c0.2-none,diagnostic,5,linear,11004,100,0.2,4700,0.0664857079585393,58.02317805215717,58.02317805215717,110795776
benchmark-linear-d5-s11004-B100-random-c0.2-none,random,5,linear,11004,100,0.2,5900,0.0652205695708592,49.32295140251517,49.32295140251517,70813696
benchmark-linear-d5-s11004-B100-diagnostic-c0.5-none,diagnostic,5,linear,11004,100,0.5,6100,0.3015081733465194,62.46148235164583,62.46148235164583,111106048
benchmark-linear-d5-s11004-B100-random-c0.5-none,random,5,linear,11004,100,0.5,6200,0.324314812819163,28.51961491815746,28.51961491815746,70722048
benchmark-linear-d5-s11004-B400-diagnostic-c0.2-none,diagnostic,5,linear,11004,400,0.2,5000,0.0533968607584635,58.13504523411393,58.13504523411393,110935040
benchmark-linear-d5-s11004-B400-random-c0.2-none,random,5,linear,11004,400,0.2,8200,0.0559092834591865,64.69009546935558,64.69009546935558,71013888
benchmark-linear-d5-s11004-B400-diagnostic-c0.5-none,diagnostic,5,linear,11004,400,0.5,6700,0.2620628376801808,57.46066589280963,57.46066589280963,111214592
benchmark-linear-d5-s11004-B400-random-c0.5-none,random,5,linear,11004,400,0.5,5950,0.2834222316741943,11.124319519847631,11.124319519847631,70646272
benchmark-linear-d5-s11005-B100-diagnostic-c0.2-none,diagnostic,5,linear,11005,100,0.2,6800,0.0981924956043561,87.73590413294733,87.73590413294733,110746624
benchmark-linear-d5-s11005-B100-random-c0.2-none,random,5,linear,11005,100,0.2,5450,0.0981924956043561,12.033864786848426,12.033864786848426,69967872
benchmark-linear-d5-s11005-B100-diagnostic-c0.5-none,diagnostic,5,linear,11005,100,0.5,7350,0.1023739924033482,61.15361602604389,61.15361602604389,111087616
benchmark-linear-d5-s11005-B100-random-c0.5-none,random,5,linear,11005,100,0.5,5350,0.1023739924033482,3.2288504261523485,3.2288504261523485,70338048
benchmark-linear-d5-s11005-B400-diagnostic-c0.2-none,diagnostic,5,linear,11005,400,0.2,6350,0.051761416097482,54.32271015457809,54.32271015457809,111057920
benchmark-linear-d5-s11005-B400-random-c0.2-none,random,5,linear,11005,400,0.2,5150,0.051761416097482,9.67795347608626,9.67795347608626,70304768
benchmark-linear-d5-s11005-B400-diagnostic-c0.5-none,diagnostic,5,linear,11005,400,0.5,7800,0.04655230914553,66.58319712989032,66.58319712989032,111646720
benchmark-linear-d5-s11005-B400-random-c0.5-none,random,5,linear,11005,400,0.5,5850,0.04655230914553,3.309176167473197,3.309176167473197,70674944
benchmark-nonlinear-d5-s12001-B100-diagnostic-c0.2-none,diagnostic,5,nonlinear,12001,100,0.2,6550,0.1125349476933479,95.8082690052688,95.8082690052688,111617024
benchmark-nonlinear-d5-s12001-B100-random-c0.2-none,random,5,nonlinear,12001,100,0.2,5000,0.2866442004839579,50.060575077310205,50.060575077310205,70499840
benchmark-nonlinear-d5-s12001-B100-diagnostic-c0.5-none,diagnostic,5,nonlinear,12001,100,0.5,5900,0.1941653937101364,31.66439104452729,31.66439104452729,111465984
benchmark-nonlinear-d5-s12001-B100-random-c0.5-none,random,5,nonlinear,12001,100,0.5,6950,0.1941653937101364,26.089993190020323,26.089993190020323,70713856
benchmark-nonlinear-d5-s12001-B400-diagnostic-c0.2-none,diagnostic,5,nonlinear,12001,400,0.2,9000,0.1143706267078717,106.84772466868162,106.84772466868162,111660032
benchmark-nonlinear-d5-s12001-B400-random-c0.2-none,random,5,nonlinear,12001,400,0.2,7700,0.0663709255556265,52.72647846676409,52.72647846676409,70915072
benchmark-nonlinear-d5-s12001-B400-diagnostic-c0.5-none,diagnostic,5,nonlinear,12001,400,0.5,8100,0.1148337225119272,26.15771255455911,26.15771255455911,111536640
benchmark-nonlinear-d5-s12001-B400-random-c0.5-none,random,5,nonlinear,12001,400,0.5,8600,0.1844548235336939,46.28421471640468,46.28421471640468,70836736
benchmark-nonlinear-d5-s12002-B100-diagnostic-c0.2-none,diagnostic,5,nonlinear,12002,100,0.2,7800,0.0979859294990698,54.95823121629656,54.95823121629656,111220224
benchmark-nonlinear-d5-s12002-B100-random-c0.2-none,random,5,nonlinear,12002,100,0.2,5800,0.2513313790162404,29.83371969871223,29.83371969871223,70306304
benchmark-nonlinear-d5-s12002-B100-diagnostic-c0.5-none,diagnostic,5,nonlinear,12002,100,0.5,7550,0.0950973878304163,24.39985624887049,24.39985624887049,111188992
benchmark-nonlinear-d5-s12002-B100-random-c0.5-none,random,5,nonlinear,12002,100,0.5,6500,0.0893616639077663,19.66729592718184,19.66729592718184,70333440
benchmark-nonlinear-d5-s12002-B400-diagnostic-c0.2-none,diagnostic,5,nonlinear,12002,400,0.2,7750,0.0554341599345207,42.62507068738341,42.62507068738341,111013888
benchmark-nonlinear-d5-s12002-B400-random-c0.2-none,random,5,nonlinear,12002,400,0.2,8400,0.0554341599345207,74.88523333147168,74.88523333147168,70810112
benchmark-nonlinear-d5-s12002-B400-diagnostic-c0.5-none,diagnostic,5,nonlinear,12002,400,0.5,8800,0.0543576292693614,34.65822675824165,34.65822675824165,111321088
benchmark-nonlinear-d5-s12002-B400-random-c0.5-none,random,5,nonlinear,12002,400,0.5,7550,0.0543576292693614,12.348307862877846,12.348307862877846,70341632
benchmark-nonlinear-d5-s12003-B100-diagnostic-c0.2-none,diagnostic,5,nonlinear,12003,100,0.2,7350,0.1292341450850168,84.59090226702392,84.59090226702392,111348224
benchmark-nonlinear-d5-s12003-B100-random-c0.2-none,random,5,nonlinear,12003,100,0.2,6350,0.1211062769095103,24.48727989383042,24.48727989383042,70899712
benchmark-nonlinear-d5-s12003-B100-diagnostic-c0.5-none,diagnostic,5,nonlinear,12003,100,0.5,8300,0.152924026052157,54.10806047543883,54.10806047543883,111703552
benchmark-nonlinear-d5-s12003-B100-random-c0.5-none,random,5,nonlinear,12003,100,0.5,7200,0.1670711090167363,10.586184406653048,10.586184406653048,71062528
benchmark-nonlinear-d5-s12003-B400-diagnostic-c0.2-none,diagnostic,5,nonlinear,12003,400,0.2,7600,0.0649344722429911,101.66607633978128,101.66607633978128,111558144
benchmark-nonlinear-d5-s12003-B400-random-c0.2-none,random,5,nonlinear,12003,400,0.2,6350,0.3529730439186096,34.700284752994776,34.700284752994776,70580736
benchmark-nonlinear-d5-s12003-B400-diagnostic-c0.5-none,diagnostic,5,nonlinear,12003,400,0.5,9850,0.1142611404259999,57.64895639382303,57.64895639382303,111491584
benchmark-nonlinear-d5-s12003-B400-random-c0.5-none,random,5,nonlinear,12003,400,0.5,8400,0.1380374431610107,19.809222733601928,19.809222733601928,70944256
benchmark-nonlinear-d5-s12004-B100-diagnostic-c0.2-none,diagnostic,5,nonlinear,12004,100,0.2,6250,0.0736164475480715,12.2672687638551,12.2672687638551,110907904
benchmark-nonlinear-d5-s12004-B100-random-c0.2-none,random,5,nonlinear,12004,100,0.2,4650,0.0674145271380742,25.330703103914857,25.330703103914857,70240768
benchmark-nonlinear-d5-s12004-B100-diagnostic-c0.5-none,diagnostic,5,nonlinear,12004,100,0.5,7200,0.0736164475480715,28.578499561175704,28.578499561175704,111278080
benchmark-nonlinear-d5-s12004-B100-random-c0.5-none,random,5,nonlinear,12004,100,0.5,5000,0.0804845591386159,9.531093968078494,9.531093968078494,70052864
benchmark-nonlinear-d5-s12004-B400-diagnostic-c0.2-none,diagnostic,5,nonlinear,12004,400,0.2,8750,0.0625603434940179,33.984401943162084,33.984401943162084,111394304
benchmark-nonlinear-d5-s12004-B400-random-c0.2-none,random,5,nonlinear,12004,400,0.2,6700,0.0625603434940179,32.558026008307934,32.558026008307934,70534144
benchmark-nonlinear-d5-s12004-B400-diagnostic-c0.5-none,diagnostic,5,nonlinear,12004,400,0.5,10100,0.0625603434940179,12.873981492593884,12.873981492593884,111360512
benchmark-nonlinear-d5-s12004-B400-random-c0.5-none,random,5,nonlinear,12004,400,0.5,7900,0.097142939766248,36.26647236198187,36.26647236198187,70102016
benchmark-nonlinear-d5-s12005-B100-diagnostic-c0.2-none,diagnostic,5,nonlinear,12005,100,0.2,5700,0.0834869022170702,11.227571085095406,11.227571085095406,111032832
benchmark-nonlinear-d5-s12005-B100-random-c0.2-none,random,5,nonlinear,12005,100,0.2,5850,0.5117209305365881,61.38094858080149,61.38094858080149,70650880
benchmark-nonlinear-d5-s12005-B100-diagnostic-c0.5-none,diagnostic,5,nonlinear,12005,100,0.5,5350,0.0834869022170702,29.42825010046363,29.42825010046363,111557120
benchmark-nonlinear-d5-s12005-B100-random-c0.5-none,random,5,nonlinear,12005,100,0.5,5650,0.0781287079056104,12.150130284950135,12.150130284950135,70618624
benchmark-nonlinear-d5-s12005-B400-diagnostic-c0.2-none,diagnostic,5,nonlinear,12005,400,0.2,7750,0.0568556090195973,12.175262659788132,12.175262659788132,111056896
benchmark-nonlinear-d5-s12005-B400-random-c0.2-none,random,5,nonlinear,12005,400,0.2,7550,0.3930846303701401,25.15986984781921,25.15986984781921,70674944
benchmark-nonlinear-d5-s12005-B400-diagnostic-c0.5-none,diagnostic,5,nonlinear,12005,400,0.5,8750,0.0568556090195973,48.11361950822175,48.11361950822175,111488512
benchmark-nonlinear-d5-s12005-B400-random-c0.5-none,random,5,nonlinear,12005,400,0.5,8000,0.0591898411512374,14.576990807428956,14.576990807428956,70637056
benchmark-heteroscedastic-d5-s13001-B100-diagnostic-c0.2-none,diagnostic,5,heteroscedastic,13001,100,0.2,6300,0.1279757680992285,76.82266193628311,76.82266193628311,111251456
benchmark-heteroscedastic-d5-s13001-B100-random-c0.2-none,random,5,heteroscedastic,13001,100,0.2,7950,0.0953687330087025,58.08342567272484,58.08342567272484,71049216
benchmark-heteroscedastic-d5-s13001-B100-diagnostic-c0.5-none,diagnostic,5,heteroscedastic,13001,100,0.5,8450,0.0951827441652615,37.30468763783574,37.30468763783574,111503872
benchmark-heteroscedastic-d5-s13001-B100-random-c0.5-none,random,5,heteroscedastic,13001,100,0.5,7650,0.0951827441652615,40.64823134616017,40.64823134616017,70815232
benchmark-heteroscedastic-d5-s13001-B400-diagnostic-c0.2-none,diagnostic,5,heteroscedastic,13001,400,0.2,5900,0.0840037589271863,64.84899331815541,64.84899331815541,110585856
benchmark-heteroscedastic-d5-s13001-B400-random-c0.2-none,random,5,heteroscedastic,13001,400,0.2,7450,0.0840037589271863,48.55704029649496,48.55704029649496,69948928
benchmark-heteroscedastic-d5-s13001-B400-diagnostic-c0.5-none,diagnostic,5,heteroscedastic,13001,400,0.5,8750,0.0654510073363781,51.37757439352572,51.37757439352572,110871040
benchmark-heteroscedastic-d5-s13001-B400-random-c0.5-none,random,5,heteroscedastic,13001,400,0.5,8200,0.0654510073363781,12.303847646340728,12.303847646340728,70357504
benchmark-heteroscedastic-d5-s13002-B100-diagnostic-c0.2-none,diagnostic,5,heteroscedastic,13002,100,0.2,7000,0.0869177281856536,33.18716853111982,33.18716853111982,110675968
benchmark-heteroscedastic-d5-s13002-B100-random-c0.2-none,random,5,heteroscedastic,13002,100,0.2,4450,0.0869177281856536,16.141421243548393,16.141421243548393,70010880
benchmark-heteroscedastic-d5-s13002-B100-diagnostic-c0.5-none,diagnostic,5,heteroscedastic,13002,100,0.5,7400,0.0976817334691683,36.57245157472789,36.57245157472789,110674944
benchmark-heteroscedastic-d5-s13002-B100-random-c0.5-none,random,5,heteroscedastic,13002,100,0.5,6850,0.0895457218090693,13.225926341488956,13.225926341488956,70515200
benchmark-heteroscedastic-d5-s13002-B400-diagnostic-c0.2-none,diagnostic,5,heteroscedastic,13002,400,0.2,5550,0.0751792838176091,51.849652545526624,51.849652545526624,110651904
benchmark-heteroscedastic-d5-s13002-B400-random-c0.2-none,random,5,heteroscedastic,13002,400,0.2,5200,0.0751792838176091,21.06093122623861,21.06093122623861,69951488
benchmark-heteroscedastic-d5-s13002-B400-diagnostic-c0.5-none,diagnostic,5,heteroscedastic,13002,400,0.5,7700,0.0749592880407969,32.037139071151614,32.037139071151614,111211520
benchmark-heteroscedastic-d5-s13002-B400-random-c0.5-none,random,5,heteroscedastic,13002,400,0.5,7700,0.0749592880407969,40.05555571429432,40.05555571429432,70517248
benchmark-heteroscedastic-d5-s13003-B100-diagnostic-c0.2-none,diagnostic,5,heteroscedastic,13003,100,0.2,6250,0.0854269464810689,56.17978041246533,56.17978041246533,111182848
benchmark-heteroscedastic-d5-s13003-B100-random-c0.2-none,random,5,heteroscedastic,13003,100,0.2,6900,0.1272645642360051,23.49452011659741,23.49452011659741,70827008
benchmark-heteroscedastic-d5-s13003-B100-diagnostic-c0.5-none,diagnostic,5,heteroscedastic,13003,100,0.5,7200,0.0984080781539281,54.32749824039638,54.32749824039638,111496704
benchmark-heteroscedastic-d5-s13003-B100-random-c0.5-none,random,5,heteroscedastic,13003,100,0.5,5800,0.1669502208630243,13.922278203070164,13.922278203070164,70441472
benchmark-heteroscedastic-d5-s13003-B400-diagnostic-c0.2-none,diagnostic,5,heteroscedastic,13003,400,0.2,7950,0.1004943400621414,73.37873030267656,73.37873030267656,111767040
benchmark-heteroscedastic-d5-s13003-B400-random-c0.2-none,random,5,heteroscedastic,13003,400,0.2,9200,0.1004943400621414,50.87899564765394,50.87899564765394,70980608
benchmark-heteroscedastic-d5-s13003-B400-diagnostic-c0.5-none,diagnostic,5,heteroscedastic,13003,400,0.5,7650,0.1174457420905431,57.759361412376165,57.759361412376165,111585792
benchmark-heteroscedastic-d5-s13003-B400-random-c0.5-none,random,5,heteroscedastic,13003,400,0.5,8000,0.1262440184752146,26.565013529732823,26.565013529732823,70584832
benchmark-heteroscedastic-d5-s13004-B100-diagnostic-c0.2-none,diagnostic,5,heteroscedastic,13004,100,0.2,4950,0.0693469469745953,39.49421475455165,39.49421475455165,111334912
benchmark-heteroscedastic-d5-s13004-B100-random-c0.2-none,random,5,heteroscedastic,13004,100,0.2,5050,0.0704043582081794,26.54471842758357,26.54471842758357,70516224
benchmark-heteroscedastic-d5-s13004-B100-diagnostic-c0.5-none,diagnostic,5,heteroscedastic,13004,100,0.5,5450,0.0693469469745953,25.938750259578228,25.938750259578228,111333376
benchmark-heteroscedastic-d5-s13004-B100-random-c0.5-none,random,5,heteroscedastic,13004,100,0.5,5650,0.0704043582081794,10.429499763995407,10.429499763995407,70395392
benchmark-heteroscedastic-d5-s13004-B400-diagnostic-c0.2-none,diagnostic,5,heteroscedastic,13004,400,0.2,8750,0.0929863775769869,56.329825131222606,56.329825131222606,111607296
benchmark-heteroscedastic-d5-s13004-B400-random-c0.2-none,random,5,heteroscedastic,13004,400,0.2,8200,0.1503738363583882,19.72355846874416,19.72355846874416,70878208
benchmark-heteroscedastic-d5-s13004-B400-diagnostic-c0.5-none,diagnostic,5,heteroscedastic,13004,400,0.5,7500,0.0929863775769869,18.342476462945346,18.342476462945346,111235584
benchmark-heteroscedastic-d5-s13004-B400-random-c0.5-none,random,5,heteroscedastic,13004,400,0.5,8950,0.0929863775769869,14.13902459293604,14.13902459293604,70798848
benchmark-heteroscedastic-d5-s13005-B100-diagnostic-c0.2-none,diagnostic,5,heteroscedastic,13005,100,0.2,7800,0.0774541720747947,35.63713023997843,35.63713023997843,111172608
benchmark-heteroscedastic-d5-s13005-B100-random-c0.2-none,random,5,heteroscedastic,13005,100,0.2,7900,0.088119866947333,55.89848729036749,55.89848729036749,70854656
benchmark-heteroscedastic-d5-s13005-B100-diagnostic-c0.5-none,diagnostic,5,heteroscedastic,13005,100,0.5,6850,0.0787728130817413,10.843857364729049,10.843857364729049,111112192
benchmark-heteroscedastic-d5-s13005-B100-random-c0.5-none,random,5,heteroscedastic,13005,100,0.5,5500,0.2789763708909352,1.953781371936202,1.953781371936202,70136320
benchmark-heteroscedastic-d5-s13005-B400-diagnostic-c0.2-none,diagnostic,5,heteroscedastic,13005,400,0.2,5500,0.0668634002407391,48.5744737200439,48.5744737200439,110742528
benchmark-heteroscedastic-d5-s13005-B400-random-c0.2-none,random,5,heteroscedastic,13005,400,0.2,5900,0.0639824147025744,11.629028178751469,11.629028178751469,70234624
benchmark-heteroscedastic-d5-s13005-B400-diagnostic-c0.5-none,diagnostic,5,heteroscedastic,13005,400,0.5,6350,0.0639824147025744,27.497404938563704,27.497404938563704,110961152
benchmark-heteroscedastic-d5-s13005-B400-random-c0.5-none,random,5,heteroscedastic,13005,400,0.5,4700,0.2687305361032486,1.9488570913672447,1.9488570913672447,69980160
benchmark-linear-d10-s11501-B100-diagnostic-c0.2-none,diagnostic,10,linear,11501,100,0.2,9600,0.0806220782299836,122.39515964128076,122.39515964128076,113674240
benchmark-linear-d10-s11501-B100-random-c0.2-none,random,10,linear,11501,100,0.2,7000,0.1916698018709818,55.32842742279172,55.32842742279172,71893504
benchmark-linear-d10-s11501-B100-diagnostic-c0.5-none,diagnostic,10,linear,11501,100,0.5,9500,0.1593883757789929,106.24145082570612,106.24145082570612,113111552
benchmark-linear-d10-s11501-B100-random-c0.5-none,random,10,linear,11501,100,0.5,8650,0.1580938808619976,80.47841840051115,80.47841840051115,73337856
benchmark-linear-d10-s11501-B400-diagnostic-c0.2-none,diagnostic,10,linear,11501,400,0.2,10600,0.0572809701164563,141.05761944688857,141.05761944688857,114311168
benchmark-linear-d10-s11501-B400-random-c0.2-none,random,10,linear,11501,400,0.2,8450,0.1885142525037129,71.78479707986116,71.78479707986116,72551936
benchmark-linear-d10-s11501-B400-diagnostic-c0.5-none,diagnostic,10,linear,11501,400,0.5,10000,0.1552101771036783,120.88638852909207,120.88638852909207,114569728
benchmark-linear-d10-s11501-B400-random-c0.5-none,random,10,linear,11501,400,0.5,9850,0.1460201777517795,95.41199249960482,95.41199249960482,74455040
benchmark-linear-d10-s11502-B100-diagnostic-c0.2-none,diagnostic,10,linear,11502,100,0.2,10950,0.0598807701220115,72.87648168951273,72.87648168951273,112325632
benchmark-linear-d10-s11502-B100-random-c0.2-none,random,10,linear,11502,100,0.2,9050,0.0598807701220115,53.4711828827858,53.4711828827858,71786496
benchmark-linear-d10-s11502-B100-diagnostic-c0.5-none,diagnostic,10,linear,11502,100,0.5,10200,0.0604388502736886,119.91252509132028,119.91252509132028,112360960
benchmark-linear-d10-s11502-B100-random-c0.5-none,random,10,linear,11502,100,0.5,7150,0.1610129947463671,36.80853548645973,36.80853548645973,70457344
benchmark-linear-d10-s11502-B400-diagnostic-c0.2-none,diagnostic,10,linear,11502,400,0.2,8850,0.052537428215146,46.72359034605324,46.72359034605324,111053824
benchmark-linear-d10-s11502-B400-random-c0.2-none,random,10,linear,11502,400,0.2,9850,0.052537428215146,68.84995028562844,68.84995028562844,71063040
benchmark-linear-d10-s11502-B400-diagnostic-c0.5-none,diagnostic,10,linear,11502,400,0.5,11650,0.0516310247282187,167.13845068775117,167.13845068775117,112690176
benchmark-linear-d10-s11502-B400-random-c0.5-none,random,10,linear,11502,400,0.5,9600,0.1682579219341278,108.47671561315656,108.47671561315656,72164352
benchmark-linear-d10-s11503-B100-diagnostic-c0.2-none,diagnostic,10,linear,11503,100,0.2,11800,0.1189399895568688,134.01431597024202,134.01431597024202,113164288
benchmark-linear-d10-s11503-B100-random-c0.2-none,random,10,linear,11503,100,0.2,7700,0.1686330375572045,42.00911012105644,42.00911012105644,72339456
benchmark-linear-d10-s11503-B100-diagnostic-c0.5-none,diagnostic,10,linear,11503,100,0.5,11100,0.1283684372901916,130.40437112562358,130.40437112562358,114213376
benchmark-linear-d10-s11503-B100-random-c0.5-none,random,10,linear,11503,100,0.5,8700,0.2049555455644925,107.03359439224003,107.03359439224003,73247232
benchmark-linear-d10-s11503-B400-diagnostic-c0.2-none,diagnostic,10,linear,11503,400,0.2,13150,0.0710035655647516,169.82426339015365,169.82426339015365,114025984
benchmark-linear-d10-s11503-B400-random-c0.2-none,random,10,linear,11503,400,0.2,9050,0.1614984975506862,65.80325394682586,65.80325394682586,72326656
benchmark-linear-d10-s11503-B400-diagnostic-c0.5-none,diagnostic,10,linear,11503,400,0.5,15150,0.1049692599723736,192.05404601804912,192.05404601804912,114227200
benchmark-linear-d10-s11503-B400-random-c0.5-none,random,10,linear,11503,400,0.5,11500,0.1693995433549086,162.99222430586815,162.99222430586815,73765376
benchmark-linear-d10-s11504-B100-diagnostic-c0.2-none,diagnostic,10,linear,11504,100,0.2,7950,0.1241545627514521,102.104169735685,102.104169735685,111716352
benchmark-linear-d10-s11504-B100-random-c0.2-none,random,10,linear,11504,100,0.2,6900,0.1241545627514521,54.55322838202119,54.55322838202119,71514112
benchmark-linear-d10-s11504-B100-diagnostic-c0.5-none,diagnostic,10,linear,11504,100,0.5,9800,0.1239474887649218,82.71473599411547,82.71473599411547,113262080
benchmark-linear-d10-s11504-B100-random-c0.5-none,random,10,linear,11504,100,0.5,8500,0.2480985559523105,105.37066912464796,105.37066912464796,72781824
benchmark-linear-d10-s11504-B400-diagnostic-c0.2-none,diagnostic,10,linear,11504,400,0.2,9850,0.1060130583743254,103.31431996449828,103.31431996449828,112327680
benchmark-linear-d10-s11504-B400-random-c0.2-none,random,10,linear,11504,400,0.2,9300,0.1234473399817943,90.32528267987072,90.32528267987072,71380992
benchmark-linear-d10-s11504-B400-diagnostic-c0.5-none,diagnostic,10,linear,11504,400,0.5,10600,0.1691181063652038,104.56852453574538,104.56852453574538,112950272
benchmark-linear-d10-s11504-B400-random-c0.5-none,random,10,linear,11504,400,0.5,10200,0.1301998794078827,90.20128235779704,90.20128235779704,72608768
benchmark-linear-d10-s11505-B100-diagnostic-c0.2-none,diagnostic,10,linear,11505,100,0.2,13950,0.1455454938113689,165.22680222056806,165.22680222056806,112995328
benchmark-linear-d10-s11505-B100-random-c0.2-none,random,10,linear,11505,100,0.2,10350,0.1415915116667747,98.25630949623884,98.25630949623884,72830976
benchmark-linear-d10-s11505-B100-diagnostic-c0.5-none,diagnostic,10,linear,11505,100,0.5,10600,0.0910170997182528,69.66781400889158,69.66781400889158,112634368
benchmark-linear-d10-s11505-B100-random-c0.5-none,random,10,linear,11505,100,0.5,6800,0.2167206729451815,61.61122921667993,61.61122921667993,71011840
benchmark-linear-d10-s11505-B400-diagnostic-c0.2-none,diagnostic,10,linear,11505,400,0.2,12300,0.05605292879045,137.7205378320068,137.7205378320068,112239616
benchmark-linear-d10-s11505-B400-random-c0.2-none,random,10,linear,11505,400,0.2,8950,0.1350105628371238,73.1620320994407,73.1620320994407,71683584
benchmark-linear-d10-s11505-B400-diagnostic-c0.5-none,diagnostic,10,linear,11505,400,0.5,11100,0.1142543318370978,143.69415049627423,143.69415049627423,113019904
benchmark-linear-d10-s11505-B400-random-c0.5-none,random,10,linear,11505,400,0.5,11200,0.1984281366070111,112.82899601012468,112.82899601012468,72226304
benchmark-nonlinear-d10-s12501-B100-diagnostic-c0.2-none,diagnostic,10,nonlinear,12501,100,0.2,9300,0.0741663457204898,105.1405772306025,105.1405772306025,112378880
benchmark-nonlinear-d10-s12501-B100-random-c0.2-none,random,10,nonlinear,12501,100,0.2,6500,0.151511937379837,65.6999242324382,65.6999242324382,71681024
benchmark-nonlinear-d10-s12501-B100-diagnostic-c0.5-none,diagnostic,10,nonlinear,12501,100,0.5,10050,0.1348599580427011,76.66132207214832,76.66132207214832,112287232
benchmark-nonlinear-d10-s12501-B100-random-c0.5-none,random,10,nonlinear,12501,100,0.5,9500,0.1348599580427011,79.55349863879383,79.55349863879383,72733696
benchmark-nonlinear-d10-s12501-B400-diagnostic-c0.2-none,diagnostic,10,nonlinear,12501,400,0.2,12400,0.0569995815555254,154.49988786317408,154.49988786317408,112628224
benchmark-nonlinear-d10-s12501-B400-random-c0.2-none,random,10,nonlinear,12501,400,0.2,8450,0.1693783774971962,73.86490909941494,73.86490909941494,72018432
benchmark-nonlinear-d10-s12501-B400-diagnostic-c0.5-none,diagnostic,10,nonlinear,12501,400,0.5,10600,0.1225931420922279,76.85284897312522,76.85284897312522,112353280
benchmark-nonlinear-d10-s12501-B400-random-c0.5-none,random,10,nonlinear,12501,400,0.5,10750,0.1293791582187017,95.85509854368864,95.85509854368864,73254912
benchmark-nonlinear-d10-s12502-B100-diagnostic-c0.2-none,diagnostic,10,nonlinear,12502,100,0.2,11950,0.0899527408182621,134.15355182625353,134.15355182625353,114524672
benchmark-nonlinear-d10-s12502-B100-random-c0.2-none,random,10,nonlinear,12502,100,0.2,7000,0.0878788704673449,53.94800367020071,53.94800367020071,72814080
benchmark-nonlinear-d10-s12502-B100-diagnostic-c0.5-none,diagnostic,10,nonlinear,12502,100,0.5,9450,0.1436774904529253,83.68463083542883,83.68463083542883,114436096
benchmark-nonlinear-d10-s12502-B100-random-c0.5-none,random,10,nonlinear,12502,100,0.5,8000,0.1326412434379259,63.27218292281032,63.27218292281032,72723456
benchmark-nonlinear-d10-s12502-B400-diagnostic-c0.2-none,diagnostic,10,nonlinear,12502,400,0.2,10550,0.0634505984683831,106.88064053840937,106.88064053840937,112077312
benchmark-nonlinear-d10-s12502-B400-random-c0.2-none,random,10,nonlinear,12502,400,0.2,8000,0.0634505984683831,53.176738588139415,53.176738588139415,72238592
benchmark-nonlinear-d10-s12502-B400-diagnostic-c0.5-none,diagnostic,10,nonlinear,12502,400,0.5,8500,0.1141354752083619,79.84041171520948,79.84041171520948,112140800
benchmark-nonlinear-d10-s12502-B400-random-c0.5-none,random,10,nonlinear,12502,400,0.5,8400,0.1141354752083619,75.05910990014672,75.05910990014672,72186880
benchmark-nonlinear-d10-s12503-B100-diagnostic-c0.2-none,diagnostic,10,nonlinear,12503,100,0.2,10400,0.0623730942606925,72.00286746397614,72.00286746397614,112773120
benchmark-nonlinear-d10-s12503-B100-random-c0.2-none,random,10,nonlinear,12503,100,0.2,6700,0.1972807248433431,47.984212724491954,47.984212724491954,70906368
benchmark-nonlinear-d10-s12503-B100-diagnostic-c0.5-none,diagnostic,10,nonlinear,12503,100,0.5,10650,0.1258536664148171,83.478466168046,83.478466168046,112655872
benchmark-nonlinear-d10-s12503-B100-random-c0.5-none,random,10,nonlinear,12503,100,0.5,7200,0.2378459398945172,67.15176370739937,67.15176370739937,71307264
benchmark-nonlinear-d10-s12503-B400-diagnostic-c0.2-none,diagnostic,10,nonlinear,12503,400,0.2,13600,0.049978332594037,123.6960192359984,123.6960192359984,113502208
benchmark-nonlinear-d10-s12503-B400-random-c0.2-none,random,10,nonlinear,12503,400,0.2,9350,0.2059977129101753,83.57680986821651,83.57680986821651,71595520
benchmark-nonlinear-d10-s12503-B400-diagnostic-c0.5-none,diagnostic,10,nonlinear,12503,400,0.5,13400,0.1194361311693986,89.47670904174447,89.47670904174447,112611328
benchmark-nonlinear-d10-s12503-B400-random-c0.5-none,random,10,nonlinear,12503,400,0.5,10050,0.2300141317149003,108.87190712802112,108.87190712802112,71903744
benchmark-nonlinear-d10-s12504-B100-diagnostic-c0.2-none,diagnostic,10,nonlinear,12504,100,0.2,8150,0.1266660429537296,77.75816179811954,77.75816179811954,112314368
benchmark-nonlinear-d10-s12504-B100-random-c0.2-none,random,10,nonlinear,12504,100,0.2,6900,0.1266660429537296,53.770775862038136,53.770775862038136,72270848
benchmark-nonlinear-d10-s12504-B100-diagnostic-c0.5-none,diagnostic,10,nonlinear,12504,100,0.5,10500,0.1325825241704782,141.8321951981634,141.8321951981634,113210368
benchmark-nonlinear-d10-s12504-B100-random-c0.5-none,random,10,nonlinear,12504,100,0.5,6700,0.1486230865120887,74.11328773759305,74.11328773759305,73131520
benchmark-nonlinear-d10-s12504-B400-diagnostic-c0.2-none,diagnostic,10,nonlinear,12504,400,0.2,12700,0.0619798519959052,183.13120558299124,183.13120558299124,113779712
benchmark-nonlinear-d10-s12504-B400-random-c0.2-none,random,10,nonlinear,12504,400,0.2,10850,0.0613266807049512,97.09931475296617,97.09931475296617,73550336
benchmark-nonlinear-d10-s12504-B400-diagnostic-c0.5-none,diagnostic,10,nonlinear,12504,400,0.5,11100,0.0687983470658461,141.15078740939498,141.15078740939498,113931776
benchmark-nonlinear-d10-s12504-B400-random-c0.5-none,random,10,nonlinear,12504,400,0.5,7750,0.1222717364629109,56.951370395720005,56.951370395720005,73016832
benchmark-nonlinear-d10-s12505-B100-diagnostic-c0.2-none,diagnostic,10,nonlinear,12505,100,0.2,10600,0.1704726728300253,139.5397918485105,139.5397918485105,113305600
benchmark-nonlinear-d10-s12505-B100-random-c0.2-none,random,10,nonlinear,12505,100,0.2,9600,0.1875440900524457,71.36411243490875,71.36411243490875,72537088
benchmark-nonlinear-d10-s12505-B100-diagnostic-c0.5-none,diagnostic,10,nonlinear,12505,100,0.5,11250,0.1623203170796235,106.41169070079924,106.41169070079924,113780224
benchmark-nonlinear-d10-s12505-B100-random-c0.5-none,random,10,nonlinear,12505,100,0.5,6650,0.1519169211387634,55.41294769383967,55.41294769383967,71881216
benchmark-nonlinear-d10-s12505-B400-diagnostic-c0.2-none,diagnostic,10,nonlinear,12505,400,0.2,11600,0.1138313114643096,158.3191951084882,158.3191951084882,113779200
benchmark-nonlinear-d10-s12505-B400-random-c0.2-none,random,10,nonlinear,12505,400,0.2,9850,0.1304988612731298,81.93901093304157,81.93901093304157,72669696
benchmark-nonlinear-d10-s12505-B400-diagnostic-c0.5-none,diagnostic,10,nonlinear,12505,400,0.5,13050,0.1286025842030843,132.10212906450033,132.10212906450033,113739264
benchmark-nonlinear-d10-s12505-B400-random-c0.5-none,random,10,nonlinear,12505,400,0.5,7350,0.1497662054995695,66.86890376731753,66.86890376731753,72035840
benchmark-heteroscedastic-d10-s13501-B100-diagnostic-c0.2-none,diagnostic,10,heteroscedastic,13501,100,0.2,8350,0.0769641262789567,73.36361831240356,73.36361831240356,111587840
benchmark-heteroscedastic-d10-s13501-B100-random-c0.2-none,random,10,heteroscedastic,13501,100,0.2,7100,0.0769641262789567,67.86264807544649,67.86264807544649,71440384
benchmark-heteroscedastic-d10-s13501-B100-diagnostic-c0.5-none,diagnostic,10,heteroscedastic,13501,100,0.5,9350,0.0818303835888703,64.74993568658829,64.74993568658829,112298496
benchmark-heteroscedastic-d10-s13501-B100-random-c0.5-none,random,10,heteroscedastic,13501,100,0.5,6800,0.1169962224860986,29.385529479011893,29.385529479011893,71350272
benchmark-heteroscedastic-d10-s13501-B400-diagnostic-c0.2-none,diagnostic,10,heteroscedastic,13501,400,0.2,9800,0.0684701291223367,64.88461317680776,64.88461317680776,110992896
benchmark-heteroscedastic-d10-s13501-B400-random-c0.2-none,random,10,heteroscedastic,13501,400,0.2,8650,0.0684701291223367,70.47884220443666,70.47884220443666,70742528
benchmark-heteroscedastic-d10-s13501-B400-diagnostic-c0.5-none,diagnostic,10,heteroscedastic,13501,400,0.5,12400,0.0945317856967449,99.77183573320508,99.77183573320508,112418304
benchmark-heteroscedastic-d10-s13501-B400-random-c0.5-none,random,10,heteroscedastic,13501,400,0.5,8050,0.1231152092417081,25.721074283123016,25.721074283123016,70806016
benchmark-heteroscedastic-d10-s13502-B100-diagnostic-c0.2-none,diagnostic,10,heteroscedastic,13502,100,0.2,9700,0.0752101329465707,82.81337110511959,82.81337110511959,111915520
benchmark-heteroscedastic-d10-s13502-B100-random-c0.2-none,random,10,heteroscedastic,13502,100,0.2,6800,0.1841992909709612,67.12914605624974,67.12914605624974,71218688
benchmark-heteroscedastic-d10-s13502-B100-diagnostic-c0.5-none,diagnostic,10,heteroscedastic,13502,100,0.5,9400,0.0779974001149336,75.88664864003658,75.88664864003658,112813568
benchmark-heteroscedastic-d10-s13502-B100-random-c0.5-none,random,10,heteroscedastic,13502,100,0.5,5700,0.2254435867071151,47.12445908598602,47.12445908598602,71490048
benchmark-heteroscedastic-d10-s13502-B400-diagnostic-c0.2-none,diagnostic,10,heteroscedastic,13502,400,0.2,13600,0.0578148296723763,91.56937986984848,91.56937986984848,111881728
benchmark-heteroscedastic-d10-s13502-B400-random-c0.2-none,random,10,heteroscedastic,13502,400,0.2,9500,0.1794110710422198,68.3201604951173,68.3201604951173,71238144
benchmark-heteroscedastic-d10-s13502-B400-diagnostic-c0.5-none,diagnostic,10,heteroscedastic,13502,400,0.5,12400,0.0625490465511878,67.48345955274999,67.48345955274999,112651776
benchmark-heteroscedastic-d10-s13502-B400-random-c0.5-none,random,10,heteroscedastic,13502,400,0.5,8950,0.21819860364,67.27100025676191,67.27100025676191,71475712
benchmark-heteroscedastic-d10-s13503-B100-diagnostic-c0.2-none,diagnostic,10,heteroscedastic,13503,100,0.2,11000,0.0816298040250937,138.0905203614384,138.0905203614384,112566272
benchmark-heteroscedastic-d10-s13503-B100-random-c0.2-none,random,10,heteroscedastic,13503,100,0.2,7050,0.1163782998919487,31.599832421168685,31.599832421168685,70786560
benchmark-heteroscedastic-d10-s13503-B100-diagnostic-c0.5-none,diagnostic,10,heteroscedastic,13503,100,0.5,8650,0.0872191277643044,36.207520347088575,36.207520347088575,111216640
benchmark-heteroscedastic-d10-s13503-B100-random-c0.5-none,random,10,heteroscedastic,13503,100,0.5,7900,0.0928135129312674,63.88813001662493,63.88813001662493,72523776
benchmark-heteroscedastic-d10-s13503-B400-diagnostic-c0.2-none,diagnostic,10,heteroscedastic,13503,400,0.2,14300,0.0834311681489149,167.93749425187707,167.93749425187707,112827392
benchmark-heteroscedastic-d10-s13503-B400-random-c0.2-none,random,10,heteroscedastic,13503,400,0.2,8450,0.1111015503605206,42.134039502590895,42.134039502590895,71038464
benchmark-heteroscedastic-d10-s13503-B400-diagnostic-c0.5-none,diagnostic,10,heteroscedastic,13503,400,0.5,10150,0.0860912799835205,60.52635636180639,60.52635636180639,113005056
benchmark-heteroscedastic-d10-s13503-B400-random-c0.5-none,random,10,heteroscedastic,13503,400,0.5,10050,0.1115368735045194,85.37113030441105,85.37113030441105,72801792
benchmark-heteroscedastic-d10-s13504-B100-diagnostic-c0.2-none,diagnostic,10,heteroscedastic,13504,100,0.2,7950,0.1637039023141066,88.68706414289773,88.68706414289773,112210432
benchmark-heteroscedastic-d10-s13504-B100-random-c0.2-none,random,10,heteroscedastic,13504,100,0.2,6300,0.1431296380857626,40.02590590715408,40.02590590715408,71227904
benchmark-heteroscedastic-d10-s13504-B100-diagnostic-c0.5-none,diagnostic,10,heteroscedastic,13504,100,0.5,8350,0.2011737364033858,84.80072239786386,84.80072239786386,112709632
benchmark-heteroscedastic-d10-s13504-B100-random-c0.5-none,random,10,heteroscedastic,13504,100,0.5,6800,0.1843164935708046,60.525178868323565,60.525178868323565,71802368
benchmark-heteroscedastic-d10-s13504-B400-diagnostic-c0.2-none,diagnostic,10,heteroscedastic,13504,400,0.2,7200,0.1486191389461358,61.96793966926634,61.96793966926634,111295488
benchmark-heteroscedastic-d10-s13504-B400-random-c0.2-none,random,10,heteroscedastic,13504,400,0.2,7750,0.1486191389461358,57.63435485586524,57.63435485586524,71353344
benchmark-heteroscedastic-d10-s13504-B400-diagnostic-c0.5-none,diagnostic,10,heteroscedastic,13504,400,0.5,11200,0.09763112043341,102.2587393373251,102.2587393373251,113072128
benchmark-heteroscedastic-d10-s13504-B400-random-c0.5-none,random,10,heteroscedastic,13504,400,0.5,9000,0.1791880739231904,78.51330525428057,78.51330525428057,72013312
benchmark-heteroscedastic-d10-s13505-B100-diagnostic-c0.2-none,diagnostic,10,heteroscedastic,13505,100,0.2,11250,0.110550961146752,113.06093788146973,113.06093788146973,112824320
benchmark-heteroscedastic-d10-s13505-B100-random-c0.2-none,random,10,heteroscedastic,13505,100,0.2,7850,0.1871225734551747,61.05208673514426,61.05208673514426,72064000
benchmark-heteroscedastic-d10-s13505-B100-diagnostic-c0.5-none,diagnostic,10,heteroscedastic,13505,100,0.5,11150,0.1435533910989761,98.8445521108806,98.8445521108806,113722368
benchmark-heteroscedastic-d10-s13505-B100-random-c0.5-none,random,10,heteroscedastic,13505,100,0.5,7700,0.2228249572217464,20.06015753559768,20.06015753559768,71758848
benchmark-heteroscedastic-d10-s13505-B400-diagnostic-c0.2-none,diagnostic,10,heteroscedastic,13505,400,0.2,14050,0.100882975384593,100.3796629011631,100.3796629011631,112671232
benchmark-heteroscedastic-d10-s13505-B400-random-c0.2-none,random,10,heteroscedastic,13505,400,0.2,11250,0.1422577301661173,71.51323982328176,71.51323982328176,72595456
benchmark-heteroscedastic-d10-s13505-B400-diagnostic-c0.5-none,diagnostic,10,heteroscedastic,13505,400,0.5,14800,0.1347646191716194,54.30261615663767,54.30261615663767,113399808
benchmark-heteroscedastic-d10-s13505-B400-random-c0.5-none,random,10,heteroscedastic,13505,400,0.5,9300,0.2307926478485266,60.98615318164229,60.98615318164229,72075776
