run_id,study,seed,metadata_variant,candidate_count,llm_edit_attempts,llm_edit_invalid_attempts,llm_edit_rejected_graphs,wall_seconds,peak_vram_bytes
benchmark-heteroscedastic-d5-s41001-B100-semantic-llm_edit-c-1-coherent,semantic,41001,coherent,2,2,0,6,42.48912647552788,16678266880
benchmark-heteroscedastic-d5-s41001-B100-semantic-llm_edit-c-1-anonymous,semantic,41001,anonymous,2,2,0,6,35.6273607108742,16666609152
benchmark-heteroscedastic-d5-s41001-B100-semantic-llm_edit-c-1-shuffled,semantic,41001,shuffled,2,2,0,6,36.60055596753955,16678266880
benchmark-heteroscedastic-d5-s41002-B100-semantic-llm_edit-c-1-coherent,semantic,41002,coherent,1,2,0,6,35.29307605698705,16638571008
benchmark-heteroscedastic-d5-s41002-B100-semantic-llm_edit-c-1-anonymous,semantic,41002,anonymous,2,2,0,6,34.83152837306261,16678374912
benchmark-heteroscedastic-d5-s41002-B100-semantic-llm_edit-c-1-shuffled,semantic,41002,shuffled,1,3,1,6,44.29008130542934,16638571008
benchmark-heteroscedastic-d5-s41003-B100-semantic-llm_edit-c-1-coherent,semantic,41003,coherent,3,2,0,6,37.19983077980578,16725602304
benchmark-heteroscedastic-d5-s41003-B100-semantic-llm_edit-c-1-anonymous,semantic,41003,anonymous,2,4,4,0,56.48396051488817,16653667328
benchmark-heteroscedastic-d5-s41003-B100-semantic-llm_edit-c-1-shuffled,semantic,41003,shuffled,1,3,1,6,46.57300242967904,16634038272
benchmark-heteroscedastic-d5-s41004-B100-semantic-llm_edit-c-1-coherent,semantic,41004,coherent,2,4,4,0,56.15217246860266,16656377856
benchmark-heteroscedastic-d5-s41004-B100-semantic-llm_edit-c-1-anonymous,semantic,41004,anonymous,2,4,4,0,57.40606605634093,16653488128
benchmark-heteroscedastic-d5-s41004-B100-semantic-llm_edit-c-1-shuffled,semantic,41004,shuffled,1,4,4,0,54.89692031592131,16612454912
benchmark-heteroscedastic-d5-s41005-B100-semantic-llm_edit-c-1-coherent,semantic,41005,coherent,2,2,0,6,36.10802645608783,16678036992
benchmark-heteroscedastic-d5-s41005-B100-semantic-llm_edit-c-1-anonymous,semantic,41005,anonymous,2,2,0,6,35.1376344114542,16667742720
benchmark-heteroscedastic-d5-s41005-B100-semantic-llm_edit-c-1-shuffled,semantic,41005,shuffled,1,2,0,6,34.738743061199784,16634073088
chambers-B400-llm_edit-c-1-coherent,real,34001,coherent,1,2,0,6,39.12058649212122,16638653952
chambers-B400-llm_edit-c-1-anonymous,real,34001,anonymous,3,2,0,6,37.02908113598824,16742893056
chambers-B400-llm_edit-c-1-shuffled,real,34001,shuffled,1,2,0,6,35.27278584428132,16638653952
