study,d,family,budget,corruption,metadata_variant,method,independent_scms,sw1_mean,sw1_sd,sw1_min,sw1_max,candidate_mean,wall_seconds_mean,canonical_updates_mean,mean_effect_rmse,coverage_90,width_90
controlled,5,heteroscedastic,100,-1.0,none,additive_oracle,5,0.1030399307608604,0.008144164438852354,0.0937359482049942,0.1153121615449587,1.0,9.034564458206296,2590.0,0.06844323128742572,0.9086995442708334,3.3102645238240562
controlled,5,heteroscedastic,100,-1.0,none,data_only,5,0.10925363798936202,0.03539483686195945,0.0704043582081794,0.1496922969818115,11.0,179.75849524848164,7230.0,0.0961635240347736,0.8950520833333334,3.1858773708343504
controlled,5,heteroscedastic,100,-1.0,none,dcdi,5,0.280084545413653,0.08210307130533163,0.1956035544474919,0.3848161349693934,1.0,25.33579103834927,2290.0,0.20474036732240827,0.8719807942708334,3.1710273583730064
controlled,5,heteroscedastic,100,-1.0,none,oracle,5,0.08299223830302552,0.008778784219163874,0.0704043582081794,0.0935546557108561,1.0,2.264114389196038,2310.0,0.071916851877942,0.9020345052083334,3.220415004094442
controlled,5,heteroscedastic,100,0.0,none,additive_fixed,5,0.1030399307608604,0.008144164438852354,0.0937359482049942,0.1153121615449587,1.0,0.0835842579603195,2590.0,0.06844323128742572,0.9086995442708334,3.3102645238240562
controlled,5,heteroscedastic,100,0.0,none,diagnostic,5,0.0827807560563087,0.009162202736224114,0.0693469469745953,0.0935546557108561,8.0,9.07025393359363,6090.0,0.07248745554601041,0.9019694010416666,3.2194162209828696
controlled,5,heteroscedastic,100,0.0,none,fixed,5,0.08299223830302552,0.008778784219163874,0.0704043582081794,0.0935546557108561,1.0,0.46914154589176177,2310.0,0.071916851877942,0.9020345052083334,3.220415004094442
controlled,5,heteroscedastic,100,0.0,none,random,5,0.08299223830302552,0.008778784219163874,0.0704043582081794,0.0935546557108561,7.0,4.627207116410136,5340.0,0.071916851877942,0.9020345052083334,3.220415004094442
controlled,5,heteroscedastic,100,0.2,none,additive_fixed,5,0.11274283776680623,0.00839809196186493,0.1017785817384719,0.1229568198323249,1.0,2.85246067866683,2640.0,0.07541733020845004,0.9071370442708334,3.2954020341237387
controlled,5,heteroscedastic,100,0.2,none,diagnostic,5,0.0894243123630682,0.02266529007686292,0.0693469469745953,0.1279757680992285,9.8,48.26419117487967,6460.0,0.07831228830987712,0.9029459635416666,3.234264945983887
controlled,5,heteroscedastic,100,0.2,none,fixed,5,0.09455049782991405,0.017199249408277998,0.0769439091285069,0.1228770762681961,1.0,5.278614238277077,2150.0,0.07941463181024325,0.9036295572916666,3.2429635365804037
controlled,5,heteroscedastic,100,0.2,none,random,5,0.09361505011717472,0.020911435759747875,0.0704043582081794,0.1272645642360051,10.6,36.03251455016434,6450.0,0.07247837514601611,0.9008544921875,3.2162912050882975
controlled,5,heteroscedastic,100,0.5,none,additive_fixed,5,0.2217543438076973,0.06420806103300132,0.1124934578935305,0.2779975781838099,1.0,5.043481040745974,2520.0,0.1704091622778104,0.9025065104166666,3.336558262507121
controlled,5,heteroscedastic,100,0.5,none,additive_repair,5,0.11225508302450178,0.008331338392027928,0.1018337458372116,0.1240109751621882,9.8,15.639883990585805,8250.0,0.08060342949855051,0.9080159505208334,3.307746807734172
controlled,5,heteroscedastic,100,0.5,none,diagnostic,5,0.08787846316893891,0.013102093126256667,0.0693469469745953,0.0984080781539281,10.6,32.997449015453455,7070.0,0.07498750474602056,0.8984212239583333,3.184441582361857
controlled,5,heteroscedastic,100,0.5,none,fixed,5,0.20771163155635194,0.06802449245621135,0.0976817334691683,0.2789763708909352,1.0,4.778178425878286,2560.0,0.1626173198329742,0.8966878255208334,3.2668327967325843
controlled,5,heteroscedastic,100,0.5,none,marginal,5,0.11569466789563491,0.07362644301077391,0.0704043582081794,0.2461874882380167,10.2,12.383432449400425,6890.0,0.08889360109835588,0.9009033203125,3.227319065729777
controlled,5,heteroscedastic,100,0.5,none,no_wasserstein,5,0.0984131847818692,0.032106003229340124,0.0704043582081794,0.1524536733826001,10.2,4.092119009792805,6780.0,0.08478468963321839,0.900537109375,3.2214998245239257
controlled,5,heteroscedastic,100,0.5,none,random,5,0.14021188318729394,0.0857879588912321,0.0704043582081794,0.2789763708909352,11.0,16.03594340533018,6290.0,0.09924933835906205,0.8923746744791666,3.212699222564697
controlled,5,heteroscedastic,400,-1.0,none,additive_oracle,5,0.07912173221508659,0.007172714575293494,0.0688237398862838,0.088760107755661,1.0,10.13205308355391,2830.0,0.0604417491837274,0.9041666666666666,3.2363528410593667
controlled,5,heteroscedastic,400,-1.0,none,data_only,5,0.09905399108926449,0.03685770803798875,0.0576034896075725,0.1378326738874117,10.0,189.71487750746311,7670.0,0.0851820394446598,0.8969156901041666,3.1929821014404296
controlled,5,heteroscedastic,400,-1.0,none,dcdi,5,0.17539380739132557,0.07982748797266573,0.0683129827181498,0.2755644520123799,1.0,15.329720095172524,2780.0,0.14278534036747878,0.891162109375,3.194208065668742
controlled,5,heteroscedastic,400,-1.0,none,oracle,5,0.07791717946529386,0.013809873125132132,0.0639824147025744,0.093295581638813,1.0,11.98318439126015,3100.0,0.06981804589512386,0.90068359375,3.1919485569000243
controlled,5,heteroscedastic,400,0.0,none,additive_fixed,5,0.07912173221508659,0.007172714575293494,0.0688237398862838,0.088760107755661,1.0,0.08941510766744608,2830.0,0.0604417491837274,0.9041666666666666,3.2363528410593667
controlled,5,heteroscedastic,400,0.0,none,diagnostic,5,0.08933283040920889,0.03579363360038885,0.0639824147025744,0.1503738363583882,8.2,11.156264451891184,7230.0,0.07757359038140822,0.8998779296875,3.192276970545451
controlled,5,heteroscedastic,400,0.0,none,fixed,5,0.07791717946529386,0.013809873125132132,0.0639824147025744,0.093295581638813,1.0,0.45343323349952697,3100.0,0.06981804589512386,0.90068359375,3.1919485569000243
controlled,5,heteroscedastic,400,0.0,none,random,5,0.07872145225604373,0.012730519567203094,0.0655471310019493,0.0929863775769869,8.2,7.058601544052363,7190.0,0.07227896477364704,0.9005940755208334,3.193138774236043
controlled,5,heteroscedastic,400,0.2,none,additive_fixed,5,0.0909447272618611,0.006309694004037428,0.0827853580315907,0.0983101055026054,1.0,2.731262969225645,2780.0,0.06659195481506212,0.9043538411458334,3.2404725392659506
controlled,5,heteroscedastic,400,0.2,none,diagnostic,5,0.08390543212493255,0.013455868794281633,0.0668634002407391,0.1004943400621414,9.0,58.99633500352502,6730.0,0.07327305677678389,0.9021891276041666,3.2137899716695153
controlled,5,heteroscedastic,400,0.2,none,fixed,5,0.08339303533236182,0.01363203739818298,0.0668634002407391,0.1029115319252014,1.0,8.237191148102283,2960.0,0.07247901700519646,0.9025797526041666,3.213720417022705
controlled,5,heteroscedastic,400,0.2,none,random,5,0.09480672677357989,0.03380876904909861,0.0639824147025744,0.1503738363583882,9.6,30.369910763576627,7190.0,0.07977985591612277,0.900927734375,3.2077427546183266
controlled,5,heteroscedastic,400,0.5,none,additive_fixed,5,0.20325075984001156,0.05574888902584531,0.1065789014101028,0.2413118879000345,1.0,4.368508287891745,2530.0,0.1669492356722762,0.8997395833333334,3.2854872703552247
controlled,5,heteroscedastic,400,0.5,none,diagnostic,5,0.08296496594945588,0.022475094500460154,0.0639824147025744,0.1174457420905431,10.8,37.40279125571251,7590.0,0.07431213048556537,0.9000081380208333,3.1874301115671795
controlled,5,heteroscedastic,400,0.5,none,fixed,5,0.2006864527861277,0.07207924555029097,0.0801777665813763,0.2687305361032486,1.0,4.939618420228362,2740.0,0.16123430208884687,0.8928873697916666,3.205747604370117
controlled,5,heteroscedastic,400,0.5,none,random,5,0.125674245506525,0.083265792731406,0.0654510073363781,0.2687305361032486,11.0,19.002459714934233,7510.0,0.0941368847159257,0.8981852213541666,3.194798978169759
controlled,5,linear,100,-1.0,none,additive_oracle,5,0.0709052463372548,0.009690754164175325,0.0618972939749558,0.0858225102225939,1.0,13.76751393713057,3580.0,0.04407726382803336,0.9050455729166667,3.08808700243632
controlled,5,linear,100,-1.0,none,data_only,5,0.20512085954348241,0.09478674024458825,0.0915318032105763,0.3010463813940684,8.2,145.47815518192948,5620.0,0.1517762011947828,0.8862630208333334,3.0477344353993736
controlled,5,linear,100,-1.0,none,dcdi,5,0.3579998354117075,0.1891633827464521,0.1064304361740748,0.5878094434738159,1.0,25.05543805398047,1980.0,0.29754130769121995,0.8719319661458333,3.169478432337443
controlled,5,linear,100,-1.0,none,oracle,5,0.07875261207421616,0.011916115233653863,0.0647570838530858,0.0928468679388364,1.0,19.852117654681205,1980.0,0.0446821986876465,0.9024495442708333,3.069366677602132
controlled,5,linear,100,0.2,none,additive_fixed,5,0.11098217740654943,0.08161267201304419,0.0632073072095712,0.2564728409051895,1.0,2.539346611872315,3330.0,0.07835882865635671,0.9036051432291666,3.1215513070424397
controlled,5,linear,100,0.2,none,diagnostic,5,0.11413888980944949,0.04580358267563511,0.0664857079585393,0.1869382560253143,9.0,81.72945275269448,6240.0,0.06757506414173914,0.8965576171875,3.0551124890645345
controlled,5,linear,100,0.2,none,fixed,5,0.1226879686117172,0.08883525483124086,0.0664857079585393,0.2799157351255417,1.0,7.169742441922426,2040.0,0.07599829081246687,0.9021077473958334,3.1092734972635903
controlled,5,linear,100,0.2,none,random,5,0.09078372319539382,0.01958258618079429,0.0652205695708592,0.1172550916671752,9.2,27.225522178038954,5510.0,0.05350261875009221,0.9024251302083334,3.076381762822469
controlled,5,linear,100,0.5,none,additive_fixed,5,0.3135128905375798,0.1166369036851155,0.1834350700179735,0.4599419981241226,1.0,6.021837393939495,3260.0,0.29156962841220496,0.8849690755208334,3.192687590916951
controlled,5,linear,100,0.5,none,diagnostic,5,0.15982816616694126,0.08948057925950652,0.088641233742237,0.3015081733465194,11.2,46.85441802963614,6980.0,0.09227953467987689,0.8910481770833334,3.04172314008077
controlled,5,linear,100,0.5,none,fixed,5,0.32559183835983274,0.10773296342167488,0.2076604167620341,0.4665527939796448,1.0,11.476900788769125,2210.0,0.2979827650383559,0.8768717447916667,3.127882146835327
controlled,5,linear,100,0.5,none,random,5,0.2438963045676549,0.14555443162300416,0.0731098751227061,0.3929633498191833,11.2,21.921629643067718,5970.0,0.21105112100255835,0.8799641927083334,3.065360228220622
controlled,5,linear,400,-1.0,none,additive_oracle,5,0.052502003312110856,0.012778271945536816,0.0394354003171126,0.0705753217140833,1.0,13.912716460227966,3580.0,0.03906683029255602,0.9044108072916666,3.0762335141499837
controlled,5,linear,400,-1.0,none,data_only,5,0.17513350819547965,0.15046686815606108,0.0411507313450177,0.4213063319524129,9.8,188.8807152621448,7250.0,0.13605337355588026,0.8882975260416666,3.0559571425120033
controlled,5,linear,400,-1.0,none,dcdi,5,0.186258103698492,0.08732767731360236,0.1037539901832739,0.3098399341106415,1.0,36.96173161305487,2400.0,0.14736404016823995,0.8976969401041666,3.1229804674784343
controlled,5,linear,400,-1.0,none,oracle,5,0.05827056045333538,0.02493836920434693,0.0411507313450177,0.101733682056268,1.0,22.825237108394504,2450.0,0.04662138227749586,0.9037434895833334,3.077810414632162
controlled,5,linear,400,0.2,none,additive_fixed,5,0.10174528161684668,0.086965927285342,0.0529831970731417,0.2566375111540158,1.0,2.2574098821729423,3360.0,0.0762086772596931,0.9013020833333334,3.113440863291422
controlled,5,linear,400,0.2,none,diagnostic,5,0.053962040692567756,0.003994106689255362,0.0487708759804566,0.0580896983544031,8.2,67.14703307673335,6680.0,0.038632257760431374,0.9052001953125,3.088741827011108
controlled,5,linear,400,0.2,none,fixed,5,0.10949023490150767,0.09844886328402618,0.051761416097482,0.2815396822988987,1.0,4.86795930378139,2340.0,0.08566162456095376,0.903076171875,3.1156428654988604
controlled,5,linear,400,0.2,none,random,5,0.06658496136466659,0.02238890940608072,0.0487708759804566,0.102663516998291,9.2,28.381295393034815,6600.0,0.05006806261703918,0.9041829427083332,3.080333185195923
controlled,5,linear,400,0.5,none,additive_fixed,5,0.30861097251375513,0.11831818359293199,0.1625792272388935,0.444748322168986,1.0,6.778106478974223,3460.0,0.29446624626538986,0.8833658854166666,3.1912832419077555
controlled,5,linear,400,0.5,none,diagnostic,5,0.10211725433667493,0.09348006761244754,0.0437987099091211,0.2620628376801808,10.8,52.07557617351413,7790.0,0.07423317048309097,0.9029947916666666,3.103171539306641
controlled,5,linear,400,0.5,none,fixed,5,0.31898040771484376,0.12694672270484378,0.1673355003197988,0.4660980900128682,1.0,11.263855554908513,2220.0,0.30425922460170013,0.8738525390625,3.1277883529663084
controlled,5,linear,400,0.5,none,random,5,0.1938838419814904,0.14454812581099172,0.0437987099091211,0.3675392021735509,10.8,24.574357874318956,6820.0,0.17354024984066316,0.8876546223958334,3.1027160008748376
controlled,5,nonlinear,100,-1.0,none,additive_oracle,5,0.08863466208179788,0.012675969182761907,0.0701904892921447,0.1010350336631139,1.0,11.880908801779151,3400.0,0.0694379375034097,0.9072672526041666,3.1872772852579754
controlled,5,nonlinear,100,-1.0,none,data_only,5,0.19181602348883942,0.10939105700676474,0.0834869022170702,0.3414983948071797,11.0,158.99230403341352,6420.0,0.14689955224953316,0.8815999348958332,3.072714646657308
controlled,5,nonlinear,100,-1.0,none,dcdi,5,0.2677584677934646,0.14443856333807148,0.0831052313248316,0.4295560320218404,1.0,27.342813215777277,1960.0,0.20605293128397745,0.8766357421875,3.103377437591553
controlled,5,nonlinear,100,-1.0,none,oracle,5,0.0963471966485182,0.015179652238437775,0.0834869022170702,0.1211062769095103,1.0,15.253423737362027,1930.0,0.07489444037745861,0.8947021484375,3.0998676776885987
controlled,5,nonlinear,100,0.2,none,additive_fixed,5,0.24004665662844973,0.11719843206492804,0.071379301448663,0.3516784012317657,1.0,3.8277641639113424,3180.0,0.1755363064309986,0.8848470052083334,3.15757204691569
controlled,5,nonlinear,100,0.2,none,diagnostic,5,0.09937167440851524,0.02226329325165746,0.0736164475480715,0.1292341450850168,10.8,51.77044846750796,6730.0,0.0730228202321099,0.8913492838541666,3.0740583101908365
controlled,5,nonlinear,100,0.2,none,fixed,5,0.2361537292599678,0.11703395624866132,0.0674145271380742,0.3670018315315246,1.0,8.765200882777572,1950.0,0.17740363138309995,0.8765462239583334,3.100992329915365
controlled,5,nonlinear,100,0.2,none,random,5,0.24764346281687416,0.17303590371292493,0.0674145271380742,0.5117209305365881,10.6,38.21864527091384,5530.0,0.19627956826796847,0.8677327473958334,3.0465041478474935
controlled,5,nonlinear,100,0.5,none,additive_fixed,5,0.20463517407576237,0.11884096516780089,0.0830287213126818,0.3807813227176666,1.0,4.858977398276329,3500.0,0.16506554374083718,0.8933268229166667,3.1868792851765955
controlled,5,nonlinear,100,0.5,none,diagnostic,5,0.11985803147157029,0.05169423730209836,0.0736164475480715,0.1941653937101364,12.0,33.63581148609519,6860.0,0.10144410798020553,0.8907552083333334,3.0752805709838866
controlled,5,nonlinear,100,0.5,none,fixed,5,0.20848544786373768,0.1278454971341167,0.0804845591386159,0.4108726431926091,1.0,5.46416195333004,2020.0,0.16505190440406664,0.8811116536458334,3.1090245246887207
controlled,5,nonlinear,100,0.5,none,random,5,0.12184228673577306,0.05466399096476787,0.0781287079056104,0.1941653937101364,10.6,15.604939555376768,6260.0,0.1074122194705214,0.8922932942708334,3.084893274307251
controlled,5,nonlinear,400,-1.0,none,additive_oracle,5,0.0681685442725817,0.01302461376366331,0.056078960498174,0.0896301642060279,1.0,11.775596592575312,3270.0,0.055930532239335196,0.9094075520833333,3.2069541454315185
controlled,5,nonlinear,400,-1.0,none,data_only,5,0.18840366030732786,0.16632392778461755,0.0568556090195973,0.4445848663647969,10.6,215.02700009569526,8720.0,0.14054819133440383,0.881787109375,3.084516747792562
controlled,5,nonlinear,400,-1.0,none,dcdi,5,0.22249981438120203,0.1448636272277659,0.0568556090195973,0.441325048605601,1.0,7.250325286760926,2880.0,0.1708698942652855,0.8807942708333334,3.1057171185811363
controlled,5,nonlinear,400,-1.0,none,oracle,5,0.06592595006028808,0.012687009702714394,0.0554341599345207,0.0868058751026789,1.0,20.237132984027266,2820.0,0.06002795124254599,0.895947265625,3.0990615844726563
controlled,5,nonlinear,400,0.2,none,additive_fixed,5,0.24512839665015534,0.1152310001870889,0.0946541056036949,0.3733068853616714,1.0,4.439710048213601,3050.0,0.1789220962130366,0.88896484375,3.1992719014485678
controlled,5,nonlinear,400,0.2,none,diagnostic,5,0.07083104227979974,0.024653834030116218,0.0554341599345207,0.1143706267078717,11.2,59.459707259759305,8170.0,0.05975055781402484,0.8957682291666667,3.095202827453613
controlled,5,nonlinear,400,0.2,none,fixed,5,0.2502077331145604,0.11125585993662268,0.1026072899500529,0.3608563194672267,1.0,9.897239561751485,2750.0,0.18344020960164703,0.8780598958333334,3.1210172335306803
controlled,5,nonlinear,400,0.2,none,random,5,0.18608462065458298,0.17128916236181158,0.0554341599345207,0.3930846303701401,11.2,44.00597848147154,7340.0,0.13727851958253762,0.8894612630208334,3.157126760482788
controlled,5,nonlinear,400,0.5,none,additive_fixed,5,0.2108732918898264,0.1276495953961208,0.1039811596274375,0.4113970001538594,1.0,6.071097499504686,3560.0,0.1684813972523207,0.8939697265625,3.2059634049733483
controlled,5,nonlinear,400,0.5,none,diagnostic,5,0.08057368894418074,0.031156476059932357,0.0543576292693614,0.1148337225119272,12.0,35.89049934148788,9120.0,0.07534953938120416,0.8960205078125,3.107731819152832
controlled,5,nonlinear,400,0.5,none,fixed,5,0.19515320460001623,0.11667731740060808,0.097142939766248,0.3798483163118362,1.0,11.265651267021894,2920.0,0.16796149762422194,0.884228515625,3.124748055140177
controlled,5,nonlinear,400,0.5,none,random,5,0.10663653537631028,0.055036588183868626,0.0543576292693614,0.1844548235336939,10.6,25.857041696459056,8090.0,0.09266491180894168,0.8928792317708334,3.0908657868703204
controlled,10,heteroscedastic,100,-1.0,none,additive_oracle,5,0.07405870966613289,0.006245793633383865,0.0666650384664535,0.080286664267381,1.0,24.500181946530937,6860.0,0.05001477132580066,0.9103425284226736,3.2548774242401124
controlled,10,heteroscedastic,100,-1.0,none,data_only,5,0.1804234402875105,0.06437590435041747,0.1045756116509437,0.283231404920419,12.0,289.27897615246474,10730.0,0.15105420744054213,0.890899888674418,3.176069863637289
controlled,10,heteroscedastic,100,-1.0,none,dcdi,5,0.17655257259805995,0.07734843718373757,0.110165895273288,0.2994743883609772,1.0,72.8853930991143,4130.0,0.14603734797505963,0.8967574556668598,3.2027823050816857
controlled,10,heteroscedastic,100,-1.0,none,oracle,5,0.07412154537936047,0.007912915248489411,0.0618286697814861,0.0839833840727806,1.0,52.08670956864953,4400.0,0.05691437181802578,0.8996039609114328,3.1513808568318686
controlled,10,heteroscedastic,100,0.2,none,additive_fixed,5,0.13609269435207044,0.038403580460294746,0.0822972965737183,0.1794232962032159,1.0,6.342221243679523,6710.0,0.10389077548627194,0.9070692360401154,3.2603247801462807
controlled,10,heteroscedastic,100,0.2,none,diagnostic,5,0.10161178534229594,0.03754721620171168,0.0752101329465707,0.1637039023141066,9.8,99.2031023606658,9650.0,0.07930697693483171,0.8990596115589142,3.1600726366043093
controlled,10,heteroscedastic,100,0.2,none,fixed,5,0.14155878573656078,0.046645648009298206,0.0769641262789567,0.1871225734551747,1.0,16.662993832677603,4480.0,0.10839727979701948,0.8963758746782938,3.163178896903992
controlled,10,heteroscedastic,100,0.2,none,random,5,0.14155878573656078,0.046645648009298206,0.0769641262789567,0.1871225734551747,7.0,53.53392383903265,7020.0,0.10839727979701948,0.8963758746782938,3.163178896903992
controlled,10,heteroscedastic,100,0.5,none,additive_fixed,5,0.15787407532334324,0.05759115560011137,0.0894458231826623,0.2172520831227302,1.0,10.908322448655962,6450.0,0.1310289238105155,0.9065248926480611,3.282218519846598
controlled,10,heteroscedastic,100,0.5,none,diagnostic,5,0.11835480779409405,0.05344653409152594,0.0779974001149336,0.2011737364033858,10.6,72.09787583649158,9380.0,0.08616595014887818,0.9011013527711234,3.1915123383204143
controlled,10,heteroscedastic,100,0.5,none,fixed,5,0.167642210672299,0.06274170928228,0.0872191277643044,0.2254435867071151,1.0,28.897068581357598,3970.0,0.1342130313293525,0.8958261032899222,3.186815182367961
controlled,10,heteroscedastic,100,0.5,none,random,5,0.1684789545834064,0.06087901058975437,0.0928135129312674,0.2254435867071151,8.6,44.19669099710882,6980.0,0.13751407569222981,0.8945945501327515,3.178880492846171
controlled,10,heteroscedastic,400,-1.0,none,additive_oracle,5,0.06503797856469946,0.004269680927462595,0.0588524894167979,0.0696287875374158,1.0,23.811647329479456,7080.0,0.046009033735598046,0.9073441187540692,3.220609815915425
controlled,10,heteroscedastic,400,-1.0,none,data_only,5,0.12288964974383507,0.05142879609978573,0.064908493310213,0.1810455024242401,11.6,318.98161022812127,12460.0,0.10153710214506677,0.8984772940476736,3.1812947909037272
controlled,10,heteroscedastic,400,-1.0,none,dcdi,5,0.11446309536695476,0.06990351807414788,0.0581590334574381,0.2341190055012703,1.0,72.97608955875039,5810.0,0.09708644632928838,0.8982385754585266,3.171676588058472
controlled,10,heteroscedastic,400,-1.0,none,oracle,5,0.0600983312974373,0.007450506680389029,0.0515274095038572,0.0681445424755414,1.0,26.120157972723245,5600.0,0.0482832997739791,0.9008536001046499,3.1525376876195272
controlled,10,heteroscedastic,400,0.2,none,additive_fixed,5,0.1333620385577281,0.04038798624163922,0.0751454575608174,0.1781882308423519,1.0,6.630153852701187,7130.0,0.10187783224334272,0.9040726304054261,3.2321567058563234
controlled,10,heteroscedastic,400,0.2,none,diagnostic,5,0.09184364825487133,0.03563782222051599,0.0578148296723763,0.1486191389461358,9.2,97.34781797379256,11790.0,0.0763105614318219,0.9008373200893403,3.1712147076924646
controlled,10,heteroscedastic,400,0.2,none,fixed,5,0.13279125640789663,0.04355112263651202,0.0684701291223367,0.1794110710422198,1.0,17.412476540356874,5790.0,0.10691878021774304,0.8956271787484488,3.160652335484823
controlled,10,heteroscedastic,400,0.2,none,random,5,0.12997192392746604,0.04207567793015567,0.0684701291223367,0.1794110710422198,7.6,62.016127376258375,9120.0,0.1046300117539131,0.8962149242560068,3.164471960067749
controlled,10,heteroscedastic,400,0.5,none,additive_fixed,5,0.16036265492439267,0.06229463851060719,0.0792474225163459,0.2167927573124567,1.0,11.470805935189128,6770.0,0.13237604467717076,0.9034885088602701,3.25779983997345
controlled,10,heteroscedastic,400,0.5,none,diagnostic,5,0.09511357036729652,0.026080318911777898,0.0625490465511878,0.1347646191716194,12.0,76.86860142834485,12190.0,0.0781684439188883,0.9002531905968985,3.168904725710551
controlled,10,heteroscedastic,400,0.5,none,fixed,5,0.16288728167613345,0.06649038010507212,0.0714151908953984,0.2307926478485266,1.0,33.626785376295445,5370.0,0.13291923872016312,0.8953956961631775,3.190772366523743
controlled,10,heteroscedastic,400,0.5,none,random,5,0.17256628163158888,0.054051974720427706,0.1115368735045194,0.2307926478485266,8.6,63.57253265604377,9070.0,0.14282407222720922,0.894496895869573,3.188726607958476
controlled,10,linear,100,-1.0,none,additive_oracle,5,0.06618944170574342,0.009451235805138968,0.0511996634304523,0.0762041794757048,1.0,32.48788713477552,8240.0,0.050578701461590915,0.9054687539736431,3.2050120512644455
controlled,10,linear,100,-1.0,none,data_only,5,0.20353680141270156,0.0900281270132584,0.062751139824589,0.3098293667038281,10.2,280.06167013682426,10290.0,0.1828423152600383,0.8851020038127899,3.1695321480433147
controlled,10,linear,100,-1.0,none,dcdi,5,0.22284701168537135,0.0772202554999747,0.1414929615954558,0.3444293489058812,1.0,84.3259232006967,4170.0,0.19437933660155932,0.8821940203507742,3.1587066411972047
controlled,10,linear,100,-1.0,none,oracle,5,0.06802305417756234,0.00895499196513198,0.055442476645112,0.076870843147238,1.0,49.705678353086114,4440.0,0.04992673499050848,0.8941279709339142,3.106380033493042
controlled,10,linear,100,0.2,none,additive_fixed,5,0.12949432258804633,0.05747934472006513,0.0512348723908265,0.2007876485586166,1.0,10.222395210713149,8110.0,0.11351943907788231,0.8946903983751933,3.170244304339091
controlled,10,linear,100,0.2,none,diagnostic,5,0.10582857889433699,0.03475540573471912,0.0598807701220115,0.1455454938113689,10.6,119.32338585145772,10850.0,0.08613350650965942,0.8945981681346893,3.142095518112183
controlled,10,linear,100,0.2,none,fixed,5,0.13672222929696237,0.051270235702548246,0.0573897206534942,0.1916698018709818,1.0,29.84317260198295,4360.0,0.10993641885414222,0.8853425304094952,3.095820673306783
controlled,10,linear,100,0.2,none,random,5,0.1371859367936849,0.05030588010789153,0.0598807701220115,0.1916698018709818,9.0,60.723651660978796,8200.0,0.11019057490105011,0.8858018716176351,3.100491635004679
controlled,10,linear,100,0.5,none,additive_fixed,5,0.1937469432751337,0.04030206481717839,0.1343169802178939,0.2376783018310864,1.0,16.088706150650978,7740.0,0.1474289141959309,0.8925491988658905,3.1887046655019127
controlled,10,linear,100,0.5,none,diagnostic,5,0.11263205036520954,0.03792480459110485,0.0604388502736886,0.1593883757789929,11.6,101.7881794091314,10240.0,0.0861891059927957,0.8982982575893402,3.173415811856588
controlled,10,linear,100,0.5,none,fixed,5,0.1998140027125676,0.03134534266497354,0.1610129947463671,0.2287750393152237,1.0,47.41671637520194,4480.0,0.14676851589917098,0.8868399202823639,3.155163073539734
controlled,10,linear,100,0.5,none,random,5,0.19777633001406986,0.03830468404484839,0.1580938808619976,0.2480985559523105,9.6,78.26048932410777,7960.0,0.15147341040823734,0.8834183414777119,3.123869140942891
controlled,10,linear,400,-1.0,none,additive_oracle,5,0.05234787190953886,0.005293644829635714,0.0473229431857665,0.0605009042968352,1.0,30.895591048896314,7880.0,0.044026080504235024,0.906217453877131,3.2077927430470785
controlled,10,linear,400,-1.0,none,data_only,5,0.21578716263175007,0.09432325805982093,0.0509577070673306,0.285365176697572,9.4,296.54946648590266,11270.0,0.19079652394039948,0.8818088153998058,3.168179678916931
controlled,10,linear,400,-1.0,none,dcdi,5,0.16855141433576737,0.05306744686983203,0.0928665399551391,0.2364918887615203,1.0,72.31323783248664,5240.0,0.1442730940697377,0.8961914122104645,3.2205509742101035
controlled,10,linear,400,-1.0,none,oracle,5,0.05740800797939294,0.006622105486972651,0.0474044407407442,0.0654523931443691,1.0,46.936297905817625,5210.0,0.04223439714525786,0.900249574581782,3.1569796085357664
controlled,10,linear,400,0.2,none,additive_fixed,5,0.12679059741397694,0.05443578718944026,0.0523986965417861,0.1937837998072306,1.0,11.048182483762503,8140.0,0.10862160110617183,0.8971480826536814,3.193792390823364
controlled,10,linear,400,0.2,none,diagnostic,5,0.06857759021222586,0.02207412058915066,0.052537428215146,0.1060130583743254,10.2,119.7280661959201,10950.0,0.059054539338803204,0.9006926417350769,3.168209966023763
controlled,10,linear,400,0.2,none,fixed,5,0.13220161621769264,0.05113787892783449,0.052537428215146,0.1885142525037129,1.0,32.276464918255805,5140.0,0.11081619855083044,0.8916540106137594,3.148988111813863
controlled,10,linear,400,0.2,none,random,5,0.13220161621769264,0.05113787892783449,0.052537428215146,0.1885142525037129,7.0,73.98506321832538,9120.0,0.11081619855083044,0.8916540106137594,3.148988111813863
controlled,10,linear,400,0.5,none,additive_fixed,5,0.19221393950283527,0.04585939374701768,0.1281807490934928,0.2363879308104515,1.0,17.24950926974416,7940.0,0.14654769043939486,0.8948784788449606,3.2029693682988487
controlled,10,linear,400,0.5,none,diagnostic,5,0.11903658000131442,0.04631672668225878,0.0516310247282187,0.1691181063652038,12.0,145.6683120533824,11700.0,0.10390326494585604,0.8958188712596893,3.1694377581278483
controlled,10,linear,400,0.5,none,fixed,5,0.19568093853692212,0.03854244344927085,0.1535816732794046,0.2339840879042943,1.0,53.77163022533059,5120.0,0.1474608239825,0.8895887653032938,3.163613589604696
controlled,10,linear,400,0.5,none,random,5,0.16246113181114194,0.025915551033479704,0.1301998794078827,0.1984281366070111,12.0,113.98224215731025,10470.0,0.13262593300397607,0.888076897462209,3.1186588366826378
controlled,10,nonlinear,100,-1.0,none,additive_oracle,5,0.07546459933121993,0.011701978598813757,0.0621896100540955,0.0926068983972072,1.0,24.281784910708666,6710.0,0.053112695765446194,0.9135688006877899,3.297941470146179
controlled,10,nonlinear,100,-1.0,none,data_only,5,0.1717746816575527,0.055779318035711394,0.0963170391817887,0.2321746436258157,10.6,246.57723613679408,8940.0,0.16015612692987952,0.8931984285513559,3.2159319480260207
controlled,10,nonlinear,100,-1.0,none,dcdi,5,0.13527666479349132,0.036791209481819846,0.1028263928989569,0.1880473432441552,1.0,84.28317485377192,4170.0,0.11779188904930353,0.8997848014036816,3.2145802974700928
controlled,10,nonlinear,100,-1.0,none,oracle,5,0.07014158194263773,0.0074187455603316535,0.0619514801849921,0.0775388820717732,1.0,39.75347747057676,4450.0,0.055116416326552696,0.9032154242197672,3.199594283103943
controlled,10,nonlinear,100,0.2,none,additive_fixed,5,0.14562676275769865,0.04500072928484907,0.089613943050305,0.1937172499795754,1.0,5.4291584644466635,6130.0,0.10698018497286306,0.9126157442728677,3.335046188036601
controlled,10,nonlinear,100,0.2,none,diagnostic,5,0.10472617931663986,0.04401676031344699,0.0623730942606925,0.1704726728300253,10.6,105.71899003349245,10080.0,0.06885429876614138,0.9008282721042633,3.197975500424703
controlled,10,nonlinear,100,0.2,none,fixed,5,0.14969950939218202,0.04437632615529275,0.0878788704673449,0.1972807248433431,1.0,24.129136146232486,4490.0,0.11024287263453487,0.8996527791023254,3.2232881228129067
controlled,10,nonlinear,100,0.2,none,random,5,0.15017633313934006,0.04486274738908826,0.0878788704673449,0.1972807248433431,7.6,58.55340578481555,7340.0,0.11171267264603746,0.8993109822273254,3.2204407691955566
controlled,10,nonlinear,100,0.5,none,additive_fixed,5,0.1731259355942408,0.04229615597933419,0.1229929265876611,0.2253096836308638,1.0,13.19441751614213,6700.0,0.14853770724009824,0.9038230697313944,3.2842263142267862
controlled,10,nonlinear,100,0.5,none,diagnostic,5,0.13985879123210904,0.01408171264347176,0.1258536664148171,0.1623203170796235,11.2,98.41366099491715,10380.0,0.107991832130008,0.8989963134129842,3.195012394587199
controlled,10,nonlinear,100,0.5,none,fixed,5,0.17627315595746035,0.041338652853896395,0.1326412434379259,0.2378459398945172,1.0,45.502619065716864,4530.0,0.1457684085762687,0.8921621898810068,3.1885289033253987
controlled,10,nonlinear,100,0.5,none,random,5,0.16117742980519925,0.043670219394788636,0.1326412434379259,0.2378459398945172,8.6,67.90073614008725,7610.0,0.1312031566983583,0.8927553633848826,3.180432669321696
controlled,10,nonlinear,400,-1.0,none,additive_oracle,5,0.059266696373621565,0.004736780675000549,0.0556695895890394,0.0668374945720036,1.0,26.90612942352891,7280.0,0.0486441240590259,0.9083713173866272,3.239458958307902
controlled,10,nonlinear,400,-1.0,none,data_only,5,0.15334115885198113,0.04957577537675261,0.0936027603844801,0.2029675741990407,9.6,299.7583547994494,11030.0,0.14613787231889772,0.8935203313827514,3.2025767087936403
controlled,10,nonlinear,400,-1.0,none,dcdi,5,0.1254870490481456,0.05129336445110404,0.0741002696255842,0.1847540189822515,1.0,88.81714604049921,5130.0,0.11164459626290961,0.8992115199565888,3.207668272654215
controlled,10,nonlinear,400,-1.0,none,oracle,5,0.056544671207666354,0.007564534341595796,0.049978332594037,0.0694100751231114,1.0,20.72674470692873,5460.0,0.04930330732090396,0.902705442905426,3.1910799582799276
controlled,10,nonlinear,400,0.2,none,additive_fixed,5,0.14199700082341823,0.052430233381208745,0.0700609236955642,0.2039331744114557,1.0,6.774131248891353,7180.0,0.10752303448204029,0.9039442360401153,3.2539884408315025
controlled,10,nonlinear,400,0.2,none,diagnostic,5,0.06924793521563206,0.02547278615188302,0.049978332594037,0.1138313114643096,10.6,145.30538966581224,12170.0,0.057513464637528065,0.9004485070705414,3.1756884415944415
controlled,10,nonlinear,400,0.2,none,fixed,5,0.14113182947039601,0.05495439906537907,0.0634505984683831,0.2059977129101753,1.0,26.196444834396242,5400.0,0.10686418130947037,0.8974826474984487,3.1979206562042237
controlled,10,nonlinear,400,0.2,none,random,5,0.12613044617076713,0.06402448406174076,0.0613266807049512,0.2059977129101753,8.6,77.93135664835572,9300.0,0.10733890933870922,0.8973922272523245,3.192127807935079
controlled,10,nonlinear,400,0.5,none,additive_fixed,5,0.16942802270253493,0.043096161141036204,0.1165440852443377,0.220265998194615,1.0,11.912171093374491,6810.0,0.14783934340352714,0.8977358261744183,3.230779584248861
controlled,10,nonlinear,400,0.5,none,diagnostic,5,0.11071313594778376,0.02400947460659708,0.0687983470658461,0.1286025842030843,10.2,103.8845772407949,11330.0,0.09299922272555047,0.9007649819056193,3.196164059638977
controlled,10,nonlinear,400,0.5,none,fixed,5,0.16852663954099018,0.047858824155950073,0.1141354752083619,0.2300141317149003,1.0,48.88074857704341,5230.0,0.14647275245320435,0.8918420910835266,3.1806644201278687
controlled,10,nonlinear,400,0.5,none,random,5,0.14911334142088886,0.04711349321017259,0.1141354752083619,0.2300141317149003,8.6,80.7212779469788,8860.0,0.13216597443853453,0.8932382166385651,3.1752621094385782
real,6,real,400,-1.0,anonymous,diagnostic,1,0.0863949457804362,,0.0863949457804362,0.0863949457804362,11.0,48.31446134112775,11250.0,0.1205393975379921,0.9077999790509542,3.225963513056437
real,6,real,400,-1.0,anonymous,fixed,1,0.0828350732723871,,0.0828350732723871,0.0828350732723871,3.0,29.82520999573171,6150.0,0.1064951362270277,0.9039333264033,3.2113049030303955
real,6,real,400,-1.0,anonymous,llm_edit,1,0.0828350732723871,,0.0828350732723871,0.0828350732723871,3.0,37.02908113598824,6150.0,0.1064951362270277,0.9039333264033,3.2113049030303955
real,6,real,400,-1.0,anonymous,random,1,0.0863949457804362,,0.0863949457804362,0.0863949457804362,11.0,2.1180611476302147,10600.0,0.1205393975379921,0.9077999790509542,3.225963513056437
real,6,real,400,-1.0,coherent,diagnostic,1,0.0904855579137802,,0.0904855579137802,0.0904855579137802,11.0,3.8359905928373337,10900.0,0.1223519856973013,0.9037999908129374,3.2090389728546143
real,6,real,400,-1.0,coherent,fixed,1,0.0856653476754824,,0.0856653476754824,0.0856653476754824,1.0,0.3400163911283016,4600.0,0.1235303432397135,0.9054666558901469,3.2176172733306885
real,6,real,400,-1.0,coherent,llm_edit,1,0.0856653476754824,,0.0856653476754824,0.0856653476754824,1.0,39.12058649212122,4600.0,0.1235303432397135,0.9054666558901469,3.2176172733306885
real,6,real,400,-1.0,coherent,random,1,0.0846311822533607,,0.0846311822533607,0.0846311822533607,12.0,50.05685080587864,10100.0,0.1218795838546362,0.9072666565577188,3.2250858147939048
real,6,real,400,-1.0,none,data_only,1,0.0904855579137802,,0.0904855579137802,0.0904855579137802,11.0,197.09407315589488,10900.0,0.1223519856973013,0.9037999908129374,3.2090389728546143
real,6,real,400,-1.0,none,dcdi,1,0.0890701462825139,,0.0890701462825139,0.0890701462825139,1.0,13.75403467938304,4450.0,0.1186397100744253,0.9016666213671366,3.208847920099894
real,6,real,400,-1.0,shuffled,diagnostic,1,0.0904855579137802,,0.0904855579137802,0.0904855579137802,11.0,3.4457589481025934,10900.0,0.1223519856973013,0.9037999908129374,3.2090389728546143
real,6,real,400,-1.0,shuffled,fixed,1,0.0856653476754824,,0.0856653476754824,0.0856653476754824,1.0,0.3118694927543401,4600.0,0.1235303432397135,0.9054666558901469,3.2176172733306885
real,6,real,400,-1.0,shuffled,llm_edit,1,0.0856653476754824,,0.0856653476754824,0.0856653476754824,1.0,35.27278584428132,4600.0,0.1235303432397135,0.9054666558901469,3.2176172733306885
real,6,real,400,-1.0,shuffled,random,1,0.0846311822533607,,0.0846311822533607,0.0846311822533607,12.0,2.175492575392127,10100.0,0.1218795838546362,0.9072666565577188,3.2250858147939048
semantic,5,heteroscedastic,100,-1.0,anonymous,diagnostic,5,0.131099085509777,0.04281693107079156,0.0702944298585255,0.1746194437146186,11.8,11.259928319603205,5940.0,0.08398619161111251,0.89609375,3.240392335255941
semantic,5,heteroscedastic,100,-1.0,anonymous,fixed,5,0.10927211369077358,0.038859359996528675,0.0669600305457909,0.1679284423589706,2.0,3.1959391582757233,2970.0,0.07934198381255536,0.8943929036458333,3.2139145533243814
semantic,5,heteroscedastic,100,-1.0,anonymous,llm_edit,5,0.10927211369077358,0.038859359996528675,0.0669600305457909,0.1679284423589706,2.0,43.897310013324024,2970.0,0.07934198381255536,0.8943929036458333,3.2139145533243814
semantic,5,heteroscedastic,100,-1.0,anonymous,random,5,0.12279127637545259,0.040313603633140196,0.0702944298585255,0.1746194437146186,12.0,3.017798895016312,5740.0,0.08620971489838304,0.8957682291666667,3.2357380072275794
semantic,5,heteroscedastic,100,-1.0,coherent,diagnostic,5,0.13221120585997895,0.040983113544946735,0.0702944298585255,0.171882097919782,11.2,5.948163441196084,5800.0,0.0825269380809278,0.8940185546875,3.2226873079935707
semantic,5,heteroscedastic,100,-1.0,coherent,fixed,5,0.10710255578160281,0.040607548776865926,0.0669600305457909,0.171882097919782,2.0,5.521993966773152,2960.0,0.07847838780711344,0.8926595052083334,3.1972174326578773
semantic,5,heteroscedastic,100,-1.0,coherent,llm_edit,5,0.10710255578160281,0.040607548776865926,0.0669600305457909,0.171882097919782,2.0,41.44844644740224,2960.0,0.07847838780711344,0.8926595052083334,3.1972174326578773
semantic,5,heteroscedastic,100,-1.0,coherent,random,5,0.123158286511898,0.038969904629901894,0.0702944298585255,0.171882097919782,11.2,9.849325497075915,5730.0,0.08472655321928299,0.8935221354166666,3.215753714243571
semantic,5,heteroscedastic,100,-1.0,none,additive_oracle,5,0.09312778860330578,0.01264556254334988,0.0734852378567059,0.1050470769405365,1.0,4.551227573677897,2190.0,0.05684361392321202,0.9070068359375,3.320151710510254
semantic,5,heteroscedastic,100,-1.0,none,data_only,5,0.13275867501894628,0.041658260681607405,0.0702944298585255,0.1746194437146186,12.0,116.52387387678027,5780.0,0.08139944603829158,0.8946370442708333,3.228514830271403
semantic,5,heteroscedastic,100,-1.0,none,dcdi,5,0.09916758884986239,0.017562369604388152,0.0802853355805079,0.1191538323958714,1.0,1.3404767248779534,2270.0,0.054913744198637926,0.89453125,3.201026693979899
semantic,5,heteroscedastic,100,-1.0,none,oracle,5,0.08569052939613656,0.0156533534234234,0.0669600305457909,0.1047378604610761,1.0,0.24630224481225013,2390.0,0.06360434916987381,0.8929117838541666,3.185552390416463
semantic,5,heteroscedastic,100,-1.0,shuffled,diagnostic,5,0.13275867501894628,0.041658260681607405,0.0702944298585255,0.1746194437146186,12.0,2.747464953735471,5780.0,0.08139944603829158,0.8946370442708333,3.228514830271403
semantic,5,heteroscedastic,100,-1.0,shuffled,fixed,5,0.08798201506336524,0.019503813000278813,0.0669600305457909,0.1161952887972195,1.2,0.26419466510415074,2500.0,0.06508581202030791,0.8929036458333334,3.186811526616414
semantic,5,heteroscedastic,100,-1.0,shuffled,llm_edit,5,0.08798201506336524,0.019503813000278813,0.0669600305457909,0.1161952887972195,1.2,43.4198606159538,2500.0,0.06508581202030791,0.8929036458333334,3.186811526616414
semantic,5,heteroscedastic,100,-1.0,shuffled,random,5,0.10985611478487645,0.027983228258776614,0.0702944298585255,0.1486584246158599,12.0,5.431771720945835,5840.0,0.07073613586306282,0.8924153645833334,3.194687557220459
