run_id,model,target,outcome,setting,mean,predictive_q05,predictive_q95,fitting_intervention_min,fitting_intervention_max,monte_carlo_se,samples
benchmark-linear-d5-s11005-B400-diagnostic-c0.5-none,fixed,2,3,-2.0,-0.2065642774105072,-1.960983157157898,1.5582069158554077,0.30075207352638245,1.711980938911438,0.023412935230192007,2048
benchmark-linear-d5-s11005-B400-diagnostic-c0.5-none,diagnostic,2,3,-2.0,1.0463186502456665,-0.4952390789985657,2.430213212966919,0.30075207352638245,1.711980938911438,0.020181596940956496,2048
benchmark-linear-d5-s11005-B400-diagnostic-c0.5-none,oracle,2,3,-2.0,1.0561721324920654,-0.42607399821281433,2.432635545730591,0.30075207352638245,1.711980938911438,0.019770562435032033,2048
benchmark-linear-d5-s11005-B400-diagnostic-c0.5-none,truth,2,3,-2.0,1.096490502357483,-0.26685768365859985,2.5155630111694336,0.30075207352638245,1.711980938911438,0.01882410885360435,2048
benchmark-linear-d5-s11005-B400-diagnostic-c0.5-none,fixed,2,3,-1.8,-0.2065642774105072,-1.960983157157898,1.5582069158554077,0.30075207352638245,1.711980938911438,0.023412935230192007,2048
benchmark-linear-d5-s11005-B400-diagnostic-c0.5-none,diagnostic,2,3,-1.8,0.9453843832015991,-0.5969100594520569,2.342561960220337,0.30075207352638245,1.711980938911438,0.020225097756975802,2048
benchmark-linear-d5-s11005-B400-diagnostic-c0.5-none,oracle,2,3,-1.8,0.9550905227661133,-0.5143855810165405,2.3393714427948,0.30075207352638245,1.711980938911438,0.019810441256257437,2048
benchmark-linear-d5-s11005-B400-diagnostic-c0.5-none,truth,2,3,-1.8,0.9875301122665405,-0.37581804394721985,2.406602621078491,0.30075207352638245,1.711980938911438,0.01882410885360435,2048
benchmark-linear-d5-s11005-B400-diagnostic-c0.5-none,fixed,2,3,-1.6,-0.2065642774105072,-1.960983157157898,1.5582069158554077,0.30075207352638245,1.711980938911438,0.023412935230192007,2048
benchmark-linear-d5-s11005-B400-diagnostic-c0.5-none,diagnostic,2,3,-1.6,0.8431236743927002,-0.6950461864471436,2.255624294281006,0.30075207352638245,1.711980938911438,0.020258313424869435,2048
benchmark-linear-d5-s11005-B400-diagnostic-c0.5-none,oracle,2,3,-1.6,0.8527134656906128,-0.6121320128440857,2.2494523525238037,0.30075207352638245,1.711980938911438,0.0198417787552143,2048
benchmark-linear-d5-s11005-B400-diagnostic-c0.5-none,truth,2,3,-1.6,0.8785699605941772,-0.4847782254219055,2.297642469406128,0.30075207352638245,1.711980938911438,0.01882410885360435,2048
benchmark-linear-d5-s11005-B400-diagnostic-c0.5-none,fixed,2,3,-1.4,-0.2065642774105072,-1.960983157157898,1.5582069158554077,0.30075207352638245,1.711980938911438,0.023412935230192007,2048
benchmark-linear-d5-s11005-B400-diagnostic-c0.5-none,diagnostic,2,3,-1.4,0.7397208213806152,-0.7960264682769775,2.1632590293884277,0.30075207352638245,1.711980938911438,0.020281803707469178,2048
benchmark-linear-d5-s11005-B400-diagnostic-c0.5-none,oracle,2,3,-1.4,0.7492133975028992,-0.7054144740104675,2.154829740524292,0.30075207352638245,1.711980938911438,0.019863749117089623,2048
benchmark-linear-d5-s11005-B400-diagnostic-c0.5-none,truth,2,3,-1.4,0.7696096301078796,-0.5937385559082031,2.1886818408966064,0.30075207352638245,1.711980938911438,0.01882410885360435,2048
benchmark-linear-d5-s11005-B400-diagnostic-c0.5-none,fixed,2,3,-1.2,-0.2065642774105072,-1.960983157157898,1.5582069158554077,0.30075207352638245,1.711980938911438,0.023412935230192007,2048
benchmark-linear-d5-s11005-B400-diagnostic-c0.5-none,diagnostic,2,3,-1.2,0.6353327035903931,-0.8969328999519348,2.0709080696105957,0.30075207352638245,1.711980938911438,0.02029554358008373,2048
benchmark-linear-d5-s11005-B400-diagnostic-c0.5-none,oracle,2,3,-1.2,0.6446816921234131,-0.803166925907135,2.060642719268799,0.30075207352638245,1.711980938911438,0.019876012532917275,2048
benchmark-linear-d5-s11005-B400-diagnostic-c0.5-none,truth,2,3,-1.2,0.6606494188308716,-0.702698826789856,2.0797219276428223,0.30075207352638245,1.711980938911438,0.01882410885360435,2048
benchmark-linear-d5-s11005-B400-diagnostic-c0.5-none,fixed,2,3,-1.0,-0.2065642774105072,-1.960983157157898,1.5582069158554077,0.30075207352638245,1.711980938911438,0.023412935230192007,2048
benchmark-linear-d5-s11005-B400-diagnostic-c0.5-none,diagnostic,2,3,-1.0,0.5300590991973877,-0.998511016368866,1.9797604084014893,0.30075207352638245,1.711980938911438,0.02029883761971266,2048
benchmark-linear-d5-s11005-B400-diagnostic-c0.5-none,oracle,2,3,-1.0,0.5392467975616455,-0.907176673412323,1.9692943096160889,0.30075207352638245,1.711980938911438,0.019879783358769984,2048
benchmark-linear-d5-s11005-B400-diagnostic-c0.5-none,truth,2,3,-1.0,0.5516890287399292,-0.8116591572761536,1.9707615375518799,0.30075207352638245,1.711980938911438,0.01882410885360435,2048
benchmark-linear-d5-s11005-B400-diagnostic-c0.5-none,fixed,2,3,-0.7999999999999998,-0.2065642774105072,-1.960983157157898,1.5582069158554077,0.30075207352638245,1.711980938911438,0.023412935230192007,2048
benchmark-linear-d5-s11005-B400-diagnostic-c0.5-none,diagnostic,2,3,-0.7999999999999998,0.4240434169769287,-1.1056876182556152,1.8851162195205688,0.30075207352638245,1.711980938911438,0.02029040561583245,2048
benchmark-linear-d5-s11005-B400-diagnostic-c0.5-none,oracle,2,3,-0.7999999999999998,0.43305158615112305,-1.0105918645858765,1.8703515529632568,0.30075207352638245,1.711980938911438,0.019874658565408862,2048
benchmark-linear-d5-s11005-B400-diagnostic-c0.5-none,truth,2,3,-0.7999999999999998,0.44272878766059875,-0.9206194281578064,1.861801266670227,0.30075207352638245,1.711980938911438,0.01882410885360435,2048
benchmark-linear-d5-s11005-B400-diagnostic-c0.5-none,fixed,2,3,-0.5999999999999999,-0.2065642774105072,-1.960983157157898,1.5582069158554077,0.30075207352638245,1.711980938911438,0.023412935230192007,2048
benchmark-linear-d5-s11005-B400-diagnostic-c0.5-none,diagnostic,2,3,-0.5999999999999999,0.3174494504928589,-1.2153406143188477,1.782850980758667,0.30075207352638245,1.711980938911438,0.020270320008338977,2048
benchmark-linear-d5-s11005-B400-diagnostic-c0.5-none,oracle,2,3,-0.5999999999999999,0.3262440264225006,-1.1188523769378662,1.7729308605194092,0.30075207352638245,1.711980938911438,0.019859064231459833,2048
benchmark-linear-d5-s11005-B400-diagnostic-c0.5-none,truth,2,3,-0.5999999999999999,0.3337685465812683,-1.029579520225525,1.7528409957885742,0.30075207352638245,1.711980938911438,0.01882410885360435,2048
benchmark-linear-d5-s11005-B400-diagnostic-c0.5-none,fixed,2,3,-0.3999999999999999,-0.2065642774105072,-1.960983157157898,1.5582069158554077,0.30075207352638245,1.711980938911438,0.023412935230192007,2048
benchmark-linear-d5-s11005-B400-diagnostic-c0.5-none,diagnostic,2,3,-0.3999999999999999,0.2105361372232437,-1.3218326568603516,1.6788594722747803,0.30075207352638245,1.711980938911438,0.02023856499216405,2048
benchmark-linear-d5-s11005-B400-diagnostic-c0.5-none,oracle,2,3,-0.3999999999999999,0.21906691789627075,-1.2265294790267944,1.6719772815704346,0.30075207352638245,1.711980938911438,0.019833117577845314,2048
benchmark-linear-d5-s11005-B400-diagnostic-c0.5-none,truth,2,3,-0.3999999999999999,0.22480826079845428,-1.1385397911071777,1.6438807249069214,0.30075207352638245,1.711980938911438,0.01882410885360435,2048
benchmark-linear-d5-s11005-B400-diagnostic-c0.5-none,fixed,2,3,-0.19999999999999996,-0.2065642774105072,-1.960983157157898,1.5582069158554077,0.30075207352638245,1.711980938911438,0.023412935230192007,2048
benchmark-linear-d5-s11005-B400-diagnostic-c0.5-none,diagnostic,2,3,-0.19999999999999996,0.10348886996507645,-1.4238530397415161,1.5775200128555298,0.30075207352638245,1.711980938911438,0.020194891637483652,2048
benchmark-linear-d5-s11005-B400-diagnostic-c0.5-none,oracle,2,3,-0.19999999999999996,0.11174158751964569,-1.3354567289352417,1.565300703048706,0.30075207352638245,1.711980938911438,0.01979702933880786,2048
benchmark-linear-d5-s11005-B400-diagnostic-c0.5-none,truth,2,3,-0.19999999999999996,0.11584797501564026,-1.2475001811981201,1.5349204540252686,0.30075207352638245,1.711980938911438,0.01882410885360435,2048
benchmark-linear-d5-s11005-B400-diagnostic-c0.5-none,fixed,2,3,0.0,-0.2065642774105072,-1.960983157157898,1.5582069158554077,0.30075207352638245,1.711980938911438,0.023412935230192007,2048
benchmark-linear-d5-s11005-B400-diagnostic-c0.5-none,diagnostic,2,3,0.0,-0.003512752242386341,-1.5173784494400024,1.475334644317627,0.30075207352638245,1.711980938911438,0.02013913135690374,2048
benchmark-linear-d5-s11005-B400-diagnostic-c0.5-none,oracle,2,3,0.0,0.004475794732570648,-1.4359335899353027,1.4555213451385498,0.30075207352638245,1.711980938911438,0.019749699745019143,2048
benchmark-linear-d5-s11005-B400-diagnostic-c0.5-none,truth,2,3,0.0,0.006887691095471382,-1.356460452079773,1.4259601831436157,0.30075207352638245,1.711980938911438,0.01882410885360435,2048
benchmark-linear-d5-s11005-B400-diagnostic-c0.5-none,fixed,2,3,0.20000000000000018,-0.2065642774105072,-1.960983157157898,1.5582069158554077,0.30075207352638245,1.711980938911438,0.023412935230192007,2048
benchmark-linear-d5-s11005-B400-diagnostic-c0.5-none,diagnostic,2,3,0.20000000000000018,-0.11024510860443115,-1.6108468770980835,1.370983362197876,0.30075207352638245,1.711980938911438,0.02007084951104904,2048
benchmark-linear-d5-s11005-B400-diagnostic-c0.5-none,oracle,2,3,0.20000000000000018,-0.10247839242219925,-1.5350741147994995,1.3482627868652344,0.30075207352638245,1.711980938911438,0.019690288493686973,2048
benchmark-linear-d5-s11005-B400-diagnostic-c0.5-none,truth,2,3,0.20000000000000018,-0.1020725816488266,-1.4654207229614258,1.3169997930526733,0.30075207352638245,1.711980938911438,0.01882410885360435,2048
benchmark-linear-d5-s11005-B400-diagnostic-c0.5-none,fixed,2,3,0.40000000000000036,-0.2065642774105072,-1.960983157157898,1.5582069158554077,0.30075207352638245,1.711980938911438,0.023412935230192007,2048
benchmark-linear-d5-s11005-B400-diagnostic-c0.5-none,diagnostic,2,3,0.40000000000000036,-0.21645291149616241,-1.6986868381500244,1.2651327848434448,0.30075207352638245,1.711980938911438,0.019989490288354825,2048
benchmark-linear-d5-s11005-B400-diagnostic-c0.5-none,oracle,2,3,0.40000000000000036,-0.20885643362998962,-1.6255526542663574,1.2433569431304932,0.30075207352638245,1.711980938911438,0.01961680151204118,2048
benchmark-linear-d5-s11005-B400-diagnostic-c0.5-none,truth,2,3,0.40000000000000036,-0.21103285253047943,-1.5743809938430786,1.20803964138031,0.30075207352638245,1.711980938911438,0.01882410885360435,2048
benchmark-linear-d5-s11005-B400-diagnostic-c0.5-none,fixed,2,3,0.6000000000000001,-0.2065642774105072,-1.960983157157898,1.5582069158554077,0.30075207352638245,1.711980938911438,0.023412935230192007,2048
benchmark-linear-d5-s11005-B400-diagnostic-c0.5-none,diagnostic,2,3,0.6000000000000001,-0.3219098448753357,-1.7862430810928345,1.1588627099990845,0.30075207352638245,1.711980938911438,0.01989520647114694,2048
benchmark-linear-d5-s11005-B400-diagnostic-c0.5-none,oracle,2,3,0.6000000000000001,-0.31433218717575073,-1.7117760181427002,1.1375459432601929,0.30075207352638245,1.711980938911438,0.01952948509572775,2048
benchmark-linear-d5-s11005-B400-diagnostic-c0.5-none,truth,2,3,0.6000000000000001,-0.31999316811561584,-1.683341383934021,1.0990792512893677,0.30075207352638245,1.711980938911438,0.01882410885360435,2048
benchmark-linear-d5-s11005-B400-diagnostic-c0.5-none,fixed,2,3,0.8000000000000003,-0.2065642774105072,-1.960983157157898,1.5582069158554077,0.30075207352638245,1.711980938911438,0.023412935230192007,2048
benchmark-linear-d5-s11005-B400-diagnostic-c0.5-none,diagnostic,2,3,0.8000000000000003,-0.42639046907424927,-1.8728171586990356,1.057486653327942,0.30075207352638245,1.711980938911438,0.019788984559098343,2048
benchmark-linear-d5-s11005-B400-diagnostic-c0.5-none,oracle,2,3,0.8000000000000003,-0.41866254806518555,-1.799410343170166,1.0350682735443115,0.30075207352638245,1.711980938911438,0.019429041253192197,2048
benchmark-linear-d5-s11005-B400-diagnostic-c0.5-none,truth,2,3,0.8000000000000003,-0.4289534091949463,-1.7923015356063843,0.9901190400123596,0.30075207352638245,1.711980938911438,0.01882410885360435,2048
benchmark-linear-d5-s11005-B400-diagnostic-c0.5-none,fixed,2,3,1.0,-0.2065642774105072,-1.960983157157898,1.5582069158554077,0.30075207352638245,1.711980938911438,0.023412935230192007,2048
benchmark-linear-d5-s11005-B400-diagnostic-c0.5-none,diagnostic,2,3,1.0,-0.5296376943588257,-1.9519989490509033,0.9577367901802063,0.30075207352638245,1.711980938911438,0.019672190373518594,2048
benchmark-linear-d5-s11005-B400-diagnostic-c0.5-none,oracle,2,3,1.0,-0.5216414928436279,-1.8825855255126953,0.9347491264343262,0.30075207352638245,1.711980938911438,0.019316174627058053,2048
benchmark-linear-d5-s11005-B400-diagnostic-c0.5-none,truth,2,3,1.0,-0.5379136800765991,-1.901261806488037,0.881158709526062,0.30075207352638245,1.711980938911438,0.01882410885360435,2048
benchmark-linear-d5-s11005-B400-diagnostic-c0.5-none,fixed,2,3,1.2000000000000002,-0.2065642774105072,-1.960983157157898,1.5582069158554077,0.30075207352638245,1.711980938911438,0.023412935230192007,2048
benchmark-linear-d5-s11005-B400-diagnostic-c0.5-none,diagnostic,2,3,1.2000000000000002,-0.6313707828521729,-2.0365712642669678,0.8569498658180237,0.30075207352638245,1.711980938911438,0.019545053087896464,2048
benchmark-linear-d5-s11005-B400-diagnostic-c0.5-none,oracle,2,3,1.2000000000000002,-0.6230743527412415,-1.966094970703125,0.8332947492599487,0.30075207352638245,1.711980938911438,0.019190886534414343,2048
benchmark-linear-d5-s11005-B400-diagnostic-c0.5-none,truth,2,3,1.2000000000000002,-0.6468740701675415,-2.0102221965789795,0.7721983790397644,0.30075207352638245,1.711980938911438,0.01882410885360435,2048
benchmark-linear-d5-s11005-B400-diagnostic-c0.5-none,fixed,2,3,1.4000000000000004,-0.2065642774105072,-1.960983157157898,1.5582069158554077,0.30075207352638245,1.711980938911438,0.023412935230192007,2048
benchmark-linear-d5-s11005-B400-diagnostic-c0.5-none,diagnostic,2,3,1.4000000000000004,-0.731401801109314,-2.1173787117004395,0.7548375129699707,0.30075207352638245,1.711980938911438,0.019411186794491768,2048
benchmark-linear-d5-s11005-B400-diagnostic-c0.5-none,oracle,2,3,1.4000000000000004,-0.7227824926376343,-2.057769298553467,0.7283565998077393,0.30075207352638245,1.711980938911438,0.019053998838807023,2048
benchmark-linear-d5-s11005-B400-diagnostic-c0.5-none,truth,2,3,1.4000000000000004,-0.7558343410491943,-2.1191823482513428,0.6632381081581116,0.30075207352638245,1.711980938911438,0.01882410885360435,2048
benchmark-linear-d5-s11005-B400-diagnostic-c0.5-none,fixed,2,3,1.6,-0.2065642774105072,-1.960983157157898,1.5582069158554077,0.30075207352638245,1.711980938911438,0.023412935230192007,2048
benchmark-linear-d5-s11005-B400-diagnostic-c0.5-none,diagnostic,2,3,1.6,-0.829529881477356,-2.2160654067993164,0.645091712474823,0.30075207352638245,1.711980938911438,0.01927194809499095,2048
benchmark-linear-d5-s11005-B400-diagnostic-c0.5-none,oracle,2,3,1.6,-0.820655107498169,-2.1503167152404785,0.6233649849891663,0.30075207352638245,1.711980938911438,0.01890876738428356,2048
benchmark-linear-d5-s11005-B400-diagnostic-c0.5-none,truth,2,3,1.6,-0.8647944927215576,-2.228142738342285,0.5542778968811035,0.30075207352638245,1.711980938911438,0.018824107536515335,2048
benchmark-linear-d5-s11005-B400-diagnostic-c0.5-none,fixed,2,3,1.8000000000000003,-0.2065642774105072,-1.960983157157898,1.5582069158554077,0.30075207352638245,1.711980938911438,0.023412935230192007,2048
benchmark-linear-d5-s11005-B400-diagnostic-c0.5-none,diagnostic,2,3,1.8000000000000003,-0.9255861639976501,-2.320875644683838,0.5328745245933533,0.30075207352638245,1.711980938911438,0.01912638341694645,2048
benchmark-linear-d5-s11005-B400-diagnostic-c0.5-none,oracle,2,3,1.8000000000000003,-0.9165295362472534,-2.251387357711792,0.5165754556655884,0.30075207352638245,1.711980938911438,0.018757396977856684,2048
benchmark-linear-d5-s11005-B400-diagnostic-c0.5-none,truth,2,3,1.8000000000000003,-0.9737547636032104,-2.3371028900146484,0.4453175961971283,0.30075207352638245,1.711980938911438,0.01882410885360435,2048
benchmark-linear-d5-s11005-B400-diagnostic-c0.5-none,fixed,2,3,2.0,-0.2065642774105072,-1.960983157157898,1.5582069158554077,0.30075207352638245,1.711980938911438,0.023412935230192007,2048
benchmark-linear-d5-s11005-B400-diagnostic-c0.5-none,diagnostic,2,3,2.0,-1.019452452659607,-2.427103042602539,0.41527777910232544,0.30075207352638245,1.711980938911438,0.018977860556972093,2048
benchmark-linear-d5-s11005-B400-diagnostic-c0.5-none,oracle,2,3,2.0,-1.0102713108062744,-2.359710931777954,0.4086071848869324,0.30075207352638245,1.711980938911438,0.018602905070461973,2048
benchmark-linear-d5-s11005-B400-diagnostic-c0.5-none,truth,2,3,2.0,-1.0827150344848633,-2.446063280105591,0.33635738492012024,0.30075207352638245,1.711980938911438,0.018824107536515335,2048
benchmark-linear-d5-s11005-B400-diagnostic-c0.5-none,fixed,1,0,-2.0,-0.0401516929268837,-1.6212290525436401,1.461884617805481,0.3568127751350403,1.7748972177505493,0.020876244175955846,2048
benchmark-linear-d5-s11005-B400-diagnostic-c0.5-none,diagnostic,1,0,-2.0,-0.0401516929268837,-1.6212290525436401,1.461884617805481,0.3568127751350403,1.7748972177505493,0.020876244175955846,2048
benchmark-linear-d5-s11005-B400-diagnostic-c0.5-none,oracle,1,0,-2.0,-0.0045034922659397125,-1.629051923751831,1.6235185861587524,0.3568127751350403,1.7748972177505493,0.02122062212387131,2048
benchmark-linear-d5-s11005-B400-diagnostic-c0.5-none,truth,1,0,-2.0,-0.01063759159296751,-1.6676899194717407,1.6074458360671997,0.3568127751350403,1.7748972177505493,0.02175243237547079,2048
benchmark-linear-d5-s11005-B400-diagnostic-c0.5-none,fixed,1,0,-1.8,-0.0401516929268837,-1.6212290525436401,1.461884617805481,0.3568127751350403,1.7748972177505493,0.020876244175955846,2048
benchmark-linear-d5-s11005-B400-diagnostic-c0.5-none,diagnostic,1,0,-1.8,-0.0401516929268837,-1.6212290525436401,1.461884617805481,0.3568127751350403,1.7748972177505493,0.020876244175955846,2048
benchmark-linear-d5-s11005-B400-diagnostic-c0.5-none,oracle,1,0,-1.8,-0.0045034922659397125,-1.629051923751831,1.6235185861587524,0.3568127751350403,1.7748972177505493,0.02122062212387131,2048
benchmark-linear-d5-s11005-B400-diagnostic-c0.5-none,truth,1,0,-1.8,-0.01063759159296751,-1.6676899194717407,1.6074458360671997,0.3568127751350403,1.7748972177505493,0.02175243237547079,2048
benchmark-linear-d5-s11005-B400-diagnostic-c0.5-none,fixed,1,0,-1.6,-0.0401516929268837,-1.6212290525436401,1.461884617805481,0.3568127751350403,1.7748972177505493,0.020876244175955846,2048
benchmark-linear-d5-s11005-B400-diagnostic-c0.5-none,diagnostic,1,0,-1.6,-0.0401516929268837,-1.6212290525436401,1.461884617805481,0.3568127751350403,1.7748972177505493,0.020876244175955846,2048
benchmark-linear-d5-s11005-B400-diagnostic-c0.5-none,oracle,1,0,-1.6,-0.0045034922659397125,-1.629051923751831,1.6235185861587524,0.3568127751350403,1.7748972177505493,0.02122062212387131,2048
benchmark-linear-d5-s11005-B400-diagnostic-c0.5-none,truth,1,0,-1.6,-0.01063759159296751,-1.6676899194717407,1.6074458360671997,0.3568127751350403,1.7748972177505493,0.02175243237547079,2048
benchmark-linear-d5-s11005-B400-diagnostic-c0.5-none,fixed,1,0,-1.4,-0.0401516929268837,-1.6212290525436401,1.461884617805481,0.3568127751350403,1.7748972177505493,0.020876244175955846,2048
benchmark-linear-d5-s11005-B400-diagnostic-c0.5-none,diagnostic,1,0,-1.4,-0.0401516929268837,-1.6212290525436401,1.461884617805481,0.3568127751350403,1.7748972177505493,0.020876244175955846,2048
benchmark-linear-d5-s11005-B400-diagnostic-c0.5-none,oracle,1,0,-1.4,-0.0045034922659397125,-1.629051923751831,1.6235185861587524,0.3568127751350403,1.7748972177505493,0.02122062212387131,2048
benchmark-linear-d5-s11005-B400-diagnostic-c0.5-none,truth,1,0,-1.4,-0.01063759159296751,-1.6676899194717407,1.6074458360671997,0.3568127751350403,1.7748972177505493,0.02175243237547079,2048
benchmark-linear-d5-s11005-B400-diagnostic-c0.5-none,fixed,1,0,-1.2,-0.0401516929268837,-1.6212290525436401,1.461884617805481,0.3568127751350403,1.7748972177505493,0.020876244175955846,2048
benchmark-linear-d5-s11005-B400-diagnostic-c0.5-none,diagnostic,1,0,-1.2,-0.0401516929268837,-1.6212290525436401,1.461884617805481,0.3568127751350403,1.7748972177505493,0.020876244175955846,2048
benchmark-linear-d5-s11005-B400-diagnostic-c0.5-none,oracle,1,0,-1.2,-0.0045034922659397125,-1.629051923751831,1.6235185861587524,0.3568127751350403,1.7748972177505493,0.02122062212387131,2048
benchmark-linear-d5-s11005-B400-diagnostic-c0.5-none,truth,1,0,-1.2,-0.01063759159296751,-1.6676899194717407,1.6074458360671997,0.3568127751350403,1.7748972177505493,0.02175243237547079,2048
benchmark-linear-d5-s11005-B400-diagnostic-c0.5-none,fixed,1,0,-1.0,-0.0401516929268837,-1.6212290525436401,1.461884617805481,0.3568127751350403,1.7748972177505493,0.020876244175955846,2048
benchmark-linear-d5-s11005-B400-diagnostic-c0.5-none,diagnostic,1,0,-1.0,-0.0401516929268837,-1.6212290525436401,1.461884617805481,0.3568127751350403,1.7748972177505493,0.020876244175955846,2048
benchmark-linear-d5-s11005-B400-diagnostic-c0.5-none,oracle,1,0,-1.0,-0.0045034922659397125,-1.629051923751831,1.6235185861587524,0.3568127751350403,1.7748972177505493,0.02122062212387131,2048
benchmark-linear-d5-s11005-B400-diagnostic-c0.5-none,truth,1,0,-1.0,-0.01063759159296751,-1.6676899194717407,1.6074458360671997,0.3568127751350403,1.7748972177505493,0.02175243237547079,2048
benchmark-linear-d5-s11005-B400-diagnostic-c0.5-none,fixed,1,0,-0.7999999999999998,-0.0401516929268837,-1.6212290525436401,1.461884617805481,0.3568127751350403,1.7748972177505493,0.020876244175955846,2048
benchmark-linear-d5-s11005-B400-diagnostic-c0.5-none,diagnostic,1,0,-0.7999999999999998,-0.0401516929268837,-1.6212290525436401,1.461884617805481,0.3568127751350403,1.7748972177505493,0.020876244175955846,2048
benchmark-linear-d5-s11005-B400-diagnostic-c0.5-none,oracle,1,0,-0.7999999999999998,-0.0045034922659397125,-1.629051923751831,1.6235185861587524,0.3568127751350403,1.7748972177505493,0.02122062212387131,2048
benchmark-linear-d5-s11005-B400-diagnostic-c0.5-none,truth,1,0,-0.7999999999999998,-0.01063759159296751,-1.6676899194717407,1.6074458360671997,0.3568127751350403,1.7748972177505493,0.02175243237547079,2048
benchmark-linear-d5-s11005-B400-diagnostic-c0.5-none,fixed,1,0,-0.5999999999999999,-0.0401516929268837,-1.6212290525436401,1.461884617805481,0.3568127751350403,1.7748972177505493,0.020876244175955846,2048
benchmark-linear-d5-s11005-B400-diagnostic-c0.5-none,diagnostic,1,0,-0.5999999999999999,-0.0401516929268837,-1.6212290525436401,1.461884617805481,0.3568127751350403,1.7748972177505493,0.020876244175955846,2048
benchmark-linear-d5-s11005-B400-diagnostic-c0.5-none,oracle,1,0,-0.5999999999999999,-0.0045034922659397125,-1.629051923751831,1.6235185861587524,0.3568127751350403,1.7748972177505493,0.02122062212387131,2048
benchmark-linear-d5-s11005-B400-diagnostic-c0.5-none,truth,1,0,-0.5999999999999999,-0.01063759159296751,-1.6676899194717407,1.6074458360671997,0.3568127751350403,1.7748972177505493,0.02175243237547079,2048
benchmark-linear-d5-s11005-B400-diagnostic-c0.5-none,fixed,1,0,-0.3999999999999999,-0.0401516929268837,-1.6212290525436401,1.461884617805481,0.3568127751350403,1.7748972177505493,0.020876244175955846,2048
benchmark-linear-d5-s11005-B400-diagnostic-c0.5-none,diagnostic,1,0,-0.3999999999999999,-0.0401516929268837,-1.6212290525436401,1.461884617805481,0.3568127751350403,1.7748972177505493,0.020876244175955846,2048
benchmark-linear-d5-s11005-B400-diagnostic-c0.5-none,oracle,1,0,-0.3999999999999999,-0.0045034922659397125,-1.629051923751831,1.6235185861587524,0.3568127751350403,1.7748972177505493,0.02122062212387131,2048
benchmark-linear-d5-s11005-B400-diagnostic-c0.5-none,truth,1,0,-0.3999999999999999,-0.01063759159296751,-1.6676899194717407,1.6074458360671997,0.3568127751350403,1.7748972177505493,0.02175243237547079,2048
benchmark-linear-d5-s11005-B400-diagnostic-c0.5-none,fixed,1,0,-0.19999999999999996,-0.0401516929268837,-1.6212290525436401,1.461884617805481,0.3568127751350403,1.7748972177505493,0.020876244175955846,2048
benchmark-linear-d5-s11005-B400-diagnostic-c0.5-none,diagnostic,1,0,-0.19999999999999996,-0.0401516929268837,-1.6212290525436401,1.461884617805481,0.3568127751350403,1.7748972177505493,0.020876244175955846,2048
benchmark-linear-d5-s11005-B400-diagnostic-c0.5-none,oracle,1,0,-0.19999999999999996,-0.0045034922659397125,-1.629051923751831,1.6235185861587524,0.3568127751350403,1.7748972177505493,0.02122062212387131,2048
benchmark-linear-d5-s11005-B400-diagnostic-c0.5-none,truth,1,0,-0.19999999999999996,-0.01063759159296751,-1.6676899194717407,1.6074458360671997,0.3568127751350403,1.7748972177505493,0.02175243237547079,2048
benchmark-linear-d5-s11005-B400-diagnostic-c0.5-none,fixed,1,0,0.0,-0.0401516929268837,-1.6212290525436401,1.461884617805481,0.3568127751350403,1.7748972177505493,0.020876244175955846,2048
benchmark-linear-d5-s11005-B400-diagnostic-c0.5-none,diagnostic,1,0,0.0,-0.0401516929268837,-1.6212290525436401,1.461884617805481,0.3568127751350403,1.7748972177505493,0.020876244175955846,2048
benchmark-linear-d5-s11005-B400-diagnostic-c0.5-none,oracle,1,0,0.0,-0.0045034922659397125,-1.629051923751831,1.6235185861587524,0.3568127751350403,1.7748972177505493,0.02122062212387131,2048
benchmark-linear-d5-s11005-B400-diagnostic-c0.5-none,truth,1,0,0.0,-0.01063759159296751,-1.6676899194717407,1.6074458360671997,0.3568127751350403,1.7748972177505493,0.02175243237547079,2048
benchmark-linear-d5-s11005-B400-diagnostic-c0.5-none,fixed,1,0,0.20000000000000018,-0.0401516929268837,-1.6212290525436401,1.461884617805481,0.3568127751350403,1.7748972177505493,0.020876244175955846,2048
benchmark-linear-d5-s11005-B400-diagnostic-c0.5-none,diagnostic,1,0,0.20000000000000018,-0.0401516929268837,-1.6212290525436401,1.461884617805481,0.3568127751350403,1.7748972177505493,0.020876244175955846,2048
benchmark-linear-d5-s11005-B400-diagnostic-c0.5-none,oracle,1,0,0.20000000000000018,-0.0045034922659397125,-1.629051923751831,1.6235185861587524,0.3568127751350403,1.7748972177505493,0.02122062212387131,2048
benchmark-linear-d5-s11005-B400-diagnostic-c0.5-none,truth,1,0,0.20000000000000018,-0.01063759159296751,-1.6676899194717407,1.6074458360671997,0.3568127751350403,1.7748972177505493,0.02175243237547079,2048
benchmark-linear-d5-s11005-B400-diagnostic-c0.5-none,fixed,1,0,0.40000000000000036,-0.0401516929268837,-1.6212290525436401,1.461884617805481,0.3568127751350403,1.7748972177505493,0.020876244175955846,2048
benchmark-linear-d5-s11005-B400-diagnostic-c0.5-none,diagnostic,1,0,0.40000000000000036,-0.0401516929268837,-1.6212290525436401,1.461884617805481,0.3568127751350403,1.7748972177505493,0.020876244175955846,2048
benchmark-linear-d5-s11005-B400-diagnostic-c0.5-none,oracle,1,0,0.40000000000000036,-0.0045034922659397125,-1.629051923751831,1.6235185861587524,0.3568127751350403,1.7748972177505493,0.02122062212387131,2048
benchmark-linear-d5-s11005-B400-diagnostic-c0.5-none,truth,1,0,0.40000000000000036,-0.01063759159296751,-1.6676899194717407,1.6074458360671997,0.3568127751350403,1.7748972177505493,0.02175243237547079,2048
benchmark-linear-d5-s11005-B400-diagnostic-c0.5-none,fixed,1,0,0.6000000000000001,-0.0401516929268837,-1.6212290525436401,1.461884617805481,0.3568127751350403,1.7748972177505493,0.020876244175955846,2048
benchmark-linear-d5-s11005-B400-diagnostic-c0.5-none,diagnostic,1,0,0.6000000000000001,-0.0401516929268837,-1.6212290525436401,1.461884617805481,0.3568127751350403,1.7748972177505493,0.020876244175955846,2048
benchmark-linear-d5-s11005-B400-diagnostic-c0.5-none,oracle,1,0,0.6000000000000001,-0.0045034922659397125,-1.629051923751831,1.6235185861587524,0.3568127751350403,1.7748972177505493,0.02122062212387131,2048
benchmark-linear-d5-s11005-B400-diagnostic-c0.5-none,truth,1,0,0.6000000000000001,-0.01063759159296751,-1.6676899194717407,1.6074458360671997,0.3568127751350403,1.7748972177505493,0.02175243237547079,2048
benchmark-linear-d5-s11005-B400-diagnostic-c0.5-none,fixed,1,0,0.8000000000000003,-0.0401516929268837,-1.6212290525436401,1.461884617805481,0.3568127751350403,1.7748972177505493,0.020876244175955846,2048
benchmark-linear-d5-s11005-B400-diagnostic-c0.5-none,diagnostic,1,0,0.8000000000000003,-0.0401516929268837,-1.6212290525436401,1.461884617805481,0.3568127751350403,1.7748972177505493,0.020876244175955846,2048
benchmark-linear-d5-s11005-B400-diagnostic-c0.5-none,oracle,1,0,0.8000000000000003,-0.0045034922659397125,-1.629051923751831,1.6235185861587524,0.3568127751350403,1.7748972177505493,0.02122062212387131,2048
benchmark-linear-d5-s11005-B400-diagnostic-c0.5-none,truth,1,0,0.8000000000000003,-0.01063759159296751,-1.6676899194717407,1.6074458360671997,0.3568127751350403,1.7748972177505493,0.02175243237547079,2048
benchmark-linear-d5-s11005-B400-diagnostic-c0.5-none,fixed,1,0,1.0,-0.0401516929268837,-1.6212290525436401,1.461884617805481,0.3568127751350403,1.7748972177505493,0.020876244175955846,2048
benchmark-linear-d5-s11005-B400-diagnostic-c0.5-none,diagnostic,1,0,1.0,-0.0401516929268837,-1.6212290525436401,1.461884617805481,0.3568127751350403,1.7748972177505493,0.020876244175955846,2048
benchmark-linear-d5-s11005-B400-diagnostic-c0.5-none,oracle,1,0,1.0,-0.0045034922659397125,-1.629051923751831,1.6235185861587524,0.3568127751350403,1.7748972177505493,0.02122062212387131,2048
benchmark-linear-d5-s11005-B400-diagnostic-c0.5-none,truth,1,0,1.0,-0.01063759159296751,-1.6676899194717407,1.6074458360671997,0.3568127751350403,1.7748972177505493,0.02175243237547079,2048
benchmark-linear-d5-s11005-B400-diagnostic-c0.5-none,fixed,1,0,1.2000000000000002,-0.0401516929268837,-1.6212290525436401,1.461884617805481,0.3568127751350403,1.7748972177505493,0.020876244175955846,2048
benchmark-linear-d5-s11005-B400-diagnostic-c0.5-none,diagnostic,1,0,1.2000000000000002,-0.0401516929268837,-1.6212290525436401,1.461884617805481,0.3568127751350403,1.7748972177505493,0.020876244175955846,2048
benchmark-linear-d5-s11005-B400-diagnostic-c0.5-none,oracle,1,0,1.2000000000000002,-0.0045034922659397125,-1.629051923751831,1.6235185861587524,0.3568127751350403,1.7748972177505493,0.02122062212387131,2048
benchmark-linear-d5-s11005-B400-diagnostic-c0.5-none,truth,1,0,1.2000000000000002,-0.01063759159296751,-1.6676899194717407,1.6074458360671997,0.3568127751350403,1.7748972177505493,0.02175243237547079,2048
benchmark-linear-d5-s11005-B400-diagnostic-c0.5-none,fixed,1,0,1.4000000000000004,-0.0401516929268837,-1.6212290525436401,1.461884617805481,0.3568127751350403,1.7748972177505493,0.020876244175955846,2048
benchmark-linear-d5-s11005-B400-diagnostic-c0.5-none,diagnostic,1,0,1.4000000000000004,-0.0401516929268837,-1.6212290525436401,1.461884617805481,0.3568127751350403,1.7748972177505493,0.020876244175955846,2048
benchmark-linear-d5-s11005-B400-diagnostic-c0.5-none,oracle,1,0,1.4000000000000004,-0.0045034922659397125,-1.629051923751831,1.6235185861587524,0.3568127751350403,1.7748972177505493,0.02122062212387131,2048
benchmark-linear-d5-s11005-B400-diagnostic-c0.5-none,truth,1,0,1.4000000000000004,-0.01063759159296751,-1.6676899194717407,1.6074458360671997,0.3568127751350403,1.7748972177505493,0.02175243237547079,2048
benchmark-linear-d5-s11005-B400-diagnostic-c0.5-none,fixed,1,0,1.6,-0.0401516929268837,-1.6212290525436401,1.461884617805481,0.3568127751350403,1.7748972177505493,0.020876244175955846,2048
benchmark-linear-d5-s11005-B400-diagnostic-c0.5-none,diagnostic,1,0,1.6,-0.0401516929268837,-1.6212290525436401,1.461884617805481,0.3568127751350403,1.7748972177505493,0.020876244175955846,2048
benchmark-linear-d5-s11005-B400-diagnostic-c0.5-none,oracle,1,0,1.6,-0.0045034922659397125,-1.629051923751831,1.6235185861587524,0.3568127751350403,1.7748972177505493,0.02122062212387131,2048
benchmark-linear-d5-s11005-B400-diagnostic-c0.5-none,truth,1,0,1.6,-0.01063759159296751,-1.6676899194717407,1.6074458360671997,0.3568127751350403,1.7748972177505493,0.02175243237547079,2048
benchmark-linear-d5-s11005-B400-diagnostic-c0.5-none,fixed,1,0,1.8000000000000003,-0.0401516929268837,-1.6212290525436401,1.461884617805481,0.3568127751350403,1.7748972177505493,0.020876244175955846,2048
benchmark-linear-d5-s11005-B400-diagnostic-c0.5-none,diagnostic,1,0,1.8000000000000003,-0.0401516929268837,-1.6212290525436401,1.461884617805481,0.3568127751350403,1.7748972177505493,0.020876244175955846,2048
benchmark-linear-d5-s11005-B400-diagnostic-c0.5-none,oracle,1,0,1.8000000000000003,-0.0045034922659397125,-1.629051923751831,1.6235185861587524,0.3568127751350403,1.7748972177505493,0.02122062212387131,2048
benchmark-linear-d5-s11005-B400-diagnostic-c0.5-none,truth,1,0,1.8000000000000003,-0.01063759159296751,-1.6676899194717407,1.6074458360671997,0.3568127751350403,1.7748972177505493,0.02175243237547079,2048
benchmark-linear-d5-s11005-B400-diagnostic-c0.5-none,fixed,1,0,2.0,-0.0401516929268837,-1.6212290525436401,1.461884617805481,0.3568127751350403,1.7748972177505493,0.020876244175955846,2048
benchmark-linear-d5-s11005-B400-diagnostic-c0.5-none,diagnostic,1,0,2.0,-0.0401516929268837,-1.6212290525436401,1.461884617805481,0.3568127751350403,1.7748972177505493,0.020876244175955846,2048
benchmark-linear-d5-s11005-B400-diagnostic-c0.5-none,oracle,1,0,2.0,-0.0045034922659397125,-1.629051923751831,1.6235185861587524,0.3568127751350403,1.7748972177505493,0.02122062212387131,2048
benchmark-linear-d5-s11005-B400-diagnostic-c0.5-none,truth,1,0,2.0,-0.01063759159296751,-1.6676899194717407,1.6074458360671997,0.3568127751350403,1.7748972177505493,0.02175243237547079,2048
