run_id_method,study,d,family,seed,budget,method_method,corruption,metadata_variant,stage_method,graph_hash_method,candidate_count_method,wall_seconds_method,audit_pass_method,unique_parent_sets_method,new_parent_sets_method,optimizer_updates_method,peak_vram_bytes_method,canonical_optimizer_updates_method,canonical_fit_seconds_method,flow_peak_vram_bytes_method,llm_edit_attempts_method,llm_edit_invalid_attempts_method,llm_edit_rejected_graphs_method,realized_initial_shd_method,data_id_method,actual_non_test_intervention_rows_method,evaluation_artifact_method,evaluation_sha256_method,dcdi_discovery_seconds_method,data_initializer_seconds_method,llm_initialization_seconds_method,method_component_seconds_method,shd_method,precision_method,recall_method,f1_method,endpoint_method,actual_rows_method,blocks_method,coverage_50_method,coverage_90_method,energy_method,environment_count_method,generated_rows_method,mean_effect_rmse_method,mean_rmse_method,nll_method,sw1_method,variance_rmse_method,width_50_method,width_90_method,run_id_comparison,method_comparison,stage_comparison,graph_hash_comparison,candidate_count_comparison,wall_seconds_comparison,audit_pass_comparison,unique_parent_sets_comparison,new_parent_sets_comparison,optimizer_updates_comparison,peak_vram_bytes_comparison,canonical_optimizer_updates_comparison,canonical_fit_seconds_comparison,flow_peak_vram_bytes_comparison,llm_edit_attempts_comparison,llm_edit_invalid_attempts_comparison,llm_edit_rejected_graphs_comparison,realized_initial_shd_comparison,data_id_comparison,actual_non_test_intervention_rows_comparison,evaluation_artifact_comparison,evaluation_sha256_comparison,dcdi_discovery_seconds_comparison,data_initializer_seconds_comparison,llm_initialization_seconds_comparison,method_component_seconds_comparison,shd_comparison,precision_comparison,recall_comparison,f1_comparison,endpoint_comparison,actual_rows_comparison,blocks_comparison,coverage_50_comparison,coverage_90_comparison,energy_comparison,environment_count_comparison,generated_rows_comparison,mean_effect_rmse_comparison,mean_rmse_comparison,nll_comparison,sw1_comparison,variance_rmse_comparison,width_50_comparison,width_90_comparison,delta,outcome
benchmark-heteroscedastic-d5-s13001-B100-diagnostic-c0-none,controlled,5,heteroscedastic,13001,100,diagnostic,0.0,none,selected,bcca102637de4a2c1316158346bf097178257363edc91e1b9940757c10bc6bdd,7,2.733892997726798,True,12,0,0,110788096,5350,124.74191500619054,110788096,0,0,0,0.0,benchmark-heteroscedastic-d5-s13001-B100,300,runs/evaluation-57104beb23aa84c32bc2b0a78392a979c88a63462781e3307eb47c7476417888.json,b880250e30a42a5bce6737bcc9902b74ff54af8acc03951cd2ffdfba419b7aeb,0.0,0.0,0.0,2.733892997726798,0.0,1.0,1.0,1.0,T2,2048.0,0.0,0.52587890625,0.9027099609375,0.0182174046834309,3,2048.0,0.0735158682809958,0.0895902216434478,1.3172177076339722,0.0935546557108561,0.0937041789293289,1.299285848935445,3.2589073975880942,benchmark-heteroscedastic-d5-s13001-B100-fixed-c0-none,fixed,selected,bcca102637de4a2c1316158346bf097178257363edc91e1b9940757c10bc6bdd,1,0.4893676117062568,True,5,0,0,69539328,2650,61.301324766129255,69539328,0,0,0,0.0,benchmark-heteroscedastic-d5-s13001-B100,300,runs/evaluation-57104beb23aa84c32bc2b0a78392a979c88a63462781e3307eb47c7476417888.json,b880250e30a42a5bce6737bcc9902b74ff54af8acc03951cd2ffdfba419b7aeb,0.0,0.0,0.0,0.4893676117062568,0.0,1.0,1.0,1.0,T2,2048.0,0.0,0.52587890625,0.9027099609375,0.0182174046834309,3,2048.0,0.0735158682809958,0.0895902216434478,1.3172177076339722,0.0935546557108561,0.0937041789293289,1.299285848935445,3.2589073975880942,0.0,neutral
benchmark-heteroscedastic-d5-s13001-B400-diagnostic-c0-none,controlled,5,heteroscedastic,13001,400,diagnostic,0.0,none,selected,bcca102637de4a2c1316158346bf097178257363edc91e1b9940757c10bc6bdd,7,15.538205284625292,True,15,1,550,110556672,9050,219.5769514925778,110556672,0,0,0,0.0,benchmark-heteroscedastic-d5-s13001-B400,1200,runs/evaluation-102a9c4989dde63337cc63c46c0807595df4b1b16f02f9e9448c1a88cf2db015.json,d8755d81fd4b66c5c825d11e7ecc4f2906f54305b7426c5391bc9ed6cf64016c,0.0,0.0,0.0,15.538205284625292,0.0,1.0,1.0,1.0,T2,2048.0,0.0,0.4926350911458333,0.8964436848958334,0.0087733268737792,3,2048.0,0.06113594227479,0.061567855377992,1.2743170261383057,0.0655471310019493,0.0943458254138628,1.1973541180292766,3.1613879203796387,benchmark-heteroscedastic-d5-s13001-B400-fixed-c0-none,fixed,selected,bcca102637de4a2c1316158346bf097178257363edc91e1b9940757c10bc6bdd,1,0.4329339414834976,True,5,0,0,69399040,3350,80.4869020357728,69399040,0,0,0,0.0,benchmark-heteroscedastic-d5-s13001-B400,1200,runs/evaluation-102a9c4989dde63337cc63c46c0807595df4b1b16f02f9e9448c1a88cf2db015.json,d8755d81fd4b66c5c825d11e7ecc4f2906f54305b7426c5391bc9ed6cf64016c,0.0,0.0,0.0,0.4329339414834976,0.0,1.0,1.0,1.0,T2,2048.0,0.0,0.4926350911458333,0.8964436848958334,0.0087733268737792,3,2048.0,0.06113594227479,0.061567855377992,1.2743170261383057,0.0655471310019493,0.0943458254138628,1.1973541180292766,3.1613879203796387,0.0,neutral
benchmark-heteroscedastic-d5-s13002-B100-diagnostic-c0-none,controlled,5,heteroscedastic,13002,100,diagnostic,0.0,none,selected,a13763a0e50afff0aae1a27f684f7b02a0027cccb92ff25e33d8c6b0bf6201b0,7,13.766228938475251,True,13,1,500,110649856,6700,159.38582863099873,110649856,0,0,0,0.0,benchmark-heteroscedastic-d5-s13002-B100,300,runs/evaluation-e14e18d1e772650430577b86111c94b05c4699cf94adbd9ab6f1d3044c6a72ac.json,9b48fb0212a8d1f916de67b4fdb6d2531f06198ee9b0a64b0af5405d564bcd13,0.0,0.0,0.0,13.766228938475251,0.0,1.0,1.0,1.0,T2,2048.0,0.0,0.4989827473958333,0.8939208984375,0.0028294722239176,3,2048.0,0.0552986600284625,0.0854778997600078,1.3476699590682983,0.0868024180332819,0.1287165929873784,1.172761082649231,3.1392847696940103,benchmark-heteroscedastic-d5-s13002-B100-fixed-c0-none,fixed,selected,a13763a0e50afff0aae1a27f684f7b02a0027cccb92ff25e33d8c6b0bf6201b0,1,0.4335157535970211,True,5,0,0,69364224,3000,68.20619270205498,69364224,0,0,0,0.0,benchmark-heteroscedastic-d5-s13002-B100,300,runs/evaluation-e14e18d1e772650430577b86111c94b05c4699cf94adbd9ab6f1d3044c6a72ac.json,9b48fb0212a8d1f916de67b4fdb6d2531f06198ee9b0a64b0af5405d564bcd13,0.0,0.0,0.0,0.4335157535970211,0.0,1.0,1.0,1.0,T2,2048.0,0.0,0.4989827473958333,0.8939208984375,0.0028294722239176,3,2048.0,0.0552986600284625,0.0854778997600078,1.3476699590682983,0.0868024180332819,0.1287165929873784,1.172761082649231,3.1392847696940103,0.0,neutral
benchmark-heteroscedastic-d5-s13002-B400-diagnostic-c0-none,controlled,5,heteroscedastic,13002,400,diagnostic,0.0,none,selected,a13763a0e50afff0aae1a27f684f7b02a0027cccb92ff25e33d8c6b0bf6201b0,7,12.34843278117478,True,11,1,400,110470656,6150,145.03735624812543,110470656,0,0,0,0.0,benchmark-heteroscedastic-d5-s13002-B400,1200,runs/evaluation-b31e07c8cb927d7c616732ac858c804bdf22d9b1891b59e4525583c6fcb2ab72.json,56490247fb27713fab834594c00d64d402372e281e5dcf93d15aa3dc82f5b8e2,0.0,0.0,0.0,12.34843278117478,0.0,1.0,1.0,1.0,T2,2048.0,0.0,0.4921875,0.8957926432291666,0.0007634162902832,3,2048.0,0.054579794475662,0.0739485596617062,1.336994171142578,0.0756516680121421,0.1020553770164648,1.1618273258209229,3.131056149800618,benchmark-heteroscedastic-d5-s13002-B400-fixed-c0-none,fixed,selected,a13763a0e50afff0aae1a27f684f7b02a0027cccb92ff25e33d8c6b0bf6201b0,1,0.4546506181359291,True,5,0,0,69304832,3800,87.29722925275564,69304832,0,0,0,0.0,benchmark-heteroscedastic-d5-s13002-B400,1200,runs/evaluation-b31e07c8cb927d7c616732ac858c804bdf22d9b1891b59e4525583c6fcb2ab72.json,56490247fb27713fab834594c00d64d402372e281e5dcf93d15aa3dc82f5b8e2,0.0,0.0,0.0,0.4546506181359291,0.0,1.0,1.0,1.0,T2,2048.0,0.0,0.4921875,0.8957926432291666,0.0007634162902832,3,2048.0,0.054579794475662,0.0739485596617062,1.336994171142578,0.0756516680121421,0.1020553770164648,1.1618273258209229,3.131056149800618,0.0,neutral
benchmark-heteroscedastic-d5-s13003-B100-diagnostic-c0-none,controlled,5,heteroscedastic,13003,100,diagnostic,0.0,none,selected,488252b0d6a3fe15960f4389136dcb4cf7682ecb8a83bfec440dca4711e7accf,7,2.618372367694974,True,15,0,0,110456320,5500,142.41000447794795,110456320,0,0,0,0.0,benchmark-heteroscedastic-d5-s13003-B100,300,runs/evaluation-1f4e50a65a919f3b418ca9e61b6d6d0e29494739bbd84171b8e8f3ed9e97dc83.json,fc1da21ab9cbe53f226af2c89c4a6cbcebe4901a8e73bcc62af5fbef9b791442,0.0,0.0,0.0,2.618372367694974,0.0,1.0,1.0,1.0,T2,2048.0,0.0,0.5002848307291666,0.9090983072916666,0.0089415709177652,3,2048.0,0.1073651743388774,0.0757050377627213,1.2471729516983032,0.0854269464810689,0.1739154160022735,1.2737289269765215,3.330938577651977,benchmark-heteroscedastic-d5-s13003-B100-fixed-c0-none,fixed,selected,488252b0d6a3fe15960f4389136dcb4cf7682ecb8a83bfec440dca4711e7accf,1,0.47638083063066,True,5,0,0,69113856,1800,46.45883359014988,69113856,0,0,0,0.0,benchmark-heteroscedastic-d5-s13003-B100,300,runs/evaluation-1f4e50a65a919f3b418ca9e61b6d6d0e29494739bbd84171b8e8f3ed9e97dc83.json,fc1da21ab9cbe53f226af2c89c4a6cbcebe4901a8e73bcc62af5fbef9b791442,0.0,0.0,0.0,0.47638083063066,0.0,1.0,1.0,1.0,T2,2048.0,0.0,0.5002848307291666,0.9090983072916666,0.0089415709177652,3,2048.0,0.1073651743388774,0.0757050377627213,1.2471729516983032,0.0854269464810689,0.1739154160022735,1.2737289269765215,3.330938577651977,0.0,neutral
benchmark-heteroscedastic-d5-s13003-B400-diagnostic-c0-none,controlled,5,heteroscedastic,13003,400,diagnostic,0.0,none,selected,488252b0d6a3fe15960f4389136dcb4cf7682ecb8a83bfec440dca4711e7accf,10,21.47425208799541,False,15,2,800,111118336,7300,179.3150003142655,111118336,0,0,0,0.0,benchmark-heteroscedastic-d5-s13003-B400,1200,runs/evaluation-c61c1c79c2ac930c6f846b94aaa98b94f15d633bc26b9b1a10076fee1735f00f.json,9774c3e3f7f89d7db64e35905337a74eb3841cc2ac3bcd4844fe91729f100387,0.0,0.0,0.0,21.47425208799541,0.0,1.0,1.0,1.0,T2,2048.0,0.0,0.4924723307291667,0.900146484375,0.0110243956247965,3,2048.0,0.1046342866659725,0.0994360571106274,1.2194349765777588,0.0911091019709905,0.0705295167863369,1.2352871497472129,3.22877303759257,benchmark-heteroscedastic-d5-s13003-B400-fixed-c0-none,fixed,selected,488252b0d6a3fe15960f4389136dcb4cf7682ecb8a83bfec440dca4711e7accf,1,0.4661119934171438,True,5,0,0,69618176,2800,68.70031764172018,69618176,0,0,0,0.0,benchmark-heteroscedastic-d5-s13003-B400,1200,runs/evaluation-c61c1c79c2ac930c6f846b94aaa98b94f15d633bc26b9b1a10076fee1735f00f.json,9774c3e3f7f89d7db64e35905337a74eb3841cc2ac3bcd4844fe91729f100387,0.0,0.0,0.0,0.4661119934171438,0.0,1.0,1.0,1.0,T2,2048.0,0.0,0.4924723307291667,0.900146484375,0.0110243956247965,3,2048.0,0.1046342866659725,0.0994360571106274,1.2194349765777588,0.0911091019709905,0.0705295167863369,1.2352871497472129,3.22877303759257,0.0,neutral
benchmark-heteroscedastic-d5-s13004-B100-diagnostic-c0-none,controlled,5,heteroscedastic,13004,100,diagnostic,0.0,none,selected,0d0895cf2de82aab8cecfe1b4fdba9a8a2f008513ee505d6a8d588306a0e65af,12,16.297647323459387,True,18,1,500,111013376,6000,137.50167219527066,111013376,0,0,0,0.0,benchmark-heteroscedastic-d5-s13004-B100,300,runs/evaluation-1c8e274488f13ece285e3b69b4f33929f0335838c70681916e2c4913ba54ea7f.json,c9485d4f41e1c603d6a19b5ae64b6a99386abee42f64788a42c7d21bd5e28170,0.0,0.0,0.0,16.297647323459387,1.0,0.8333333333333334,1.0,0.9090909090909092,T2,2048.0,0.0,0.5137939453125,0.904541015625,-0.007068395614624,3,2048.0,0.0578448954765259,0.059639765570561,1.3333886861801147,0.0693469469745953,0.061859397838513,1.3357208967208862,3.281747659047445,benchmark-heteroscedastic-d5-s13004-B100-fixed-c0-none,fixed,selected,20bad2d7ae17ea9ca8aa95807011c1b64bd1e7edd3376ff3f5e91d00e9a0f484,1,0.4760734271258116,True,5,0,0,68957696,1600,35.98577722534537,68957696,0,0,0,0.0,benchmark-heteroscedastic-d5-s13004-B100,300,runs/evaluation-0a7cebfccfac808ef70146d5ee3155ed36e6f02174449d1b1d2cd19ec39c1831.json,fcbc5fbb5ac1894dbadde3139a7aadb25cf4337aef06bad3b8b7a1c274429de1,0.0,0.0,0.0,0.4760734271258116,0.0,1.0,1.0,1.0,T2,2048.0,0.0,0.5160725911458334,0.9048665364583334,-0.0067376295725504,3,2048.0,0.0549918771361839,0.0576546341180801,1.3360799551010132,0.0704043582081794,0.0708777531981468,1.3437854846318562,3.286741574605306,-0.0010574112335841046,neutral
benchmark-heteroscedastic-d5-s13004-B400-diagnostic-c0-none,controlled,5,heteroscedastic,13004,400,diagnostic,0.0,none,selected,e1aab728b274b2e6061c60088629ebda00334e9b7bc5b76eb81c589c76d418b7,10,3.856495551764965,True,15,0,0,111204352,8100,198.0696416106075,111204352,0,0,0,0.0,benchmark-heteroscedastic-d5-s13004-B400,1200,runs/evaluation-2c2064d725d9ba8e62b62f8cff33509892a1867ef728151cd871d4e3248c882d.json,e0c25c9b5a0c2140be583411de2604e039a2782317f46f7f60b902560048341a,0.0,0.0,0.0,3.856495551764965,1.0,0.8,0.8,0.8,T2,2048.0,0.0,0.5014241536458334,0.8974609375,0.0345824559529622,3,2048.0,0.1077384814637616,0.1609686588247617,1.328377604484558,0.1503738363583882,0.1035789350668589,1.3156143029530842,3.2749865849812827,benchmark-heteroscedastic-d5-s13004-B400-fixed-c0-none,fixed,selected,20bad2d7ae17ea9ca8aa95807011c1b64bd1e7edd3376ff3f5e91d00e9a0f484,1,0.4667787365615368,True,5,0,0,69563904,3200,77.86146232113242,69563904,0,0,0,0.0,benchmark-heteroscedastic-d5-s13004-B400,1200,runs/evaluation-8ad39ba2f14e21d92d71955a8b5bd5922ba13e026f42954d25c6a48fcefb85b7.json,f3f9bbb3909ca9dc47555d73d12b7acf50d4d6e331bb3a238f220cffa13d2276,0.0,0.0,0.0,0.4667787365615368,0.0,1.0,1.0,1.0,T2,2048.0,0.0,0.5043538411458334,0.9014892578125,0.0042833487192789,3,2048.0,0.0689607590323398,0.0949766635894775,1.3243035078048706,0.093295581638813,0.1023852700988451,1.3172022501627605,3.2733445167541504,0.057078254719575186,harmful
benchmark-heteroscedastic-d5-s13005-B100-diagnostic-c0-none,controlled,5,heteroscedastic,13005,100,diagnostic,0.0,none,selected,77b183e93525346dfb8ce20882db844d93b2ecdf360bfc6f8767f5a2f6f08ece,7,9.935128040611744,True,14,1,300,110879744,6900,168.44180759973824,110879744,0,0,0,0.0,benchmark-heteroscedastic-d5-s13005-B100,300,runs/evaluation-ae20795e09c09954016d321216e1e8510229cbfbbe9636ceb28106f97a2eb0ef.json,a05d6019695453a56c0bde729acf618f659e159e1321fc874d609a1328f35f98,0.0,0.0,0.0,9.935128040611744,0.0,1.0,1.0,1.0,T2,2048.0,0.0,0.5070393880208334,0.8995768229166666,0.0271022319793701,3,2048.0,0.0684126796051904,0.0701578098038832,1.2397266626358032,0.0787728130817413,0.1416124925017357,1.2223225831985474,3.086202700932821,benchmark-heteroscedastic-d5-s13005-B100-fixed-c0-none,fixed,selected,77b183e93525346dfb8ce20882db844d93b2ecdf360bfc6f8767f5a2f6f08ece,1,0.4703701063990593,True,5,0,0,69568512,2500,59.10179981775582,69568512,0,0,0,0.0,benchmark-heteroscedastic-d5-s13005-B100,300,runs/evaluation-ae20795e09c09954016d321216e1e8510229cbfbbe9636ceb28106f97a2eb0ef.json,a05d6019695453a56c0bde729acf618f659e159e1321fc874d609a1328f35f98,0.0,0.0,0.0,0.4703701063990593,0.0,1.0,1.0,1.0,T2,2048.0,0.0,0.5070393880208334,0.8995768229166666,0.0271022319793701,3,2048.0,0.0684126796051904,0.0701578098038832,1.2397266626358032,0.0787728130817413,0.1416124925017357,1.2223225831985474,3.086202700932821,0.0,neutral
benchmark-heteroscedastic-d5-s13005-B400-diagnostic-c0-none,controlled,5,heteroscedastic,13005,400,diagnostic,0.0,none,selected,77b183e93525346dfb8ce20882db844d93b2ecdf360bfc6f8767f5a2f6f08ece,7,2.563936553895473,True,13,0,0,110836736,5550,127.19620787538588,110836736,0,0,0,0.0,benchmark-heteroscedastic-d5-s13005-B400,1200,runs/evaluation-b3e8568432b1e1a70a92a98d887d4295248377edb7f60f332bdccd49eebdb416.json,2441fcfbf6ba85d6cb03422937ecf5a6b4d0608c5f5bc4c7b1833ac65fe3383c,0.0,0.0,0.0,2.563936553895473,0.0,1.0,1.0,1.0,T2,2048.0,0.0,0.5062255859375,0.9095458984375,0.0205046335856119,3,2048.0,0.059779447026855,0.0572498825689156,1.2154985666275024,0.0639824147025744,0.0943871214985847,1.2195297082265215,3.1651811599731445,benchmark-heteroscedastic-d5-s13005-B400-fixed-c0-none,fixed,selected,77b183e93525346dfb8ce20882db844d93b2ecdf360bfc6f8767f5a2f6f08ece,1,0.4466908778995275,True,5,0,0,69490176,2350,52.54125172831118,69490176,0,0,0,0.0,benchmark-heteroscedastic-d5-s13005-B400,1200,runs/evaluation-b3e8568432b1e1a70a92a98d887d4295248377edb7f60f332bdccd49eebdb416.json,2441fcfbf6ba85d6cb03422937ecf5a6b4d0608c5f5bc4c7b1833ac65fe3383c,0.0,0.0,0.0,0.4466908778995275,0.0,1.0,1.0,1.0,T2,2048.0,0.0,0.5062255859375,0.9095458984375,0.0205046335856119,3,2048.0,0.059779447026855,0.0572498825689156,1.2154985666275024,0.0639824147025744,0.0943871214985847,1.2195297082265215,3.1651811599731445,0.0,neutral
